ema,tp_r,scenario,official,trades,win_rate_%,profit_factor,expectancy_R,expectancy_R_gross,t_stat_R,net_$,max_dd_%,sample_flag
20,1.5,A,False,2736,41.0,1.031,0.0225,0.0225,0.96,14174.0,-25.5,OK
20,1.5,B,False,2736,41.0,0.846,-0.0904,0.0225,-3.82,-36319.0,-72.89,OK
20,1.5,C,False,2745,41.0,0.73,-0.1748,0.0228,-7.05,-45433.0,-91.05,OK
20,2.0,A,False,2309,34.3,1.031,0.0261,0.0261,0.88,13524.0,-25.84,OK
20,2.0,B,False,2309,34.3,0.868,-0.0867,0.0261,-2.9,-32744.0,-68.26,OK
20,2.0,C,False,2309,34.3,0.757,-0.1781,0.0261,-5.72,-43984.0,-88.64,OK
20,2.5,A,False,1977,29.3,1.024,0.0246,0.0246,0.69,9909.0,-25.86,OK
20,2.5,B,False,1977,29.3,0.884,-0.0872,0.0246,-2.42,-29947.0,-63.04,OK
20,2.5,C,False,1977,29.3,0.782,-0.1817,0.0246,-4.87,-42030.0,-85.2,OK
50,1.5,A,False,2825,40.3,1.005,0.0066,0.0066,0.29,1856.0,-27.09,OK
50,1.5,B,False,2825,40.3,0.811,-0.108,0.0066,-4.62,-39616.0,-80.45,OK
50,1.5,C,False,2892,40.3,0.691,-0.1954,0.0058,-7.98,-46930.0,-94.02,OK
50,2.0,A,True,2337,33.2,0.981,-0.0071,-0.0071,-0.24,-6638.0,-42.61,OK
50,2.0,B,True,2337,33.2,0.82,-0.121,-0.0071,-4.09,-38451.0,-79.23,OK
50,2.0,C,True,2407,33.1,0.713,-0.2147,-0.0085,-7.0,-46278.0,-92.95,OK
50,2.5,A,False,2096,28.5,0.987,-0.003,-0.003,-0.09,-4605.0,-42.94,OK
50,2.5,B,False,2096,28.5,0.839,-0.1172,-0.003,-3.36,-36019.0,-75.1,OK
50,2.5,C,False,2107,28.5,0.736,-0.2148,-0.0033,-5.91,-44830.0,-90.13,OK
100,1.5,A,False,2788,40.4,1.008,0.0088,0.0088,0.38,3425.0,-25.93,OK
100,1.5,B,False,2788,40.4,0.827,-0.1036,0.0088,-4.41,-38507.0,-78.09,OK
100,1.5,C,False,2823,40.3,0.711,-0.1904,0.0069,-7.7,-46474.0,-93.11,OK
100,2.0,A,False,2346,33.6,1.002,0.0058,0.0058,0.2,699.0,-31.41,OK
100,2.0,B,False,2346,33.6,0.843,-0.1045,0.0058,-3.55,-36007.0,-74.58,OK
100,2.0,C,False,2370,33.5,0.734,-0.1945,0.0045,-6.39,-45070.0,-90.52,OK
100,2.5,A,False,2038,28.7,0.993,0.0002,0.0002,0.0,-2886.0,-37.92,OK
100,2.5,B,False,2038,28.7,0.862,-0.1091,0.0002,-3.1,-34328.0,-70.42,OK
100,2.5,C,False,2038,28.7,0.767,-0.2018,0.0002,-5.53,-43442.0,-87.63,OK
