variante,coste,periodo,riesgo_medio_usd,n,ops_año,neto,neto_año,pf,esperanza,acierto,gan_media,perd_media,ratio_gp,R_medio,dd_max,dd_recuperacion_dias,sharpe,sortino,exposicion,coste_medio,dur_mediana_min,top10_ops_pct,top5pct_ops_pct,mejor_dia,mejor_año_pct,años_pos,racha_perdedora,ic90_bajo,ic90_alto
immediate 2R_1500,bajo,desarrollo,15.0,988,250.98387096774195,834.5,211.98991935483872,1.0665390902204681,0.8446356275303644,0.3734817813765182,36.24932249322493,-20.29368932038835,1.7862361998814342,-0.19819403080817058,1462.0,1004.0,0.32202217937701894,0.6645192690730287,0.06916442652329749,2.3385627530364372,25.0,2.7765128819652487,6.230077890952666,669.5,1.4068304373876572,2/4,11.0,,
immediate 2R_1500,bajo,validacion,26.0,740,251.65991902834006,806.5,274.27530364372467,1.0548900837133328,1.0898648648648648,0.3689189189189189,56.77472527472528,-31.46252676659529,1.8045189344107198,0.005258354990334981,1185.5,,0.3526924006263109,0.6248250070692682,0.06719148298095666,2.3324324324324324,26.0,2.2095474271543707,5.610043397396156,319.5,0.5933044017358958,3/3,11.0,,
immediate 2R_1500,bajo,prueba,47.5,431,251.41666666666669,-199.5,-116.375,0.9865891368647486,-0.462877030162413,0.3619489559164733,94.0801282051282,-54.094545454545454,1.7391795681910631,-0.018611846280171714,2354.5,,-0.08547803864641978,-0.13861884186642034,0.07672753772290809,2.3526682134570764,29.0,,,402.5,,1/2,12.0,,
immediate 2R_1500,bajo,FM 2022-2026,31.5,1171,,,,1.0205282559437248,0.5183603757472246,,,,,,,,,,,,,,,,,,,-3.27034585824082,3.8434457728437237
immediate 2R_1500,base,desarrollo,15.5,988,250.98387096774195,-17.0,-4.318548387096774,0.9987179003733172,-0.01720647773279352,0.36538461538461536,36.68282548476454,-21.2152,1.7290822374884303,-0.2100946350594074,1820.0,,-0.006536425801168259,-0.013094928036114334,0.0711301523297491,3.188259109311741,26.0,,,670.5,,2/4,11.0,,
immediate 2R_1500,base,validacion,26.5,740,251.65991902834006,64.5,21.935222672064775,1.0042063388548323,0.08716216216216216,0.3581081081081081,58.10754716981132,-32.282105263157895,1.7999924941737562,-0.04066128775729913,1545.5,,0.02786747264610067,0.04852630738546533,0.06849602639076323,3.177027027027027,27.0,27.782945736434108,70.37984496124031,320.5,3.7906976744186047,1/3,11.0,,
immediate 2R_1500,base,prueba,48.0,431,251.41666666666669,-543.0,-316.75,0.9641607814665699,-1.259860788863109,0.3619489559164733,93.64102564102564,-55.094545454545454,1.699642403226325,-0.03183197638826989,2389.5,,-0.2336951995657856,-0.37269083214847043,0.07757630315500685,3.2122969837587005,30.0,,,339.5,,1/2,12.0,,
immediate 2R_1500,base,FM 2022-2026,32.0,1171,,,,0.984303755945547,-0.40862510674637065,,,,,,,,,,,,,,,,,,,-4.150597779675491,2.8353970964987196
immediate 2R_1500,alto,desarrollo,16.0,988,250.98387096774195,-837.5,-212.75201612903226,0.9403468784500872,-0.8476720647773279,0.3491902834008097,38.266666666666666,-21.93671875,1.7444116006030603,-0.24585758306016303,2316.0,,-0.31817741509290354,-0.623979364084581,0.0735121714456392,4.055161943319838,27.0,,,671.5,,1/4,16.0,,
immediate 2R_1500,alto,validacion,27.0,740,251.65991902834006,-529.0,-179.90283400809716,0.9667452459531668,-0.7148648648648649,0.3527027027027027,58.92145593869732,-33.2098121085595,1.774218286634356,-0.07221979725713706,1972.5,,-0.22568995131097114,-0.38728950732529177,0.06976308292097766,4.027702702702703,27.0,,,321.5,,1/3,11.0,,
immediate 2R_1500,alto,prueba,48.5,431,251.41666666666669,-944.0,-550.6666666666667,0.9390141482007882,-2.1902552204176335,0.35962877030162416,93.7741935483871,-56.083333333333336,1.6720509993768873,-0.051871076649994664,2576.0,,-0.4038590307794723,-0.6393575175334056,0.0778335048010974,4.075406032482599,30.0,,,340.5,,0/2,23.0,,
immediate 2R_1500,alto,FM 2022-2026,32.5,1171,,,,0.9530689946314498,-1.2578992314261315,,,,,,,,,,,,,,,,,,,-5.157280102476516,2.086528608027328
immediate 2R_1525,bajo,desarrollo,15.0,988,250.98387096774195,596.5,151.53024193548387,1.0460724492160347,0.603744939271255,0.36639676113360325,37.41298342541437,-20.7152,1.8060643114917727,-0.19952125777713772,1448.0,1004.0,0.2273684094283544,0.4611687878777402,0.07221102150537634,2.3360323886639676,25.0,3.884325230511316,8.787091366303438,669.5,1.7468566638725902,2/4,11.0,,
immediate 2R_1525,bajo,validacion,26.0,740,251.65991902834006,567.0,192.82591093117406,1.038412031705169,0.7662162162162162,0.3675675675675676,56.35294117647059,-31.54059829059829,1.7866795251397762,-0.0015688068409239855,1209.0,,0.2477268930071208,0.4378329597622044,0.06885340130954166,2.329054054054054,26.0,3.142857142857143,8.066137566137566,319.5,0.7962962962962963,3/3,11.0,,
immediate 2R_1525,bajo,prueba,47.5,431,251.41666666666669,-1564.0,-912.3333333333334,0.9004043684528926,-3.62877030162413,0.3433874709976798,95.53716216216216,-55.68617021276596,1.715635350700782,-0.0511139558239268,2475.5,,-0.6477223139172962,-0.9754781143942447,0.07998113854595336,2.348027842227378,29.0,,,402.5,,0/2,12.0,,
immediate 2R_1525,bajo,FM 2022-2026,31.5,1171,,,,0.9672733837745573,-0.8514090520922288,,,,,,,,,,,,,,,,,,,-4.784884713919727,2.6157984628522635
immediate 2R_1525,base,desarrollo,15.5,988,250.98387096774195,-343.0,-87.13306451612904,0.9750681446483737,-0.347165991902834,0.35728744939271256,38.0014164305949,-21.733807266982623,1.7484933018765452,-0.21239214418513627,1800.0,,-0.12992503363780109,-0.25440923293252565,0.07445863201911589,3.1831983805668016,26.0,,,670.5,,2/4,11.0,,
immediate 2R_1525,base,validacion,26.5,740,251.65991902834006,-181.0,-61.55465587044534,0.9882490423943388,-0.2445945945945946,0.3567567567567568,57.65909090909091,-32.359243697478995,1.7818429703776713,-0.04747223907783346,1565.5,,-0.07814416517211914,-0.1357373598954017,0.0702204228520018,3.17027027027027,27.0,,,320.5,,1/3,11.0,,
immediate 2R_1525,base,prueba,48.0,431,251.41666666666669,-1792.0,-1045.3333333333335,0.8879054201982923,-4.157772621809745,0.3433874709976798,95.90878378378379,-56.48939929328622,1.6978191480818698,-0.062349126590368516,2685.5,,-0.7369251477698026,-1.1060571571357039,0.0810570987654321,3.1983758700696057,30.0,,,403.5,,0/2,12.0,,
immediate 2R_1525,base,FM 2022-2026,32.0,1171,,,,0.9371445865655713,-1.6848847139197267,,,,,,,,,,,,,,,,,,,-5.620367207514944,1.7737830913748938
immediate 2R_1525,alto,desarrollo,16.0,988,250.98387096774195,-1208.5,-306.99798387096774,0.9170128755364807,-1.2231781376518218,0.3431174089068826,39.392330383480825,-22.472993827160494,1.7528741691670782,-0.251999012233166,2297.0,,-0.4524615628247813,-0.8678601083109615,0.07707213261648746,4.046052631578948,27.0,,,671.5,,1/4,16.0,,
immediate 2R_1525,alto,validacion,27.0,740,251.65991902834006,-779.0,-264.9230769230769,0.9512454625109525,-1.0527027027027027,0.35,58.683397683397686,-33.21829521829522,1.766598716091769,-0.07899515946928277,2120.0,,-0.33223013622626507,-0.5685220626811824,0.07160993652221723,4.017567567567568,27.0,,,321.5,,0/3,11.0,,
immediate 2R_1525,alto,prueba,48.5,431,251.41666666666669,-2206.0,-1286.8333333333335,0.8650062723740171,-5.1183294663573085,0.33874709976798145,96.81849315068493,-57.33859649122807,1.6885396412780471,-0.08325935351427083,3084.5,,-0.9016574909128815,-1.3461034376382386,0.08142575445816186,4.054524361948956,30.0,,,404.5,,0/2,23.0,,
immediate 2R_1525,alto,FM 2022-2026,32.5,1171,,,,0.9076408979099305,-2.5491033304867634,,,,,,,,,,,,,,,,,,,-6.554782237403929,1.01368488471392
immediate cierre,bajo,desarrollo,15.0,988,250.98387096774195,3011.0,764.8911290322582,1.1529163809959118,3.0475708502024292,0.08906882591093117,257.97159090909093,-21.878333333333334,11.791190260185461,-0.027030846006234156,2423.5,252.0,0.4514423356152507,1.7349946762498742,0.2065449522102748,2.5,51.0,2.570906675523082,6.359515111258718,1115.5,0.795582862836267,3/4,78.0,,
immediate cierre,bajo,validacion,26.0,740,251.65991902834006,-605.5,-205.91902834008096,0.9729512407585267,-0.8182432432432433,0.07162162162162163,410.9433962264151,-32.5844250363901,12.611650988700148,0.08718073561509943,3947.0,,-0.09907258025185818,-0.3684960413357813,0.18688708951866848,2.5,49.0,,,1126.5,,2/3,49.0,,
immediate cierre,bajo,prueba,47.5,431,251.41666666666669,8051.0,4696.416666666667,1.3733970271085036,18.679814385150813,0.12064965197215777,569.4711538461538,-56.89050131926121,10.009951409117747,0.45509146883592316,2633.5,260.0,1.2207089051102489,4.402742709410704,0.21712534293552813,2.5,54.0,1.4290150291889205,2.3207055024220593,2101.0,0.9123711340206185,2/2,42.0,,
immediate cierre,bajo,FM 2022-2026,31.5,1171,,,,1.1694199831615355,6.358240819812126,,,,,,,,,,,,,,,,,,,-3.466353543979505,16.215093936806152
immediate cierre,base,desarrollo,15.5,988,250.98387096774195,2023.0,513.9072580645162,1.0982491925888151,2.0475708502024292,0.08906882591093117,256.97159090909093,-22.878333333333334,11.232094015112883,-0.06856837227470156,2614.0,1007.0,0.3033107492481592,1.1361654588591599,0.2065449522102748,3.5,51.0,3.8215521502718737,9.441176470588236,1114.5,1.0615422639644092,3/4,78.0,,
immediate cierre,base,validacion,26.5,740,251.65991902834006,-1345.5,-457.57894736842104,0.9416838227326905,-1.8182432432432432,0.07162162162162163,409.9433962264151,-33.5844250363901,12.206354456931289,0.04342688324427708,4397.0,,-0.22015217654083183,-0.7992998679959274,0.18688708951866848,3.5,49.0,,,1125.5,,1/3,49.0,,
immediate cierre,base,prueba,48.0,431,251.41666666666669,7620.0,4445.0,1.3473029329322486,17.679814385150813,0.12064965197215777,568.4711538461538,-57.89050131926121,9.81976560733312,0.42458415625823676,2699.5,260.0,1.1553606410877102,4.121344271477862,0.21712534293552813,3.5,54.0,1.5085301837270342,2.4492125984251967,2100.0,0.9395669291338583,2/2,42.0,,
immediate cierre,base,FM 2022-2026,32.0,1171,,,,1.1393930642258903,5.358240819812126,,,,,,,,,,,,,,,,,,,-4.466353543979505,15.215093936806152
immediate cierre,alto,desarrollo,16.0,988,250.98387096774195,1035.0,262.9233870967742,1.048160815243945,1.0475708502024292,0.08906882591093117,255.9715909090909,-23.878333333333334,10.719826519540346,-0.11659559229366984,3248.0,1197.0,0.15517884177650731,0.5666651770029467,0.2065449522102748,4.5,51.0,7.459903381642512,18.406280193236714,1113.5,1.8352657004830917,1/4,78.0,,
immediate cierre,alto,validacion,27.0,740,251.65991902834006,-2085.5,-709.2388663967611,0.9122245838506703,-2.818243243243243,0.07162162162162163,408.9433962264151,-34.5844250363901,11.8244960208568,0.001773759503706241,4847.0,,-0.3412317208373519,-1.2098509186768502,0.18688708951866848,4.5,49.0,,,1124.5,,1/3,49.0,,
immediate cierre,alto,prueba,48.5,431,251.41666666666669,7189.0,4193.583333333334,1.3220950290105065,16.679814385150813,0.12064965197215777,567.4711538461538,-58.89050131926121,9.636038769134268,0.39506386938544125,2765.5,266.0,1.090012240467954,3.845788983493292,0.21712534293552813,4.5,54.0,1.597579635554319,2.593128390596745,2099.0,0.9700236472388372,2/2,42.0,,
immediate cierre,alto,FM 2022-2026,32.5,1171,,,,1.1107554417413572,4.358240819812126,,,,,,,,,,,,,,,,,,,-5.466353543979505,14.215093936806152
close 2R_1500,bajo,desarrollo,19.5,986,250.47580645161293,-401.0,-101.86693548387098,0.9730646515533166,-0.4066937119675456,0.3742393509127789,39.25880758807588,-24.16801948051948,1.624411450831553,-0.09350518574921882,1503.5,1000.0,-0.15539001823609982,-0.271436279506864,0.09095168757467144,2.373732251521298,44.0,,,435.5,,1/4,12.0,,
close 2R_1500,bajo,validacion,36.0,738,250.97975708502022,-437.5,-148.78542510121457,0.9761229056377231,-0.5928184281842819,0.3780487804878049,64.10573476702508,-39.91938997821351,1.605879618952383,-0.03624839815098222,2238.5,,-0.1574027655335661,-0.2631914867428664,0.08841155595541561,2.363821138211382,45.0,,,411.5,,2/3,11.0,,
close 2R_1500,bajo,prueba,60.5,431,251.41666666666669,239.0,139.41666666666669,1.0138414316325939,0.5545243619489559,0.37122969837587005,109.4125,-63.95185185185185,1.7108574158800023,-0.034406324464756805,2238.0,,0.08542879476029185,0.1426984292966907,0.09589763374485596,2.3781902552204177,46.0,12.192468619246862,23.077405857740587,368.5,1.297071129707113,1/2,19.0,,
close 2R_1500,bajo,FM 2022-2026,42.5,1169,,,,0.9944225906153414,-0.169803250641574,,,,,,,,,,,,,,,,,,,-4.484067579127459,4.071514114627887
close 2R_1500,base,desarrollo,20.0,986,250.47580645161293,-1339.5,-340.2762096774194,0.9142308307987834,-1.3585192697768762,0.36004056795131845,40.219718309859154,-24.90829346092504,1.6147119180586962,-0.14007095515189927,1972.5,,-0.5141850873026407,-0.8812915785353809,0.09237604540023894,3.2586206896551726,46.0,,,436.5,,1/4,12.0,,
close 2R_1500,base,validacion,36.5,738,250.97975708502022,-1152.5,-391.94331983805665,0.9390017995130729,-1.5616531165311653,0.37262872628726285,64.51454545454546,-40.80777537796976,1.580937575180192,-0.06815902440891045,2775.0,,-0.4109334076272653,-0.6788294643418599,0.08935122707052531,3.2357723577235773,46.0,,,412.5,,1/3,11.0,,
close 2R_1500,base,prueba,61.0,431,251.41666666666669,0.5,0.2916666666666667,1.0000285095221804,0.001160092807424594,0.3689095127610209,110.30503144654088,-64.71586715867159,1.704451107424597,-0.04360419723552107,2344.5,,0.0001777042074881742,0.0002954071546307428,0.09627914951989026,3.2587006960556844,46.0,5848.0,11069.0,369.5,347.0,1/2,19.0,,
close 2R_1500,base,FM 2022-2026,43.0,1169,,,,0.9683794466403162,-0.9854576561163387,,,,,,,,,,,,,,,,,,,-5.293006843455945,3.2789136013686915
close 2R_1500,alto,desarrollo,20.5,986,250.47580645161293,-1986.5,-504.63508064516134,0.8780502777863041,-2.014705882352941,0.3539553752535497,40.98280802292263,-25.65275590551181,1.597598642963619,-0.17060427815054863,2388.5,,-0.7531214855412501,-1.272274941607046,0.09320116487455198,4.145537525354969,46.5,,,437.5,,1/4,16.0,,
close 2R_1500,alto,validacion,37.0,738,250.97975708502022,-1933.5,-657.5465587044534,0.900621916118421,-2.619918699186992,0.36449864498644985,65.13940520446097,-41.48400852878465,1.570229288697173,-0.10193034709135498,3330.5,,-0.6849628172579173,-1.1160698892062413,0.09041335532563603,4.117886178861789,47.0,,,413.5,,0/3,11.0,,
close 2R_1500,alto,prueba,61.5,431,251.41666666666669,-547.0,-319.08333333333337,0.9693626078189761,-1.2691415313225058,0.35962877030162416,111.65806451612903,-64.92363636363636,1.7198368848401189,-0.05747109956058708,2841.0,,-0.1948413271341222,-0.31963765281177503,0.09681927297668039,4.1415313225058,47.0,,,370.5,,1/2,19.0,,
close 2R_1500,alto,FM 2022-2026,43.5,1169,,,,0.9335164835164835,-2.1218990590248077,,,,,,,,,,,,,,,,,,,-6.292600513259195,1.9598160821214714
close 2R_1525,bajo,desarrollo,19.5,986,250.47580645161293,-582.0,-147.84677419354838,0.962973566179979,-0.59026369168357,0.36511156186612576,42.045833333333334,-25.230337078651687,1.666479254805908,-0.0927939847498903,1379.5,1005.0,-0.21630607112825415,-0.3705350901913128,0.09848043608124253,2.366632860040568,44.5,,,435.5,,1/4,15.0,,
close 2R_1525,bajo,validacion,36.0,738,250.97975708502022,-724.5,-246.3886639676113,0.961381626289278,-0.9817073170731707,0.35907859078590787,68.06037735849057,-39.66279069767442,1.7159755065465228,-0.04125126911024324,2458.0,,-0.2572895672959382,-0.4317695961724907,0.09380966661668416,2.355013550135501,46.0,,,411.5,,2/3,11.0,,
close 2R_1525,bajo,prueba,60.5,431,251.41666666666669,-955.0,-557.0833333333334,0.9491953717249634,-2.2157772621809744,0.3503480278422274,118.16225165562913,-67.13392857142857,1.7600973780330447,-0.05753331175598592,2937.0,,-0.3207456606581536,-0.5105375449759519,0.10315072016460905,2.3665893271461718,47.0,,,391.5,,0/2,19.0,,
close 2R_1525,bajo,FM 2022-2026,42.5,1169,,,,0.9552824964055594,-1.4366980325064158,,,,,,,,,,,,,,,,,,,-5.9237382378100945,3.0601368691189057
close 2R_1525,base,desarrollo,20.0,986,250.47580645161293,-1528.5,-388.2883064516129,0.9074449725998365,-1.5502028397565923,0.35598377281947263,42.6951566951567,-26.00708661417323,1.6416739532789066,-0.13874379621412133,1837.5,,-0.562280459424088,-0.9463850216769187,0.1001101403823178,3.242393509127789,46.0,,,436.5,,1/4,15.0,,
close 2R_1525,base,validacion,36.5,738,250.97975708502022,-1448.0,-492.4372469635627,0.9251524863020779,-1.962059620596206,0.3509485094850949,69.10424710424711,-40.47280334728033,1.7074242797389703,-0.0729520064718147,3021.0,,-0.5099377153985077,-0.844854831975884,0.09494177038036687,3.2222222222222223,46.0,,,412.5,,1/3,12.0,,
close 2R_1525,base,prueba,61.0,431,251.41666666666669,-1156.0,-674.3333333333334,0.9394050583147687,-2.6821345707656614,0.3503480278422274,118.68543046357615,-68.13392857142857,1.7419431544909618,-0.06515199225540484,3091.0,,-0.38589198574544026,-0.612335856923581,0.10353652263374485,3.2331786542923435,48.0,,,390.5,,0/2,19.0,,
close 2R_1525,base,FM 2022-2026,43.0,1169,,,,0.9322289744557367,-2.2275449101796405,,,,,,,,,,,,,,,,,,,-6.679512403763901,2.281073567151413
close 2R_1525,alto,desarrollo,20.5,986,250.47580645161293,-2163.5,-549.5987903225807,0.8742151162790698,-2.1942190669371198,0.3509127789046653,43.45809248554913,-26.917057902973397,1.614518668503831,-0.16973079262762977,2413.5,,-0.7859143286268464,-1.3059827460271303,0.10109953703703704,4.122718052738337,47.0,,,437.5,,1/4,16.0,,
close 2R_1525,alto,validacion,37.0,738,250.97975708502022,-2225.0,-756.6801619433198,0.888448811791838,-3.0149051490514904,0.3428184281842818,70.04347826086956,-41.210743801652896,1.6996412051669942,-0.10646381489738764,3596.0,,-0.7777409920385037,-1.271598277481301,0.09616634178037686,4.097560975609756,47.0,,,413.5,,0/3,12.0,,
close 2R_1525,alto,prueba,61.5,431,251.41666666666669,-1852.5,-1080.625,0.9050146131364405,-4.2981438515081205,0.3433874709976798,119.26013513513513,-68.91519434628975,1.7305346994433288,-0.08271660852313815,3740.5,,-0.6189561695349242,-0.9675677438405098,0.10425240054869685,4.110208816705336,48.0,,,389.5,,0/2,19.0,,
close 2R_1525,alto,FM 2022-2026,43.5,1169,,,,0.8966386980658572,-3.4880239520958085,,,,,,,,,,,,,,,,,,,-7.765248075278015,0.7640718562874258
close cierre,bajo,desarrollo,19.5,986,250.47580645161293,2943.0,747.616935483871,1.1203361069654285,2.9847870182555782,0.10953346855983773,253.69907407407408,-27.854783599088837,9.107917610330057,0.035209460551388516,2713.5,996.0,0.40392643015928076,1.367864227192042,0.23673461768219833,2.5,74.5,2.629289840299015,7.219843696907917,1104.0,0.7179748555895344,2/4,44.0,,
close cierre,bajo,validacion,36.0,738,250.97975708502022,-2034.5,-691.8947368421052,0.9289257641921398,-2.7567750677506777,0.09078590785907859,396.8731343283582,-42.723880597014926,9.289257641921397,-0.015664415582344212,6444.0,,-0.30481742756665575,-0.9480167943002976,0.21783875643524767,2.5,65.0,,,1095.5,,1/3,49.0,,
close cierre,bajo,prueba,60.5,431,251.41666666666669,6982.0,4072.8333333333335,1.2648810652907925,16.19953596287703,0.14849187935034802,520.953125,-71.82288828337875,7.253302358776889,0.31617685454639916,3540.0,356.0,1.0146124377498702,3.1516113017176033,0.2509044924554184,2.5,71.0,1.6102119736465197,2.668934402749928,2101.5,1.0968203953022058,1/2,27.0,,
close cierre,bajo,FM 2022-2026,42.5,1169,,,,1.0899807216644841,4.232249786142002,,,,,,,,,,,,,,,,,,,-5.9770958083832335,14.602245508982037
close cierre,base,desarrollo,20.0,986,250.47580645161293,1957.0,497.1411290322581,1.0772464425980381,1.984787018255578,0.10851926977687627,255.0607476635514,-28.854783599088837,8.839461463561474,-0.019648382503722816,3270.5,1002.0,0.26859833276514905,0.8909196062949466,0.23673461768219833,3.5,74.5,3.948901379662749,10.832396525293817,1103.0,0.9529892692897292,2/4,44.0,,
close cierre,base,validacion,36.5,738,250.97975708502022,-2772.5,-942.8744939271254,0.9053625068268706,-3.7567750677506777,0.09078590785907859,395.8731343283582,-43.6602086438152,9.067137941504928,-0.04638750387294666,6893.0,,-0.4153874536224512,-1.268658224700284,0.21783875643524767,3.5,65.0,,,1094.5,,1/3,49.0,,
close cierre,base,prueba,61.0,431,251.41666666666669,6551.0,3821.416666666667,1.2451171144204145,15.19953596287703,0.14849187935034802,519.953125,-72.82288828337875,7.139968453004565,0.2939020282913508,3627.5,410.0,0.951980787356694,2.9300221006953424,0.2509044924554184,3.5,71.0,1.7146237215692262,2.841321935582354,2100.5,1.1405892230193864,1/2,27.0,,
close cierre,base,FM 2022-2026,43.0,1169,,,,1.0674467173610367,3.2322497861420016,,,,,,,,,,,,,,,,,,,-6.9770958083832335,13.602245508982037
close cierre,alto,desarrollo,20.5,986,250.47580645161293,971.0,246.66532258064518,1.037041982184752,0.9847870182555781,0.10851926977687627,254.0607476635514,-29.821956769055745,8.519251423742029,-0.0706621436567661,3827.5,1086.0,0.13326987866191972,0.43303359033664757,0.23673461768219833,4.5,74.5,7.9485066941297635,21.781668383110194,1102.0,1.6652935118434604,2/4,44.0,,
close cierre,alto,validacion,37.0,738,250.97975708502022,-3510.5,-1193.8542510121456,0.8828544732539126,-4.756775067750677,0.09078590785907859,394.8731343283582,-44.6602086438152,8.841721664975752,-0.07598815134965267,7342.0,,-0.5259572335845352,-1.5778291246034024,0.21783875643524767,4.5,65.0,,,1093.5,,1/3,49.0,,
close cierre,alto,prueba,61.5,431,251.41666666666669,6120.0,3570.0,1.2258886059129666,14.19953596287703,0.14849187935034802,518.953125,-73.82288828337875,7.029704974532167,0.27216176776306955,3792.5,410.0,0.8893490335755115,2.712336150186967,0.2509044924554184,4.5,71.0,1.8337418300653594,3.0379901960784315,2099.5,1.1905228758169935,1/2,27.0,,
close cierre,alto,FM 2022-2026,43.5,1169,,,,1.045732562215212,2.2322497861420016,,,,,,,,,,,,,,,,,,,-7.9770958083832335,12.602245508982037
retest 2R_1500,bajo,desarrollo,6.5,425,107.96370967741936,-411.5,-104.5342741935484,0.8732871439568899,-0.9682352941176471,0.3058823529411765,21.815384615384616,-11.008474576271187,1.9816900574406349,-0.4687315135722234,780.0,,-0.46182462068222707,-0.8065578756714342,0.010071311230585423,2.3505882352941176,6.0,,,160.5,,1/4,11.0,,
retest 2R_1500,bajo,validacion,13.0,278,94.54251012145748,56.0,19.044534412955464,1.0188298587760591,0.2014388489208633,0.3489208633093525,31.237113402061855,-16.430939226519335,1.9011155096749146,-0.15623427020313768,240.0,383.0,0.06951837245345922,0.12774916167969458,0.007199980006997551,2.327338129496403,5.0,16.071428571428573,18.830357142857142,144.5,0.8035714285714286,2/3,7.0,,
retest 2R_1500,bajo,prueba,20.0,172,100.33333333333334,-1062.0,-619.5,0.6706976744186046,-6.174418604651163,0.28488372093023256,44.142857142857146,-26.21951219512195,1.6835880398671097,-0.3214575274565497,1303.5,,-1.5361999798033512,-2.2150230032681235,0.007617455418381345,2.363372093023256,5.0,,,173.5,,0/2,15.0,,
retest 2R_1500,bajo,FM 2022-2026,15.0,450,,,,0.8377157606065494,-2.2355555555555555,,,,,,,,,,,,,,,,,,,-4.654555555555556,0.23116666666666685
retest 2R_1500,base,desarrollo,7.0,425,107.96370967741936,-716.0,-181.88709677419357,0.8016070933776669,-1.6847058823529413,0.2823529411764706,24.108333333333334,-11.832786885245902,2.03741802900157,-0.5513721617138698,974.5,,-0.7808909399527881,-1.3322473934295818,0.010687350657108722,3.224705882352941,6.0,,,161.5,,1/4,17.0,,
retest 2R_1500,base,validacion,13.5,278,94.54251012145748,-136.5,-46.421052631578945,0.9573370839193625,-0.4910071942446043,0.3345323741007194,32.935483870967744,-17.294594594594596,1.9043802206998068,-0.21743886181075522,359.0,,-0.1652807560157711,-0.2963797599927265,0.007434897785774979,3.1690647482014387,5.0,,,145.5,,1/3,7.0,,
retest 2R_1500,base,prueba,20.5,172,100.33333333333334,-1178.5,-687.4583333333334,0.6495688373476063,-6.851744186046512,0.27906976744186046,45.510416666666664,-27.120967741935484,1.6780528298146495,-0.35132880084787305,1366.5,,-1.6751481605941205,-2.3979759150775544,0.0077589163237311385,3.2325581395348837,5.0,,,174.5,,0/2,15.0,,
retest 2R_1500,base,FM 2022-2026,15.5,450,,,,0.7996190476190477,-2.922222222222222,,,,,,,,,,,,,,,,,,,-5.391222222222222,-0.3721111111111107
retest 2R_1500,alto,desarrollo,7.5,425,107.96370967741936,-989.0,-251.23790322580646,0.7498419122296699,-2.327058823529412,0.27058823529411763,25.778260869565216,-12.753225806451614,2.0213129807930232,-0.6037390661759026,1146.5,,-1.048168080540059,-1.749091685486032,0.011350059737156512,4.104705882352941,7.0,,,162.5,,1/4,17.0,,
retest 2R_1500,alto,validacion,14.0,278,94.54251012145748,-503.0,-171.06072874493927,0.8559770937723694,-1.8093525179856116,0.30935251798561153,34.76162790697674,-18.190104166666668,1.9110186279569175,-0.31332770606452587,661.5,,-0.5965981898713794,-1.0335362299117934,0.008029689608636977,4.0413669064748206,6.0,,,146.5,,0/3,10.0,,
retest 2R_1500,alto,prueba,21.0,172,100.33333333333334,-1281.0,-747.25,0.6336860165856448,-7.4476744186046515,0.27325581395348836,47.148936170212764,-27.976,1.6853351504937362,-0.3830239127756108,1452.0,,-1.7884621973254342,-2.5445360736891365,0.007866083676268861,4.107558139534884,5.0,,,175.5,,0/2,15.0,,
retest 2R_1500,alto,FM 2022-2026,16.0,450,,,,0.744759997138565,-3.9644444444444447,,,,,,,,,,,,,,,,,,,-6.470055555555556,-1.3910555555555555
retest 2R_1525,bajo,desarrollo,6.5,425,107.96370967741936,-348.0,-88.40322580645162,0.892476440599413,-0.8188235294117647,0.31058823529411766,21.882575757575758,-11.046075085324231,1.9810272507244546,-0.46567420379159663,732.0,,-0.38800849301189594,-0.6825003588152014,0.010304659498207885,2.3505882352941176,6.0,,,160.5,,1/4,11.0,,
retest 2R_1525,bajo,validacion,13.0,278,94.54251012145748,75.5,25.676113360323885,1.0253866845998656,0.2715827338129496,0.3489208633093525,31.438144329896907,-16.430939226519335,1.9133504114698523,-0.15420111411930912,240.0,383.0,0.09355478395859586,0.1722332447645882,0.007262458139651122,2.327338129496403,5.0,11.920529801324504,13.966887417218542,144.5,0.5960264900662252,3/3,7.0,,
retest 2R_1525,bajo,prueba,20.0,172,100.33333333333334,-1067.0,-622.4166666666667,0.6724984653161449,-6.203488372093023,0.27906976744186046,45.645833333333336,-26.274193548387096,1.7372877020667077,-0.3221839152906368,1339.0,,-1.5337759300658644,-2.2164695858663856,0.00783179012345679,2.363372093023256,5.0,,,173.5,,0/2,15.0,,
retest 2R_1525,bajo,FM 2022-2026,15.0,450,,,,0.8409017971758665,-2.203333333333333,,,,,,,,,,,,,,,,,,,-4.641222222222222,0.3090000000000004
retest 2R_1525,base,desarrollo,7.0,425,107.96370967741936,-652.5,-165.7560483870968,0.8185483870967742,-1.535294117647059,0.28705882352941176,24.12704918032787,-11.867986798679867,2.0329521417239556,-0.5483587904551384,926.5,,-0.7073892235885443,-1.2149430676199915,0.010920698924731184,3.224705882352941,6.0,,,161.5,,1/4,17.0,,
retest 2R_1525,base,validacion,13.5,278,94.54251012145748,-117.0,-39.78947368421052,0.9634317862165963,-0.420863309352518,0.3345323741007194,33.145161290322584,-17.294594594594596,1.9165040908609712,-0.21543475081383848,359.0,,-0.14143223761454954,-0.25403979427947987,0.00749737591842855,3.1690647482014387,5.0,,,145.5,,1/3,7.0,,
retest 2R_1525,base,prueba,20.5,172,100.33333333333334,-1183.5,-690.375,0.6516043567853989,-6.880813953488372,0.27325581395348836,47.09574468085106,-27.176,1.732990310599465,-0.3520466004900913,1402.0,,-1.672067860851765,-2.3983308704851214,0.007973251028806584,3.2325581395348837,5.0,,,174.5,,0/2,15.0,,
retest 2R_1525,base,FM 2022-2026,15.5,450,,,,0.8028499962101114,-2.89,,,,,,,,,,,,,,,,,,,-5.361888888888888,-0.2988333333333331
retest 2R_1525,alto,desarrollo,7.5,425,107.96370967741936,-925.5,-235.1068548387097,0.7650120604290974,-2.1776470588235295,0.2752941176470588,25.752136752136753,-12.787337662337663,2.0138779026680513,-0.6007679013144237,1098.5,,-0.9755354667204793,-1.638105594326188,0.011583408004778972,4.104705882352941,7.0,,,162.5,,1/4,17.0,,
retest 2R_1525,alto,validacion,14.0,278,94.54251012145748,-483.5,-164.42914979757083,0.8615604867573371,-1.7392086330935252,0.30935251798561153,34.98837209302326,-18.190104166666668,1.9234838774117295,-0.3113518219830586,661.5,,-0.5725723911385698,-0.9934687219927478,0.008092167741290549,4.0413669064748206,6.0,,,146.5,,0/3,10.0,,
retest 2R_1525,alto,prueba,21.0,172,100.33333333333334,-1286.0,-750.1666666666667,0.6359003397508494,-7.476744186046512,0.26744186046511625,48.82608695652174,-28.03174603174603,1.7418139741001528,-0.3837333192644325,1487.5,,-1.7849274626837515,-2.543950226641414,0.008080418381344307,4.107558139534884,5.0,,,175.5,,0/2,15.0,,
retest 2R_1525,alto,FM 2022-2026,16.0,450,,,,0.7480959498896719,-3.9322222222222223,,,,,,,,,,,,,,,,,,,-6.4704999999999995,-1.297666666666666
retest cierre,bajo,desarrollo,6.5,425,107.96370967741936,1273.0,323.383064516129,1.273881239242685,2.9952941176470587,0.04941176470588235,281.95238095238096,-11.504950495049505,24.507048602573562,-0.2603658165176139,1191.5,869.0,0.3577424648928971,2.091219313894516,0.04404121863799283,2.5,9.0,3.8275726630007854,4.65121759622938,1104.5,1.0439905734485468,2/4,50.0,,
retest cierre,bajo,validacion,13.0,278,94.54251012145748,2597.5,883.3603238866397,1.5842987290518502,9.343525179856115,0.05755395683453238,440.1875,-16.967557251908396,25.942891688224048,0.3651092278335681,1426.5,952.0,0.7330275305253149,4.673430358123548,0.04151796871095117,2.5,9.0,2.3707410972088545,2.631183830606352,833.5,0.8744947064485081,2/3,55.0,,
retest cierre,bajo,prueba,20.0,172,100.33333333333334,-27.5,-16.041666666666668,0.9935800163417766,-0.15988372093023256,0.040697674418604654,608.0,-25.96060606060606,23.42010038519902,-0.10072680265161107,2069.0,595.0,-0.011560192991532705,-0.05059318979394983,0.03125,2.5,9.5,,,1112.0,,1/2,47.0,,
retest cierre,bajo,FM 2022-2026,15.0,450,,,,1.2944208958643602,5.711111111111111,,,,,,,,,,,,,,,,,,,-4.265944444444444,16.153444444444442
retest cierre,base,desarrollo,7.0,425,107.96370967741936,848.0,215.4193548387097,1.1678543151227236,1.9952941176470589,0.04941176470588235,280.95238095238096,-12.504950495049505,22.467292538551447,-0.3797243150979572,1370.5,1086.0,0.23835259300117229,1.3263877255153151,0.04404121863799283,3.5,9.0,5.734080188679245,6.9575471698113205,1103.5,1.4540094339622642,2/4,50.0,,
retest cierre,base,validacion,13.5,278,94.54251012145748,2319.5,788.8178137651821,1.4927243759957514,8.343525179856115,0.05755395683453238,439.1875,-17.967557251908396,24.44336165693043,0.27873135339932853,1590.5,952.0,0.6548104535827532,4.002532835942081,0.04151796871095117,3.5,9.0,2.6505712438025437,2.9409355464539773,832.5,0.9383487820651002,2/3,55.0,,
retest cierre,base,prueba,20.5,172,100.33333333333334,-199.5,-116.375,0.955153422501967,-1.1598837209302326,0.040697674418604654,607.0,-26.96060606060606,22.51433067326065,-0.1445767799093414,2185.0,,-0.08386220611142048,-0.3580716615102978,0.03125,3.5,9.5,,,1111.0,,1/2,47.0,,
retest cierre,base,FM 2022-2026,15.5,450,,,,1.2315421581476627,4.711111111111111,,,,,,,,,,,,,,,,,,,-5.265944444444444,15.153444444444446
retest cierre,alto,desarrollo,7.5,425,107.96370967741936,423.0,107.45564516129033,1.0775293255131966,0.9952941176470588,0.04941176470588235,279.95238095238096,-13.504950495049505,20.7296117860634,-0.4807168775826572,1549.5,1086.0,0.1189086672308701,0.6304953813260515,0.04404121863799283,4.5,9.0,11.47163120567376,13.898345153664303,1102.5,2.6879432624113475,2/4,50.0,,
retest cierre,alto,validacion,14.0,278,94.54251012145748,2041.5,694.2753036437247,1.4108059160881377,7.343525179856115,0.05755395683453238,438.1875,-18.967557251908396,23.101946875943256,0.19955863736191648,1754.5,954.0,0.5765135339881307,3.382431398089203,0.04151796871095117,4.5,9.0,3.00661278471712,3.3350477590007346,831.5,1.0195934361988734,2/3,55.0,,
retest cierre,alto,prueba,21.0,172,100.33333333333334,-371.5,-216.70833333333334,0.9194754524764279,-2.1598837209302326,0.040697674418604654,606.0,-27.96060606060606,21.673349951230087,-0.18720635244106396,2301.0,,-0.1561563123247025,-0.6507016348068146,0.03125,4.5,9.5,,,1110.0,,1/2,47.0,,
retest cierre,alto,FM 2022-2026,16.0,450,,,,1.1742669310236877,3.7111111111111112,,,,,,,,,,,,,,,,,,,-6.265944444444444,14.153444444444446
