,zona_ruido,rsi2,cartera
2015-01,-62.0,0.0,-62.0
2015-02,-140.5,0.0,-140.5
2015-03,177.5,0.0,177.5
2015-04,-114.5,0.0,-114.5
2015-05,33.0,0.0,33.0
2015-06,60.0,0.0,60.0
2015-07,-91.5,0.0,-91.5
2015-08,189.5,0.0,189.5
2015-09,-243.0,0.0,-243.0
2015-10,-252.5,0.0,-252.5
2015-11,165.5,-182.49999999999977,-16.999999999999773
2015-12,162.5,468.00000000000136,630.5000000000014
2016-01,-231.0,-470.5000000000023,-701.5000000000023
2016-02,5.0,0.0,5.0
2016-03,84.0,0.0,84.0
2016-04,-62.5,-18.500000000000966,-81.00000000000097
2016-05,8.5,0.0,8.5
2016-06,-371.0,-155.4999999999966,-526.4999999999966
2016-07,-58.5,0.0,-58.5
2016-08,-155.5,12.999999999997787,-142.50000000000222
2016-09,210.0,323.49999999999693,533.4999999999969
2016-10,-249.0,34.00000000000164,-214.99999999999835
2016-11,50.5,6.999999999996845,57.499999999996845
2016-12,54.5,46.99999999999915,101.49999999999915
2017-01,-230.0,111.99999999999824,-118.00000000000176
2017-02,-28.0,0.0,-28.0
2017-03,97.0,92.49999999999817,189.49999999999818
2017-04,-235.0,-13.499999999999817,-248.49999999999983
2017-05,77.0,248.00000000000014,325.0000000000001
2017-06,344.0,-96.50000000000053,247.4999999999995
2017-07,-41.0,-193.49999999999724,-234.49999999999724
2017-08,192.5,546.0000000000028,738.5000000000028
2017-09,-119.5,-20.49999999999857,-139.99999999999858
2017-10,-27.0,-15.50000000000241,-42.50000000000241
2017-11,94.5,94.50000000000114,189.00000000000114
2017-12,-171.5,-20.99999999999848,-192.49999999999847
2018-01,85.0,118.000000000003,203.000000000003
2018-02,385.0,-639.5000000000028,-254.50000000000284
2018-03,785.0,-46.49999999999599,738.500000000004
2018-04,440.0,74.49999999999612,514.4999999999961
2018-05,-315.5,71.49999999999984,-244.00000000000017
2018-06,-140.5,0.0,-140.5
2018-07,636.0,94.99999999999973,730.9999999999998
2018-08,9.5,270.0000000000023,279.5000000000023
2018-09,-214.5,-33.499999999998636,-247.99999999999864
2018-10,959.5,-964.5000000000006,-5.000000000000568
2018-11,487.0,0.0,487.0
2018-12,815.0,0.0,815.0
2019-01,20.0,0.0,20.0
2019-02,-24.0,0.0,-24.0
2019-03,56.0,0.0,56.0
2019-04,-257.0,0.0,-257.0
2019-05,-179.5,-527.5000000000005,-707.0000000000005
2019-06,455.0,84.00000000000105,539.000000000001
2019-07,-227.0,509.0000000000002,282.0000000000002
2019-08,122.0,-30.499999999999204,91.5000000000008
2019-09,-142.0,-211.50000000000188,-353.5000000000019
2019-10,-193.5,661.4999999999977,467.9999999999977
2019-11,-125.5,221.50000000000122,96.00000000000122
2019-12,-130.5,171.49999999999847,40.999999999998465
2020-01,345.0,544.0000000000053,889.0000000000053
2020-02,747.5,0.0,747.5
2020-03,-243.5,-2016.0000000000068,-2259.500000000007
2020-04,233.0,634.0000000000007,867.0000000000007
2020-05,-615.5,0.0,-615.5
2020-06,531.0,1372.999999999996,1903.999999999996
2020-07,52.5,1513.9999999999973,1566.4999999999973
2020-08,85.5,499.9999999999974,585.4999999999974
2020-09,237.0,-643.0000000000005,-406.00000000000045
2020-10,605.0,-369.49999999999864,235.50000000000136
2020-11,-142.5,-207.49999999998965,-349.99999999998965
2020-12,-384.5,231.49999999999363,-153.00000000000637
2021-01,263.5,991.9999999999981,1255.4999999999982
2021-02,-772.0,-772.4999999999882,-1544.4999999999882
2021-03,735.0,1111.0000000000114,1846.0000000000114
2021-04,218.0,565.4999999999992,783.4999999999992
2021-05,181.5,-205.00000000000276,-23.500000000002757
2021-06,355.5,479.0000000000005,834.5000000000005
2021-07,219.0,319.49999999999966,538.4999999999997
2021-08,-202.0,453.00000000000557,251.00000000000557
2021-09,-415.0,-78.00000000000807,-493.0000000000081
2021-10,-13.5,717.0000000000089,703.5000000000089
2021-11,-254.0,442.50000000000176,188.50000000000176
2021-12,1097.0,1056.9999999999923,2153.9999999999923
2022-01,457.5,-1169.9999999999968,-712.4999999999968
2022-02,878.5,0.0,878.5
2022-03,136.0,0.0,136.0
2022-04,1681.0,0.0,1681.0
2022-05,1140.5,0.0,1140.5
2022-06,452.0,0.0,452.0
2022-07,352.5,0.0,352.5
2022-08,566.5,0.0,566.5
2022-09,-368.0,0.0,-368.0
2022-10,627.5,0.0,627.5
2022-11,258.0,0.0,258.0
2022-12,-937.5,0.0,-937.5
2023-01,461.0,0.0,461.0
2023-02,-203.0,-235.49999999999625,-438.49999999999625
2023-03,276.0,1061.9999999999877,1337.9999999999877
2023-04,429.5,12.500000000001847,442.0000000000018
2023-05,791.5,500.0000000000011,1291.5000000000011
2023-06,736.0,1252.5000000000064,1988.5000000000064
2023-07,187.5,363.4999999999934,550.9999999999934
2023-08,1077.0,-1197.4999999999984,-120.49999999999841
2023-09,-42.5,-566.5000000000125,-609.0000000000125
2023-10,-181.0,-884.0000000000058,-1065.000000000006
2023-11,223.5,668.5000000000052,892.0000000000052
2023-12,-540.0,120.99999999999956,-419.00000000000045
2024-01,462.0,617.499999999997,1079.499999999997
2024-02,-192.5,2016.0000000000045,1823.5000000000045
2024-03,-154.5,0.0,-154.5
2024-04,1099.5,-989.5000000000013,109.99999999999875
2024-05,-358.5,559.5000000000076,201.00000000000762
2024-06,-230.0,522.5000000000011,292.50000000000114
2024-07,1192.0,-355.99999999999204,836.000000000008
2024-08,-931.0,316.49999999999727,-614.5000000000027
2024-09,873.5,539.000000000003,1412.500000000003
2024-10,501.0,918.999999999998,1419.999999999998
2024-11,189.0,203.99999999999608,392.9999999999961
2024-12,253.5,0.0,253.5
2025-01,154.0,999.0000000000059,1153.000000000006
2025-02,566.5,-2483.4999999999736,-1916.9999999999736
2025-03,703.0,0.0,703.0
2025-04,3775.5,0.0,3775.5
2025-05,-529.5,665.9999999999969,136.49999999999693
2025-06,93.5,184.49999999999568,277.9999999999957
2025-07,-697.5,0.0,-697.5
2025-08,322.0,1610.4999999999966,1932.4999999999966
2025-09,-958.5,346.4999999999943,-612.0000000000057
2025-10,625.5,1043.5000000000257,1669.0000000000257
2025-11,451.0,-1624.000000000013,-1173.000000000013
2025-12,-621.5,819.4999999999876,197.9999999999876
2026-01,-1870.5,161.00000000001558,-1709.4999999999845
2026-02,457.0,-557.9999999999959,-100.99999999999591
2026-03,1103.5,582.9999999999957,1686.4999999999957
2026-04,-258.0,0.0,-258.0
2026-05,240.5,1024.499999999994,1264.999999999994
2026-06,1104.0,3588.5000000000055,4692.5000000000055
2026-07,-1806.0,589.0000000000092,-1216.999999999991
2026-08,959.0,-560.9999999999981,398.00000000000193
2026-09,1237.0,1894.499999999996,3131.499999999996
