años,escenario,aportado_total,fondo_emergencia,aportado_a_inversion,inversion_p5,inversion_mediana,inversion_p95,tras_impuestos_si_vendes_mediana,prob_perdida_vs_aportado
1,adverso,2400.0,2400.0,0.0,0.0,0.0,0.0,0.0,0.0
1,moderado,2400.0,2400.0,0.0,0.0,0.0,0.0,0.0,0.0
1,favorable,2400.0,2400.0,0.0,0.0,0.0,0.0,0.0,0.0
3,adverso,7200.0,3000.0,4200.0,3131.5632069612816,4048.527256314528,5320.604223529136,4048.527256314528,0.5844
3,moderado,7200.0,3000.0,4200.0,3260.5471084755054,4232.279509239919,5579.255002020426,4223.886836837541,0.4788
3,favorable,7200.0,3000.0,4200.0,3383.0989688110535,4366.147245133136,5750.418525177293,4322.948961398521,0.4044
5,adverso,12000.0,3000.0,9000.0,5806.661023117636,8531.706322266575,12684.981208852007,8531.706322266575,0.592
5,moderado,12000.0,3000.0,9000.0,6292.727415351431,9334.98725849943,14214.452402923587,9247.89057128958,0.4414
5,favorable,12000.0,3000.0,9000.0,6741.03344845886,9924.375128015148,15082.957888976978,9684.03759473121,0.3466
10,adverso,24000.0,3000.0,21000.0,10701.490242558171,18701.61666714835,34944.448193960015,18701.61666714835,0.6236
10,moderado,24000.0,3000.0,21000.0,12834.845094259435,22986.985694024064,45097.06414608706,22470.369413577806,0.4002
10,favorable,24000.0,3000.0,21000.0,14930.898462040535,27751.05112196812,54816.878916943184,25995.77783025641,0.2436
