estrategia,umbral,senales_originales,senales_filtradas,operaciones,ganadoras_eliminadas,perdedoras_eliminadas,esperanza_R_dev_val,pf_dev_val,dd_usd_dev_val,costes_dev_val,esperanza_R_validacion,esperanza_R_oos
A,sin filtro,3567,0,2186,0,0,-0.16592060790615656,0.7696785439338003,21507.759999999867,18470.839999999997,-0.16155396448164203,-0.1870587080876632
A,0.05,3567,2172,1020,422,834,-0.18719223912844998,0.7475178900132218,13998.939999999937,9881.26,-0.2002515425777037,-0.13905336367058518
A,0.1,3567,2500,821,475,957,-0.18083493983497298,0.7579778133503027,11151.339999999975,8215.56,-0.21169007884345264,-0.175069144329294
A,0.15,3567,2659,698,510,1022,-0.16259961298997158,0.7798065815625541,9294.999999999993,7297.12,-0.1911696822129305,-0.25985081017686695
A,0.2,3567,2738,631,533,1058,-0.16920354173996163,0.7746397115523469,8795.69999999999,6716.12,-0.22952974615216093,-0.2709950926585969
B,sin filtro,2129,0,1211,0,0,-0.19078091797352914,0.7405746706369715,14881.539999999935,11753.52,-0.2395654666270877,-0.08612011210312394
B,0.05,2129,551,951,88,202,-0.1425558952690775,0.8038763285327966,10377.039999999964,9921.960000000001,-0.16930439260523455,-0.0428455970565995
B,0.1,2129,801,835,130,269,-0.1549841801658445,0.7883712125636023,9934.31999999997,8753.74,-0.18058619308417123,-0.056137946533638454
B,0.15,2129,981,746,163,326,-0.16747561185379212,0.7788450973929147,9408.779999999977,7882.7,-0.20378535606749731,-0.05715438181179146
B,0.2,2129,1096,682,188,365,-0.18020178185604346,0.7624529810015904,9320.199999999968,7244.299999999999,-0.2437518166338154,-0.05140142782443391
C,sin filtro,3454,0,2022,0,0,-0.1042449070598765,0.8320882225173118,14974.059999999772,17819.059999999998,-0.12371422505734522,-0.1421211926206217
C,0.05,3454,2156,948,410,739,-0.13943832865715028,0.7743471514272702,11022.499999999949,8946.58,-0.11681204361942624,-0.19833886051743643
C,0.1,3454,2437,774,454,829,-0.14411697104495702,0.7816261924032919,9072.579999999973,7585.98,-0.17671335297136298,-0.16914932835616694
C,0.15,3454,2604,656,490,904,-0.12701376443305348,0.8105765495351777,6813.459999999977,6567.28,-0.17755881985337707,-0.23812379676037532
C,0.2,3454,2713,573,514,958,-0.11497109776945184,0.8259612283184673,5303.379999999997,5923.32,-0.2443024099730707,-0.23213458383220192
D,sin filtro,1618,0,1023,0,0,-0.19939998931343736,0.7175494652205873,14967.739999999925,9899.619999999999,-0.2835668537564816,-0.051090916712012414
D,0.05,1618,506,697,109,241,-0.17887568429733178,0.7455174610798666,9809.679999999978,7186.0,-0.28152199552263985,-0.07037596288791985
D,0.1,1618,589,653,121,264,-0.1638634315478547,0.7677397957699356,8550.419999999976,6759.4800000000005,-0.2846504250428028,-0.10086945550370295
D,0.15,1618,689,597,134,303,-0.13661250812324316,0.804204241139356,6566.959999999985,6241.62,-0.268882363509757,-0.0926324155818061
D,0.2,1618,763,559,150,323,-0.14906054145283634,0.7857638147348159,6696.459999999985,5806.4,-0.2613979045347744,-0.13276581234325274
E,sin filtro,1188,0,594,0,0,-0.20294699657378645,0.721848590141795,8601.979999999989,6734.76,-0.17384117417261843,-0.21731011651853954
E,0.05,1188,757,252,113,235,-0.18899050384794674,0.7408095391358988,3807.1200000000026,2989.28,-0.19222761616374437,-0.371101987976246
E,0.1,1188,856,203,126,267,-0.23123271092055991,0.6966304289036727,3722.459999999999,2489.4,-0.31559542283501446,-0.24142031808306338
E,0.15,1188,923,163,136,297,-0.149307221836544,0.791498305084746,2062.4400000000023,2028.7400000000005,-0.282309170641502,-0.25354112561720893
E,0.2,1188,958,138,143,314,-0.12967121918244856,0.8184028545265087,1805.5400000000009,1765.7400000000002,-0.18600878300766666,-0.21296862131604025
F,sin filtro,1235,0,858,0,0,-0.08069241463783827,0.8819601087390985,5232.839999999982,8317.4,-0.07955941858447867,-0.10015329876112394
F,0.05,1235,917,241,230,391,-0.19055633205611955,0.7234744836145507,4199.519999999997,2412.66,0.0055436149355512845,-0.3128597934687188
F,0.1,1235,982,198,241,422,-0.15732821412678075,0.7859722682366488,3014.1800000000003,1978.92,-0.00046672769331923075,-0.3320137337950846
F,0.15,1235,1022,167,251,442,-0.14757400410456983,0.7978977871895334,2508.760000000002,1675.34,0.02327618500628777,-0.4933375177312503
F,0.2,1235,1044,150,258,452,-0.17549610690007106,0.762120223639259,2110.560000000005,1517.6,-0.11413161008726619,-0.5394940689030974
