variante,coste,periodo,n,ops_año,neto,neto_año,pf,esperanza,acierto,gan_media,perd_media,ratio_gp,R_medio,dd_max,dd_recuperacion_dias,sharpe,sortino,exposicion,coste_medio,dur_mediana_min,top10_ops_pct,top5pct_ops_pct,mejor_dia,mejor_año_pct,años_pos,racha_perdedora,ic90_bajo,ic90_alto,R_bruto,riesgo_mediano
"5 min, salida 2R",bajo,desarrollo,2792,709.258064516129,285.5,72.52620967741936,1.0042308205272594,0.10225644699140402,0.3431232091690544,70.7374739039666,-36.79443838604144,1.9225045144540647,-0.08000725890165838,2970.5,,0.04483399641222718,0.06737146826602153,0.3097110215053763,2.3402578796561606,19.0,11.292469352014011,87.29947460595447,809.5,5.915936952714536,2/4,16.0,,,,
"5 min, salida 2R",bajo,validacion,2083,708.3886639676113,-10830.0,-3683.076923076923,0.8781784129448091,-5.199231877100336,0.3206913106096976,116.87200598802396,-62.82720848056537,1.8602132549654267,-0.10083168676162428,14048.5,,-1.3307992139794604,-1.826117737781919,0.3042389010000346,2.3502160345655305,17.0,,,765.5,,0/3,15.0,,,,
"5 min, salida 2R",bajo,prueba,1190,694.1666666666667,2878.0,1678.8333333333335,1.0429722203558123,2.418487394957983,0.373109243697479,157.32319819819818,-90.01814516129032,1.7476831800556856,0.04876310203260356,7102.0,492.0,0.39399852779721584,0.5433374920204365,0.32320156695156693,2.3327731092436976,19.0,1.8339124391938846,7.650277970813065,1275.5,1.979673384294649,1/2,15.0,,,,
"5 min, salida 2R",bajo,FM 2022-2026,3273,,,,0.9489844361471445,-2.429575313168347,0.33974946532233424,,,,-0.046441891874630346,,,,,,,,,,,,,,-5.849220898258478,0.7522227314390473,-0.014793700658457693,58.5
"5 min, salida 2R",base,desarrollo,2782,706.7177419354839,-2163.5,-549.5987903225807,0.96891589980101,-0.7776779295470885,0.33752695902228613,71.81895633652822,-37.76532826912642,1.9017167234646022,-0.10982645029234028,4285.5,,-0.33763201044018615,-0.4974278276845689,0.3173878205128205,3.187994248741912,20.0,,,812.5,,2/4,16.0,,,,
"5 min, salida 2R",base,validacion,2080,707.3684210526316,-12083.5,-4109.368421052632,0.8662893311423528,-5.809375,0.3192307692307692,117.90210843373494,-63.82097457627118,1.8473880917132104,-0.11379250745827814,15217.0,,-1.4768787534014813,-2.011041533557374,0.30902453372089,3.2028846153846153,17.0,,,768.5,,0/3,15.0,,,,
"5 min, salida 2R",base,prueba,1189,693.5833333333334,1702.5,993.125,1.0250736377025036,1.4318755256518083,0.368376787216148,158.90981735159818,-90.41278295605859,1.7576034290287221,0.028552904392448057,7407.5,506.0,0.23163934924564,0.31810432694023544,0.323801044634378,3.1703111858704793,19.0,3.1060205580029367,12.963582966226138,1278.5,3.0123348017621145,1/2,17.0,,,,
"5 min, salida 2R",base,FM 2022-2026,3269,,,,0.9344097605049583,-3.1755888650963597,0.3371061486693178,,,,-0.06201866386986779,,,,,,,,,,,,,,-6.628510247782196,0.12836494340777177,-0.0308933121089967,59.0
"5 min, salida 2R",alto,desarrollo,2776,705.1935483870968,-4010.0,-1018.6693548387098,0.9439811128340527,-1.4445244956772334,0.33105187319884727,73.52883569096845,-38.58921832884097,1.9054243354811404,-0.14093464539390885,5906.0,,-0.6203946867610161,-0.9009838631432071,0.3226426799007444,4.04178674351585,20.0,,,815.5,,1/4,16.0,,,,
"5 min, salida 2R",alto,validacion,2078,706.6882591093117,-13929.5,-4737.157894736842,0.848663124843823,-6.703320500481232,0.3156881616939365,119.07545731707317,-64.72784810126582,1.8396325663535311,-0.13290215492284024,17027.0,,-1.6875535095688194,-2.2782940741479867,0.31215612996989517,4.06111645813282,17.0,,,771.5,,0/3,15.0,,,,
"5 min, salida 2R",alto,prueba,1186,691.8333333333334,101.0,58.91666666666667,1.0014637150827868,0.0851602023608769,0.3634064080944351,160.33294663573085,-91.39403973509934,1.7543041876740233,0.007582229555269996,8366.5,517.0,0.013669047749241285,0.018676016528213147,0.32792616334283003,4.01433389544688,20.0,52.45544554455446,219.04455445544554,1281.5,44.757425742574256,1/2,17.0,,,,
"5 min, salida 2R",alto,FM 2022-2026,3264,,,,0.9141329624236629,-4.236672794117647,0.3330269607843137,,,,-0.08185605198440925,,,,,,,,,,,,,,-7.7836703431372545,-0.9202052696078421,-0.05125480726583815,60.0
"5 min, salida cruce_EMA9",bajo,desarrollo,2955,750.6653225806452,-6403.0,-1626.5685483870968,0.873545966228893,-2.166835871404399,0.28494077834179354,52.53206650831354,-24.157919847328245,2.1745277259094538,-0.096820857211563,8207.0,,-1.1774506369816256,-1.8284188120365465,0.21758684863523572,2.5,17.0,,,491.0,,0/4,20.0,,,,
"5 min, salida cruce_EMA9",bajo,validacion,2208,750.8987854251012,-5383.5,-1830.825910931174,0.9185946289239703,-2.438179347826087,0.27807971014492755,98.93892508143323,-41.540201005025125,2.3817632723891866,-0.017233769654994874,7111.0,,-0.716916398415904,-1.1600260565192784,0.21798678154953458,2.5,15.0,,,1118.0,,0/3,18.0,,,,
"5 min, salida cruce_EMA9",bajo,prueba,1278,745.5,-5183.5,-3023.7083333333335,0.9004446237023807,-4.055946791862285,0.3004694835680751,122.09114583333333,-58.23993288590604,2.096347639557105,-0.06830409712772875,10639.5,,-0.7964079231500594,-1.2889194018929282,0.2154320987654321,2.5,15.0,,,2020.5,,1/2,21.0,,,,
"5 min, salida cruce_EMA9",bajo,FM 2022-2026,3486,,,,0.910599542295376,-3.0312679288582904,0.2862880091795754,,,,-0.03595662637047218,,,,,,,,,,,,,,-6.194162363740677,0.10590935169248548,-0.004185874594369973,58.5
"5 min, salida cruce_EMA9",base,desarrollo,2955,750.6653225806452,-9358.0,-2377.233870967742,0.8226055637173594,-3.166835871404399,0.2785109983079526,52.72721749696233,-24.859802073515553,2.120982996607821,-0.13785818674298675,10610.5,,-1.7203480207119304,-2.587907656576351,0.21758684863523572,3.5,17.0,,,488.0,,0/4,23.0,,,,
"5 min, salida cruce_EMA9",base,validacion,2208,750.8987854251012,-7591.5,-2581.724696356275,0.8879102868870613,-3.438179347826087,0.2753623188405797,98.90707236842105,-42.43546365914787,2.330764503078536,-0.04011693660797542,9165.0,,-1.0107930638847762,-1.605372242045899,0.21798678154953458,3.5,15.0,,,1115.0,,0/3,18.0,,,,
"5 min, salida cruce_EMA9",base,prueba,1278,745.5,-6461.5,-3769.2083333333335,0.877996280316834,-5.055946791862285,0.2965571205007825,122.69129287598945,-59.108816964285715,2.075685137635576,-0.08455970024047688,11170.5,,-0.992439071446861,-1.5883494855160234,0.2154320987654321,3.5,15.0,,,2019.5,,1/2,21.0,,,,
"5 min, salida cruce_EMA9",base,FM 2022-2026,3486,,,,0.883559742643251,-4.03126792885829,0.28313253012048195,,,,-0.05641006682092346,,,,,,,,,,,,,,-7.194162363740677,-0.8940906483075146,-0.025132047628596475,59.0
"5 min, salida cruce_EMA9",alto,desarrollo,2955,750.6653225806452,-12313.0,-3127.8991935483873,0.7756765865967079,-4.166835871404399,0.2720812182741117,52.955845771144276,-25.62535014005602,2.0665413538434683,-0.17634717532162275,13407.5,,-2.2629222743220687,-3.298722913905232,0.21758684863523572,4.5,17.0,,,485.0,,0/4,23.0,,,,
"5 min, salida cruce_EMA9",alto,validacion,2208,750.8987854251012,-9799.5,-3332.623481781376,0.8586501846295869,-4.438179347826087,0.2717391304347826,99.21416666666667,-43.27590511860175,2.292595992960997,-0.06227331375588176,11330.0,,-1.3045748047245054,-2.034080410912958,0.21798678154953458,4.5,15.0,,,1112.0,,0/3,18.0,,,,
"5 min, salida cruce_EMA9",alto,prueba,1278,745.5,-7739.5,-4514.708333333334,0.8563100487352053,-6.055946791862285,0.29264475743348983,123.32352941176471,-59.6483942414175,2.0675079518927553,-0.10039915722548319,11701.5,,-1.1883410348976697,-1.880783577878385,0.2154320987654321,4.5,15.0,,,2018.5,,1/2,21.0,,,,
"5 min, salida cruce_EMA9",alto,FM 2022-2026,3486,,,,0.8576270085761484,-5.03126792885829,0.2794033275960987,,,,-0.07625060232563237,,,,,,,,,,,,,,-8.194162363740677,-1.8940906483075146,-0.04544368202062431,59.5
"15 min, salida 2R",bajo,desarrollo,1662,422.20161290322585,3650.0,927.2177419354839,1.0640676835583016,2.1961492178098676,0.381468110709988,95.6167192429022,-55.52729044834308,1.7219770399539707,-0.03528942766974288,2858.0,283.0,0.470924437223591,0.7251458101868961,0.39187086435070306,2.378158844765343,56.0,1.3271232876712329,6.075068493150685,816.5,0.5908219178082191,3/4,17.0,,,,
"15 min, salida 2R",bajo,validacion,1263,429.5222672064777,1010.0,343.4817813765182,1.0133737635889355,0.7996832937450514,0.3919239904988123,154.6080808080808,-98.46284224250326,1.5702175286317446,-0.006583717535921253,7043.5,,0.10938925594037241,0.15591222708799304,0.4120073358939756,2.382818685669042,60.0,5.8618811881188115,23.71980198019802,712.5,6.079207920792079,1/3,12.0,,,,
"15 min, salida 2R",bajo,prueba,697,406.58333333333337,-7031.0,-4101.416666666667,0.8865638411151625,-10.08751793400287,0.36441893830703015,216.34251968503938,-139.91422121896161,1.5462511087166024,-0.10654248945942577,8524.0,,-0.8412581057914259,-1.0815248333280778,0.40465930674264006,2.406025824964132,57.0,,,1381.5,,1/2,10.0,,,,
"15 min, salida 2R",bajo,FM 2022-2026,1960,,,,0.9562118644684116,-3.071938775510204,0.3821428571428571,,,,-0.042130280816881784,,,,,,,,,,,,,,-9.379005102040816,3.2479719387755104,-0.0235821436913219,100.5
"15 min, salida 2R",base,desarrollo,1656,420.6774193548387,2129.0,540.8346774193549,1.0367420548973587,1.2856280193236715,0.3756038647342995,96.58118971061093,-56.09341723136496,1.721791869307028,-0.06214798657709821,2985.5,288.0,0.2749053905614305,0.4166945722342887,0.395866935483871,3.265096618357488,58.0,2.249647721935181,10.30789102865195,753.0,0.7994363550962893,3/4,17.0,,,,
"15 min, salida 2R",base,validacion,1257,427.4817813765182,-803.5,-273.2550607287449,0.9894610511404625,-0.6392203659506762,0.3898170246618934,153.95408163265307,-99.40156453715775,1.548809441274969,-0.02230102933039185,8200.5,,-0.08710561307643844,-0.12294109698594939,0.4136509913837849,3.2708830548926016,60.0,,,712.5,,1/3,12.0,,,,
"15 min, salida 2R",base,prueba,697,406.58333333333337,-7707.5,-4496.041666666667,0.876541726733942,-11.058106169296988,0.36441893830703015,215.44291338582678,-140.9255079006772,1.5287715942643163,-0.11399513938592977,8985.5,,-0.9208165331657351,-1.1807463201102764,0.40593542260208926,3.3163558106169297,57.0,,,1379.5,,1/2,10.0,,,,
"15 min, salida 2R",base,FM 2022-2026,1954,,,,0.9386245141377794,-4.35568065506653,0.38075742067553736,,,,-0.055008703183365204,,,,,,,,,,,,,,-10.700870010235414,1.8802456499488258,-0.03663714010570075,101.0
"15 min, salida 2R",alto,desarrollo,1650,419.15322580645164,723.0,183.66532258064518,1.012249877162366,0.4381818181818182,0.3709090909090909,97.62091503267973,-57.02512077294686,1.7118931746128245,-0.08226253058977663,3046.0,455.0,0.09283801166405414,0.13948208255133634,0.39781327543424316,4.153636363636363,58.0,6.63554633471646,30.42323651452282,752.0,2.3070539419087135,2/4,17.0,,,,
"15 min, salida 2R",alto,validacion,1255,426.80161943319837,-1891.5,-643.2631578947368,0.9754533951919021,-1.507171314741036,0.3840637450199203,155.94605809128632,-99.94487678339819,1.5603206798609057,-0.034588724506701266,9108.0,,-0.20420851158276224,-0.2866356391590249,0.4154780442229835,4.160557768924303,61.0,,,712.5,,1/3,14.0,,,,
"15 min, salida 2R",alto,prueba,695,405.4166666666667,-8815.5,-5142.375,0.8600825331322911,-12.684172661870504,0.36258992805755397,215.0376984126984,-142.2234762979684,1.5119704848317657,-0.12815139867836542,9441.5,,-1.0536520641909048,-1.3439872969464046,0.40861229819563155,4.232374100719425,58.0,,,1377.5,,0/2,10.0,,,,
"15 min, salida 2R",alto,FM 2022-2026,1950,,,,0.9235555555555556,-5.490769230769231,0.3764102564102564,,,,-0.06793542119865338,,,,,,,,,,,,,,-11.776641025641027,0.8365000000000004,-0.04977090911594071,101.5
"15 min, salida cruce_EMA9",bajo,desarrollo,1916,486.7258064516129,-141.5,-35.94556451612903,0.997207530786233,-0.0738517745302714,0.2948851774530271,89.43451327433628,-37.61841128433556,2.377413352157621,-0.04476035750642059,5323.5,,-0.018882705955469294,-0.03138133904845484,0.3699053970223325,2.5,50.0,,,551.5,,1/4,16.0,,,,
"15 min, salida cruce_EMA9",bajo,validacion,1474,501.2793522267206,2439.5,829.6275303643724,1.0358357387861827,1.6550203527815468,0.31614654002713705,151.3175965665236,-67.87088733798605,2.229491944211462,0.008689689879556178,6917.0,,0.2493501120270373,0.4119067142147418,0.3939444271428077,2.5,55.0,3.3523262963722074,14.10350481656077,1118.0,2.686411149825784,1/3,16.0,,,,
"15 min, salida cruce_EMA9",bajo,prueba,807,470.75,-17419.5,-10161.375,0.6939275736650677,-21.58550185873606,0.27261462205700127,179.5159090909091,-96.9557069846678,1.8515249351881582,-0.18237484034429827,17643.5,,-2.382230531482978,-3.081281302210724,0.35373931623931626,2.5,45.0,,,1528.0,,0/2,22.0,,,,
"15 min, salida cruce_EMA9",bajo,FM 2022-2026,2281,,,,0.8801480148014802,-6.5672950460324415,0.3007452871547567,,,,-0.05890744992344714,,,,,,,,,,,,,,-12.266867601928979,-1.061003945637876,-0.03915337925205887,93.5
"15 min, salida cruce_EMA9",base,desarrollo,1916,486.7258064516129,-2057.5,-522.671370967742,0.9604517059106199,-1.0738517745302714,0.29123173277661796,89.54749103942652,-38.39483394833948,2.3322796801234587,-0.07199759543443839,6755.5,,-0.2738949664933593,-0.4475303998806594,0.3699053970223325,3.5,50.0,,,550.5,,1/4,16.0,,,,
"15 min, salida cruce_EMA9",base,validacion,1474,501.2793522267206,965.5,328.3481781376518,1.0139760431368292,0.6550203527815468,0.31614654002713705,150.3175965665236,-68.53422619047619,2.193321569703699,-0.0053253715859004945,7651.0,,0.0985070593099551,0.16109025268969984,0.3939444271428077,3.5,55.0,8.459865354738477,35.55929570170896,1115.0,6.268772656654583,1/3,16.0,,,,
"15 min, salida cruce_EMA9",base,prueba,807,470.75,-18226.5,-10632.125,0.6830173913043478,-22.58550185873606,0.27137546468401486,179.3310502283105,-97.9557069846678,1.830736112765535,-0.1919360291403369,18442.5,,-2.4885182364442713,-3.2025631875877303,0.35373931623931626,3.5,45.0,,,1527.0,,0/2,22.0,,,,
"15 min, salida cruce_EMA9",base,FM 2022-2026,2281,,,,0.8636383386329074,-7.5672950460324415,0.30030688294607627,,,,-0.0713467659946818,,,,,,,,,,,,,,-13.266867601928979,-2.061003945637876,-0.051787498598170216,94.0
"15 min, salida cruce_EMA9",alto,desarrollo,1916,486.7258064516129,-3973.5,-1009.3971774193549,0.9255703742554228,-2.0738517745302714,0.28653444676409184,90.00455373406193,-39.139296187683286,2.2995956110826894,-0.0980448978030124,8454.5,,-0.527629182760341,-0.84775447979519,0.3699053970223325,4.5,50.0,,,549.5,,1/4,16.0,,,,
"15 min, salida cruce_EMA9",alto,validacion,1474,501.2793522267206,-508.5,-172.9311740890688,0.9927452491011813,-0.3449796472184532,0.31343283582089554,150.61363636363637,-69.3293768545994,2.172436032124014,-0.019069611134302757,8588.0,,-0.05178519954247909,-0.08384093222018763,0.3939444271428077,4.5,55.0,,,1112.0,,1/3,16.0,,,,
"15 min, salida cruce_EMA9",alto,prueba,807,470.75,-19033.5,-11102.875,0.6723333562870129,-23.58550185873606,0.2701363073110285,179.14908256880733,-98.78911564625851,1.8134496031961629,-0.2013469241848559,19241.5,,-2.594428014328467,-3.3221245101133734,0.35373931623931626,4.5,45.0,,,1526.0,,0/2,22.0,,,,
"15 min, salida cruce_EMA9",alto,FM 2022-2026,2281,,,,0.8475425183335934,-8.567295046032442,0.2981148619026743,,,,-0.0835579020732753,,,,,,,,,,,,,,-14.266867601928979,-3.061003945637876,-0.06418751178320858,94.5
