range_pct_quintile,trades,win_rate_%,profit_factor,expectancy_R,t_stat_R,net_$,sample_flag,range_pct_min,range_pct_max,tabla,depth_ratio_quintile,depth_ratio_min,depth_ratio_max
Q1,173,30.1,0.296,-0.7261,-6.94,-14030.0,OK,0.051,0.156,range_pct,,,
Q2,172,32.6,0.406,-0.4792,-4.55,-11133.0,OK,0.157,0.234,range_pct,,,
Q3,172,31.4,0.628,-0.3595,-3.61,-5123.0,OK,0.234,0.327,range_pct,,,
Q4,172,31.4,0.531,-0.341,-3.38,-6797.0,OK,0.33,0.479,range_pct,,,
Q5,172,36.6,0.66,-0.1355,-1.31,-3618.0,OK,0.479,1.9,range_pct,,,
,173,30.6,0.482,-0.47,-4.56,-8401.0,OK,,,depth_ratio,Q1,0.003,0.035
,172,33.7,0.531,-0.3802,-3.49,-7668.0,OK,,,depth_ratio,Q2,0.035,0.063
,176,29.0,0.372,-0.545,-5.56,-10754.0,OK,,,depth_ratio,Q3,0.063,0.1
,168,34.5,0.485,-0.3315,-3.04,-7542.0,OK,,,depth_ratio,Q4,0.1,0.16
,172,34.3,0.522,-0.3111,-3.14,-6335.0,OK,,,depth_ratio,Q5,0.161,0.912
