variant,scenario,net_$,sum_R,net_without_top1_$,net_without_top5_$,sumR_without_top1,sumR_without_top5,expR_without_top5,top10pct_trades_share_of_gross_profit_%,years_positive,best_year,best_year_net_$,net_without_best_year_$,best_month,best_month_net_$,net_without_best_month_$,long_trades,long_net_$,long_expR,short_trades,short_net_$,short_expR,runs_test_z,autocorr_R_lag1,expR_change_vs_scn0,net_change_vs_scn1_$,PF_change_vs_scn1
REL_0.45PCT,0,9170.0,40.62,8606.0,6410.0,38.62,30.62,0.0305,37.9,6/9,2021,5668.0,3502.0,2015-05,2578.0,6592.0,528,15764.0,0.1338,480,-6594.0,-0.0625,0.5,-0.06,0.0,18574.0,0.173
REL_0.45PCT,1,-9404.0,-37.2,-9880.0,-11701.0,-39.19,-47.13,-0.0474,42.1,5/9,2021,3387.0,-12791.0,2015-05,2285.0,-11689.0,523,3166.0,0.0563,476,-12570.0,-0.1401,0.7,-0.051,-0.0775,0.0,0.0
REL_0.45PCT,2,-15425.0,-74.41,-15908.0,-17739.0,-76.39,-84.33,-0.0865,45.3,5/9,2021,2372.0,-17797.0,2015-05,2458.0,-17883.0,513,674.0,0.0289,467,-16100.0,-0.1911,0.73,-0.052,-0.1162,-6021.0,-0.075
FIXED_40PTS,0,190.0,1.23,-300.0,-2231.0,-0.77,-8.77,-0.0077,40.1,5/9,2018,2784.0,-2594.0,2015-05,2608.0,-2418.0,587,6311.0,0.0477,564,-6121.0,-0.0475,0.15,-0.02,0.0,16412.0,0.147
FIXED_40PTS,1,-16222.0,-88.49,-16698.0,-18497.0,-90.47,-98.36,-0.0859,44.2,3/9,2018,966.0,-17188.0,2015-05,2100.0,-18322.0,587,-4682.0,-0.0322,563,-11540.0,-0.1236,0.58,-0.02,-0.078,0.0,0.0
FIXED_40PTS,2,-21834.0,-121.03,-22316.0,-24118.0,-123.01,-130.9,-0.1145,47.7,2/9,2023,312.0,-22146.0,2015-05,2038.0,-23872.0,586,-7514.0,-0.0556,562,-14319.0,-0.1574,1.17,-0.029,-0.1065,-5612.0,-0.064
NO_CAP,0,19480.0,76.41,18832.0,16334.0,74.41,66.41,0.0331,40.6,6/9,2021,11170.0,8310.0,2022-10,3120.0,16360.0,1036,18908.0,0.0809,975,572.0,-0.0075,2.0,-0.071,0.0,27830.0,0.146
NO_CAP,1,-8350.0,-32.9,-8826.0,-10610.0,-34.89,-42.85,-0.0243,42.9,5/9,2021,5398.0,-13748.0,2015-05,2136.0,-10486.0,919,2871.0,0.0369,847,-11220.0,-0.0789,1.68,-0.058,-0.0566,0.0,0.0
NO_CAP,2,-15788.0,-76.03,-16271.0,-18073.0,-78.02,-85.97,-0.0533,45.5,5/9,2021,3470.0,-19258.0,2015-05,2072.0,-17860.0,842,-2998.0,0.0012,775,-12790.0,-0.0994,1.72,-0.045,-0.085,-7438.0,-0.067
