variant,scenario,trades,winners,losers,breakeven,win_rate_%,gross_profit_$,gross_loss_$,net_$,profit_factor,expectancy_$,expectancy_R,avg_winner_$,avg_loser_$,avg_winner_R,avg_loser_R,payoff,max_dd_$,max_dd_%,max_dd_R,max_consec_losses,max_consec_wins,avg_risk_$,max_risk_$,avg_contracts,max_contracts,largest_win_$,largest_loss_$,t_stat_R,median_R,std_R,pct_exit_target,pct_exit_stop,pct_exit_time,final_balance_$,sample_flag,days_NO_SIGNAL,days_OR_INCOMPLETE,days_RISK_ABOVE_CAP,days_TRADED,days_POSITION_SIZE_BELOW_MINIMUM
REL_0.45PCT,0,1008,418,590,0,41.5,126514.0,-117344.0,9170.0,1.078,9.1,0.0403,302.67,-198.89,1.352,-0.889,1.522,-7889.0,-15.45,-33.67,12,12,223.75,294.0,6.63,66,564.0,-294.0,1.05,-0.659,1.214,20.0,48.6,28.7,59170.0,OK,6,3,1067.0,1008,
REL_0.45PCT,1,999,397,596,6,39.7,89874.0,-99278.0,-9404.0,0.905,-9.41,-0.0372,226.38,-166.57,1.329,-0.947,1.359,-17038.0,-33.75,-85.94,12,12,172.58,252.0,5.31,49,476.0,-367.5,-0.97,-0.725,1.216,19.6,48.6,28.9,40596.0,OK,6,3,1076.0,999,
REL_0.45PCT,2,980,382,597,1,39.0,75173.0,-90598.0,-15425.0,0.83,-15.74,-0.0759,196.79,-151.76,1.298,-0.955,1.297,-20048.0,-39.71,-110.11,13,10,155.13,250.0,4.77,44,483.0,-374.0,-1.97,-0.806,1.206,18.5,49.3,29.3,34575.0,OK,6,3,1095.0,980,
FIXED_40PTS,0,1151,463,686,2,40.2,128890.0,-128700.0,190.0,1.001,0.17,0.0011,278.38,-187.61,1.308,-0.881,1.484,-9647.0,-18.58,-42.86,10,12,212.24,253.0,6.22,63,490.0,-253.0,0.03,-0.667,1.187,18.3,48.7,30.9,50190.0,OK,6,3,924.0,1151,
FIXED_40PTS,1,1150,443,701,6,38.5,94936.0,-111158.0,-16222.0,0.854,-14.11,-0.0769,214.3,-158.57,1.276,-0.933,1.351,-20376.0,-39.29,-109.01,10,12,168.41,254.0,4.94,48,476.0,-360.0,-2.21,-0.729,1.183,17.7,48.7,31.5,33778.0,OK,6,3,925.0,1150,
FIXED_40PTS,2,1148,437,709,2,38.1,82088.0,-103921.0,-21834.0,0.79,-19.02,-0.1054,187.84,-146.57,1.249,-0.94,1.282,-24228.0,-46.71,-136.88,11,10,152.75,256.0,4.46,44,483.0,-374.0,-3.04,-0.774,1.176,16.8,49.0,32.0,28166.0,OK,6,3,927.0,1148,
NO_CAP,0,2011,843,1166,2,41.9,234835.0,-215354.0,19480.0,1.09,9.69,0.038,278.57,-184.7,1.309,-0.881,1.508,-10782.0,-20.75,-51.23,14,12,210.28,346.5,4.16,61,648.0,-346.5,1.43,-0.534,1.192,18.0,47.4,33.0,69480.0,OK,6,3,,2011,64.0
NO_CAP,1,1766,715,1045,6,40.5,141014.0,-149364.0,-8350.0,0.944,-4.73,-0.0186,197.22,-142.93,1.304,-0.923,1.38,-21323.0,-41.1,-117.03,12,12,152.56,254.0,3.5,48,476.0,-360.0,-0.65,-0.601,1.201,18.5,47.7,32.0,41650.0,OK,6,3,,1766,309.0
NO_CAP,2,1617,646,969,2,40.0,112614.0,-128402.0,-15788.0,0.877,-9.76,-0.047,174.33,-132.51,1.279,-0.931,1.316,-24804.0,-47.81,-138.26,12,10,138.98,256.0,3.38,44,483.0,-374.0,-1.58,-0.621,1.194,17.7,48.0,32.3,34212.0,OK,6,3,,1617,458.0
