setup_id,kz,direction,split,entry_time,exit_time,exit_reason,R,MFE_R,MAE_R,minutes_held,minutes_to_MFE,minutes_to_MAE
20100609_0900_ny,ny,long,TRAIN,2010-06-09 13:45:00+00:00,2010-06-09 14:15:00+00:00,stop,-1.0711538461538455,0.36538461538458594,1.0192307692307954,30,15,30
20100616_0500_ny,ny,long,TRAIN,2010-06-16 12:00:00+00:00,2010-06-16 12:30:00+00:00,target,0.880645161290319,1.0,0.0,30,30,0
20100622_0900_ny,ny,short,TRAIN,2010-06-22 14:00:00+00:00,2010-06-22 14:30:00+00:00,stop,-1.1027777777777803,0.4722222222222468,1.2500000000000315,30,15,30
20100628_0500_ny,ny,long,TRAIN,2010-06-28 13:00:00+00:00,2010-06-28 13:45:00+00:00,target,0.8576923076923151,1.0,0.7307692307692274,45,45,15
20100629_0500_ny,ny,long,TRAIN,2010-06-29 12:45:00+00:00,2010-06-29 14:00:00+00:00,stop,-1.0435294117647058,0.22352941176471658,1.2352941176470589,75,15,75
20100721_0100_london,london,long,TRAIN,2010-07-21 08:45:00+00:00,2010-07-21 09:30:00+00:00,target,0.8318181818181852,1.0,0.7727272727272774,45,45,15
20100723_0500_ny,ny,short,TRAIN,2010-07-23 12:30:00+00:00,2010-07-23 14:00:00+00:00,target,0.9159090909090927,1.0,0.22727272727272257,90,90,15
20100728_0100_london,london,short,TRAIN,2010-07-28 07:45:00+00:00,2010-07-28 08:45:00+00:00,stop,-1.1370370370370348,0.14814814814817934,1.2222222222221848,60,15,60
20100802_0100_london,london,long,TRAIN,2010-08-02 08:30:00+00:00,2010-08-02 09:15:00+00:00,stop,-1.1423076923076974,0.0769230769230971,1.3846153846153981,45,15,45
20100826_0900_ny,ny,long,TRAIN,2010-08-26 13:30:00+00:00,2010-08-26 17:45:00+00:00,stop,-1.0973684210526329,0.3157894736842263,1.4210526315789882,255,120,255
20100908_0900_ny,ny,short,TRAIN,2010-09-08 14:00:00+00:00,2010-09-08 21:00:00+00:00,session_close,0.053086419753079914,0.1481481481481232,0.6049382716049393,420,165,60
20101008_0500_ny,ny,short,TRAIN,2010-10-08 13:00:00+00:00,2010-10-08 14:45:00+00:00,stop,-1.0276119402985078,0.2537313432835915,1.0373134328358213,105,15,105
20101015_0900_ny,ny,long,TRAIN,2010-10-15 13:30:00+00:00,2010-10-15 14:30:00+00:00,stop,-1.0435294117647058,0.023529411764711232,1.411764705882353,60,15,60
20101119_0900_ny,ny,long,TRAIN,2010-11-19 14:30:00+00:00,2010-11-19 15:00:00+00:00,stop,-1.0948717948717928,0.4102564102563774,1.2051282051281886,30,15,30
20110107_0500_ny,ny,long,TRAIN,2011-01-07 13:45:00+00:00,2011-01-07 15:15:00+00:00,target,0.9644230769230765,1.0,0.29807692307691824,90,90,15
20110110_0900_ny,ny,short,TRAIN,2011-01-10 14:30:00+00:00,2011-01-10 14:45:00+00:00,target,0.8972222222222196,1.0,0.11111111111107602,15,15,15
20110128_0900_ny,ny,long,TRAIN,2011-01-28 14:45:00+00:00,2011-01-28 15:30:00+00:00,target,0.9471428571428572,1.0,0.11428571428570779,45,45,15
20110131_0900_ny,ny,long,TRAIN,2011-01-31 14:45:00+00:00,2011-01-31 17:15:00+00:00,target,0.9403225806451617,1.0,0.3709677419354738,150,150,60
20110216_0900_ny,ny,short,TRAIN,2011-02-16 14:45:00+00:00,2011-02-16 17:15:00+00:00,stop,-1.064912280701754,0.8245614035087734,1.7017543859649067,150,30,150
20110310_0100_london,london,short,TRAIN,2011-03-10 07:15:00+00:00,2011-03-10 08:00:00+00:00,target,0.7823529411764764,1.0,0.5294117647059217,45,45,15
20110407_0500_ny,ny,short,TRAIN,2011-04-07 12:00:00+00:00,2011-04-07 13:00:00+00:00,target,0.8972222222222196,1.0,0.694444444444462,60,60,15
20110421_0100_london,london,long,TRAIN,2011-04-21 07:30:00+00:00,2011-04-21 12:45:00+00:00,stop,-1.1121212121212136,0.7878787878787712,1.272727272727304,315,240,315
20110427_0500_ny,ny,short,TRAIN,2011-04-27 12:30:00+00:00,2011-04-27 13:15:00+00:00,stop,-1.1761904761904838,0.6190476190476242,2.1428571428572356,45,15,45
20110428_0100_london,london,short,TRAIN,2011-04-28 08:15:00+00:00,2011-04-28 12:30:00+00:00,target,0.899999999999995,1.0,0.5135135135135019,255,255,45
20110510_0900_ny,ny,long,TRAIN,2011-05-10 13:30:00+00:00,2011-05-10 14:15:00+00:00,target,0.899999999999995,1.0,0.6486486486486437,45,45,15
20110527_0100_london,london,long,TRAIN,2011-05-27 07:00:00+00:00,2011-05-27 08:00:00+00:00,target,0.8724137931034522,1.0,0.03448275862073562,60,60,15
20110609_0100_london,london,short,TRAIN,2011-06-09 08:00:00+00:00,2011-06-09 09:45:00+00:00,target,0.8052631578947461,1.0,0.36842105263158526,105,105,15
20110621_0500_ny,ny,short,TRAIN,2011-06-21 12:15:00+00:00,2011-06-21 13:00:00+00:00,target,0.8052631578947461,1.0,0.6315789473684148,45,45,15
20110810_0500_ny,ny,short,TRAIN,2011-08-10 12:30:00+00:00,2011-08-10 13:15:00+00:00,stop,-1.066071428571427,0.7142857142856969,1.732142857142823,45,15,45
20110811_0100_london,london,long,TRAIN,2011-08-11 07:15:00+00:00,2011-08-11 10:45:00+00:00,stop,-1.0336363636363635,0.9909090909090785,1.3272727272727396,210,90,210
20110831_0100_london,london,long,TRAIN,2011-08-31 08:15:00+00:00,2011-08-31 09:45:00+00:00,stop,-1.0451219512195118,0.2073170731707361,1.0609756097560972,90,15,90
20110921_0100_london,london,short,TRAIN,2011-09-21 07:15:00+00:00,2011-09-21 07:30:00+00:00,stop,-1.1057142857142856,0.0,1.400000000000026,15,0,15
20110929_0900_ny,ny,short,TRAIN,2011-09-29 13:45:00+00:00,2011-09-29 14:30:00+00:00,target,0.9663636363636364,1.0,0.4000000000000083,45,45,15
20111025_0900_ny,ny,long,TRAIN,2011-10-25 13:30:00+00:00,2011-10-25 13:45:00+00:00,stop,-1.0725490196078444,0.0,1.6666666666666965,15,0,15
20111110_0100_london,london,long,TRAIN,2011-11-10 07:30:00+00:00,2011-11-10 08:00:00+00:00,stop,-1.1088235294117619,0.5294117647058548,1.0,30,15,30
20111209_0900_ny,ny,long,TRAIN,2011-12-09 14:30:00+00:00,2011-12-09 16:00:00+00:00,target,0.9288461538461544,1.0,0.6346153846153704,90,90,60
20120109_0900_ny,ny,short,TRAIN,2012-01-09 14:30:00+00:00,2012-01-09 15:00:00+00:00,target,0.9159090909090927,1.0,0.22727272727272257,30,30,15
20120214_0500_ny,ny,long,TRAIN,2012-02-14 13:30:00+00:00,2012-02-14 14:30:00+00:00,target,0.9383333333333334,1.0,0.46666666666665907,60,60,15
20120227_0900_ny,ny,short,TRAIN,2012-02-27 14:30:00+00:00,2012-02-27 15:30:00+00:00,stop,-1.1027777777777739,0.9722222222221854,1.4999999999999685,60,30,60
20120315_0500_ny,ny,long,TRAIN,2012-03-15 13:00:00+00:00,2012-03-15 17:00:00+00:00,target,0.9447761194029854,1.0,0.8955223880596954,240,240,60
20120326_0100_london,london,short,TRAIN,2012-03-26 07:45:00+00:00,2012-03-26 08:45:00+00:00,target,0.9212765957446816,1.0,0.34042553191487096,60,60,30
20120411_0900_ny,ny,short,TRAIN,2012-04-11 14:00:00+00:00,2012-04-11 21:00:00+00:00,session_close,-0.3742424242424372,0.30303030303029677,0.8484848484848516,420,120,60
20120412_0100_london,london,long,TRAIN,2012-04-12 08:15:00+00:00,2012-04-12 09:45:00+00:00,stop,-1.1370370370370348,0.1111111111110924,1.0370370370370028,90,15,90
20120507_0100_london,london,short,TRAIN,2012-05-07 06:30:00+00:00,2012-05-07 10:00:00+00:00,stop,-1.1423076923076974,0.46153846153849515,1.5384615384615923,210,105,210
20120615_0100_london,london,short,TRAIN,2012-06-15 07:45:00+00:00,2012-06-15 12:30:00+00:00,stop,-1.0999999999999988,0.837837837837803,2.5945945945945996,285,135,285
20120622_0900_ny,ny,long,TRAIN,2012-06-22 14:00:00+00:00,2012-06-22 14:30:00+00:00,stop,-1.0725490196078444,0.23529411764707195,1.058823529411757,30,15,30
20120910_0900_ny,ny,long,TRAIN,2012-09-10 13:30:00+00:00,2012-09-10 19:45:00+00:00,stop,-1.0860465116279079,0.7674418604651139,1.0232558139535204,375,45,375
20120913_0100_london,london,long,TRAIN,2012-09-13 07:30:00+00:00,2012-09-13 12:15:00+00:00,target,0.8576923076923151,1.0,0.8076923076923178,285,285,30
20120913_0900_ny,ny,long,TRAIN,2012-09-13 14:00:00+00:00,2012-09-13 16:15:00+00:00,stop,-1.0787234042553184,0.5319148936170162,8.255319148936081,135,75,135
20120918_0500_ny,ny,short,TRAIN,2012-09-18 12:15:00+00:00,2012-09-18 12:30:00+00:00,stop,-1.0902439024390265,0.0,1.2439024390243956,15,0,15
20120921_0100_london,london,short,TRAIN,2012-09-21 07:30:00+00:00,2012-09-21 08:45:00+00:00,stop,-1.0999999999999988,0.10810810810806991,1.0,75,15,75
20120924_0900_ny,ny,short,TRAIN,2012-09-24 13:30:00+00:00,2012-09-24 13:45:00+00:00,stop,-1.1027777777777803,0.0,1.5277777777778163,15,0,15
20121001_0900_ny,ny,short,TRAIN,2012-10-01 13:30:00+00:00,2012-10-01 14:45:00+00:00,target,0.9622448979591844,1.0,0.8163265306122297,75,75,45
20121002_0500_ny,ny,short,TRAIN,2012-10-02 12:30:00+00:00,2012-10-02 14:15:00+00:00,target,0.9463768115942018,1.0,0.21739130434783038,105,105,60
20121112_0100_london,london,long,TRAIN,2012-11-12 08:30:00+00:00,2012-11-12 16:15:00+00:00,stop,-1.0880952380952371,0.5238095238095289,1.5952380952380887,465,300,465
20121120_0100_london,london,long,TRAIN,2012-11-20 07:45:00+00:00,2012-11-20 08:30:00+00:00,target,0.8052631578947228,1.0,0.4210526315789537,45,45,15
20121203_0100_london,london,long,TRAIN,2012-12-03 07:15:00+00:00,2012-12-03 10:45:00+00:00,stop,-1.1480000000000001,0.3600000000000364,1.0,210,90,210
20121219_0900_ny,ny,long,TRAIN,2012-12-19 14:45:00+00:00,2012-12-19 15:45:00+00:00,target,0.9274509803921588,1.0,0.8431372549019294,60,60,30
20130204_0900_ny,ny,long,TRAIN,2013-02-04 14:30:00+00:00,2013-02-04 16:00:00+00:00,target,0.9159090909090927,1.0,0.0909090909091097,90,90,15
20130306_0100_london,london,long,TRAIN,2013-03-06 07:15:00+00:00,2013-03-06 08:15:00+00:00,stop,-1.2466666666666668,0.6000000000000606,1.3333333333333333,60,15,60
20130401_0900_ny,ny,long,TRAIN,2013-04-01 14:00:00+00:00,2013-04-01 14:15:00+00:00,target,0.8724137931034422,1.0,0.24137931034477622,15,15,15
20130411_0500_ny,ny,short,TRAIN,2013-04-11 12:45:00+00:00,2013-04-11 13:45:00+00:00,stop,-1.0725490196078444,0.07843137254903884,1.235294117647072,60,15,60
20130517_0500_ny,ny,long,TRAIN,2013-05-17 13:00:00+00:00,2013-05-17 14:45:00+00:00,stop,-1.027611940298507,0.26865671641790184,1.1194029850746192,105,15,105
20130816_0900_ny,ny,short,TRAIN,2013-08-16 13:45:00+00:00,2013-08-16 18:00:00+00:00,stop,-1.0310924369747902,0.09243697478992849,1.050420168067239,255,15,255
20130918_0900_ny,ny,long,TRAIN,2013-09-18 14:00:00+00:00,2013-09-18 17:30:00+00:00,target,0.9339285714285703,1.0,0.8214285714285685,210,210,120
20130925_0500_ny,ny,long,TRAIN,2013-09-25 13:00:00+00:00,2013-09-25 14:45:00+00:00,target,0.9288461538461544,1.0,0.1346153846153922,105,105,15
20130926_0100_london,london,long,TRAIN,2013-09-26 07:00:00+00:00,2013-09-26 07:30:00+00:00,target,0.8942857142857142,1.0,0.2857142857142857,30,30,15
20131010_0500_ny,ny,short,TRAIN,2013-10-10 13:00:00+00:00,2013-10-10 20:30:00+00:00,target,0.9741258741258741,1.0,0.3776223776223693,450,450,105
20131028_0900_ny,ny,long,TRAIN,2013-10-28 14:00:00+00:00,2013-10-28 14:15:00+00:00,target,0.9075,1.0,0.0999999999999659,15,15,15
20131126_0100_london,london,short,TRAIN,2013-11-26 07:15:00+00:00,2013-11-26 07:45:00+00:00,stop,-1.1193548387096721,0.0,1.1612903225806381,30,0,30
20131203_0900_ny,ny,long,TRAIN,2013-12-03 14:45:00+00:00,2013-12-03 15:15:00+00:00,stop,-1.0822222222222222,0.17777777777776768,1.2000000000000202,30,15,30
20131205_0900_ny,ny,long,TRAIN,2013-12-05 14:30:00+00:00,2013-12-05 15:30:00+00:00,stop,-1.0804347826086973,0.021739130434812695,1.4130434782608976,60,15,60
20131206_0500_ny,ny,short,TRAIN,2013-12-06 13:30:00+00:00,2013-12-06 14:00:00+00:00,stop,-1.0232704402515722,0.5911949685534614,1.2452830188679145,30,15,30
20131212_0100_london,london,short,TRAIN,2013-12-12 08:15:00+00:00,2013-12-12 09:15:00+00:00,target,0.8724137931034522,1.0,0.2413793103448357,60,60,15
20131220_0100_london,london,long,TRAIN,2013-12-20 08:00:00+00:00,2013-12-20 08:15:00+00:00,stop,-1.1761904761904838,0.0,1.0,15,0,15
20140102_0900_ny,ny,short,TRAIN,2014-01-02 14:30:00+00:00,2014-01-02 15:00:00+00:00,stop,-1.1370370370370348,0.14814814814817934,1.370370370370364,30,15,30
20140103_0100_london,london,long,TRAIN,2014-01-03 09:45:00+00:00,2014-01-03 13:30:00+00:00,stop,-1.0672727272727274,0.14545454545453718,1.1636363636363802,225,75,225
20140106_0500_ny,ny,long,TRAIN,2014-01-06 13:15:00+00:00,2014-01-06 14:45:00+00:00,target,0.9159090909090927,1.0,0.06818181818180644,90,90,15
20140121_0900_ny,ny,long,TRAIN,2014-01-21 14:45:00+00:00,2014-01-21 22:00:00+00:00,session_close,0.23541666666665773,0.9374999999999645,0.33333333333334914,435,300,30
20140207_0100_london,london,short,TRAIN,2014-02-07 08:15:00+00:00,2014-02-07 13:30:00+00:00,target,0.8911764705882309,1.0,0.6176470588235274,315,315,255
20140320_0100_london,london,short,TRAIN,2014-03-20 08:00:00+00:00,2014-03-20 09:45:00+00:00,target,0.9159090909090882,1.0,0.4772727272727214,105,105,45
20140326_0100_london,london,short,TRAIN,2014-03-26 08:15:00+00:00,2014-03-26 12:30:00+00:00,target,0.8052631578947228,1.0,0.8947368421052316,255,255,195
20140411_0100_london,london,short,TRAIN,2014-04-11 06:15:00+00:00,2014-04-11 06:45:00+00:00,target,0.8052631578947461,1.0,0.0526315789474377,30,30,15
20140416_0100_london,london,long,TRAIN,2014-04-16 06:45:00+00:00,2014-04-16 12:45:00+00:00,target,0.9471428571428572,1.0,0.3285714285714221,360,360,180
20140421_0900_ny,ny,short,TRAIN,2014-04-21 13:30:00+00:00,2014-04-21 21:00:00+00:00,session_close,-0.3632352941176574,0.4117647058823352,0.4264705882352961,450,75,30
20140528_0100_london,london,short,TRAIN,2014-05-28 07:00:00+00:00,2014-05-28 07:45:00+00:00,stop,-1.1423076923076974,0.038461538461592275,1.076923076923097,45,15,45
20140609_0900_ny,ny,long,TRAIN,2014-06-09 13:30:00+00:00,2014-06-09 15:00:00+00:00,stop,-1.1761904761904838,0.19047619047624204,1.0,90,15,90
20140627_0100_london,london,short,TRAIN,2014-06-27 07:00:00+00:00,2014-06-27 07:30:00+00:00,target,0.8576923076923026,1.0,0.3461538461538932,30,30,15
20140703_0100_london,london,long,TRAIN,2014-07-03 07:00:00+00:00,2014-07-03 11:15:00+00:00,stop,-1.1057142857142856,0.25714285714281815,1.8571428571428572,255,15,255
20140708_0100_london,london,long,TRAIN,2014-07-08 06:15:00+00:00,2014-07-08 11:15:00+00:00,target,0.852,1.0,0.5199999999999818,300,300,105
20140709_0500_ny,ny,short,TRAIN,2014-07-09 12:15:00+00:00,2014-07-09 14:00:00+00:00,target,0.8391304347826055,1.0,0.6086956521739646,105,105,15
20140715_0900_ny,ny,long,TRAIN,2014-07-15 14:00:00+00:00,2014-07-15 14:15:00+00:00,target,0.8576923076923151,1.0,0.0,15,15,0
20140901_0900_ny,ny,long,TRAIN,2014-09-01 13:45:00+00:00,2014-09-01 17:00:00+00:00,session_close,-0.20555555555556074,0.22222222222227836,0.44444444444443043,195,15,30
20140909_0900_ny,ny,long,TRAIN,2014-09-09 13:45:00+00:00,2014-09-09 16:00:00+00:00,stop,-1.0755102040816313,0.06122448979590795,1.3265306122448732,135,15,135
20140910_0100_london,london,short,TRAIN,2014-09-10 07:00:00+00:00,2014-09-10 08:00:00+00:00,target,0.7687499999999868,1.0,0.06249999999994671,60,60,15
20140917_0100_london,london,short,TRAIN,2014-09-17 06:15:00+00:00,2014-09-17 06:45:00+00:00,stop,-1.2055555555555348,0.11111111111099883,1.222222222222124,30,15,30
20140922_0900_ny,ny,long,TRAIN,2014-09-22 13:45:00+00:00,2014-09-22 16:00:00+00:00,target,0.8458333333333391,1.0,0.7083333333333255,135,135,90
20140930_0100_london,london,long,TRAIN,2014-09-30 06:15:00+00:00,2014-09-30 07:15:00+00:00,stop,-1.2466666666666668,0.0,1.066666666666606,60,0,60
20141013_0100_london,london,short,TRAIN,2014-10-13 07:00:00+00:00,2014-10-13 09:00:00+00:00,target,0.9259999999999999,1.0,0.05999999999999091,120,120,15
20141029_0100_london,london,short,TRAIN,2014-10-29 06:15:00+00:00,2014-10-29 09:45:00+00:00,target,0.6916666666666783,1.0,0.666666666666793,210,210,90
20141112_0500_ny,ny,short,TRAIN,2014-11-12 13:45:00+00:00,2014-11-12 17:00:00+00:00,target,0.9177777777777778,1.0,0.26666666666662625,195,195,15
20141114_0500_ny,ny,long,TRAIN,2014-11-14 13:30:00+00:00,2014-11-14 13:45:00+00:00,stop,-1.0822222222222222,0.0,1.1777777777777676,15,0,15
20141125_0500_ny,ny,long,TRAIN,2014-11-25 13:30:00+00:00,2014-11-25 13:45:00+00:00,stop,-1.0711538461538455,0.0,1.6923076923076688,15,0,15
20141126_0900_ny,ny,short,TRAIN,2014-11-26 14:45:00+00:00,2014-11-26 22:00:00+00:00,session_close,0.048148148148147336,0.6666666666666385,0.6296296296296359,435,105,30
20141212_0100_london,london,short,TRAIN,2014-12-12 09:30:00+00:00,2014-12-12 15:15:00+00:00,target,0.9301886792452824,1.0,0.9811320754717151,345,345,30
20150108_0500_ny,ny,short,TRAIN,2015-01-08 13:15:00+00:00,2015-01-08 13:45:00+00:00,stop,-1.1057142857142856,0.028571428571402584,1.1142857142857403,30,15,30
20150128_0900_ny,ny,long,TRAIN,2015-01-28 14:45:00+00:00,2015-01-28 19:30:00+00:00,stop,-1.1057142857142856,0.9428571428571298,1.9142857142857272,285,240,285
20150326_0900_ny,ny,long,TRAIN,2015-03-26 13:30:00+00:00,2015-03-26 21:00:00+00:00,session_close,-0.3568181818181848,0.18181818181816772,0.9545454545454451,450,60,285
20150413_0900_ny,ny,short,TRAIN,2015-04-13 13:30:00+00:00,2015-04-13 15:30:00+00:00,target,0.9301886792452824,1.0,0.056603773584897564,120,120,15
20150415_0500_ny,ny,long,TRAIN,2015-04-15 12:45:00+00:00,2015-04-15 17:15:00+00:00,target,0.9327272727272727,1.0,0.3818181818181653,270,270,15
20150421_0100_london,london,short,TRAIN,2015-04-21 06:15:00+00:00,2015-04-21 09:30:00+00:00,stop,-1.1541666666666608,0.874999999999929,1.2916666666666745,195,75,195
20150429_0500_ny,ny,short,TRAIN,2015-04-29 13:00:00+00:00,2015-04-29 21:00:00+00:00,session_close,0.2973333333333212,0.7733333333333273,0.7466666666666545,480,330,90
20150430_0100_london,london,long,TRAIN,2015-04-30 07:45:00+00:00,2015-04-30 08:45:00+00:00,target,0.8942857142857142,1.0,0.08571428571427273,60,60,15
20150505_0100_london,london,short,TRAIN,2015-05-05 06:30:00+00:00,2015-05-05 11:30:00+00:00,stop,-1.1761904761904838,0.9523809523809936,2.285714285714363,300,255,300
20150623_0900_ny,ny,long,TRAIN,2015-06-23 13:30:00+00:00,2015-06-23 13:45:00+00:00,target,0.8238095238095161,1.0,0.1428571428571274,15,15,15
20150626_0100_london,london,long,TRAIN,2015-06-26 06:15:00+00:00,2015-06-26 07:00:00+00:00,stop,-1.3083333333333218,0.3333333333333965,1.583333333333349,45,30,45
20150721_0500_ny,ny,short,TRAIN,2015-07-21 12:15:00+00:00,2015-07-21 18:45:00+00:00,target,0.9288461538461544,1.0,0.7692307692307625,390,390,135
20150722_0100_london,london,long,TRAIN,2015-07-22 06:15:00+00:00,2015-07-22 11:45:00+00:00,stop,-1.0616666666666668,0.14999999999997726,1.0166666666666895,330,15,330
20150812_0500_ny,ny,short,TRAIN,2015-08-12 12:45:00+00:00,2015-08-12 14:30:00+00:00,stop,-1.0755102040816313,0.5102040816326436,1.3673469387754942,105,30,105
20150831_0900_ny,ny,long,TRAIN,2015-08-31 13:30:00+00:00,2015-08-31 15:45:00+00:00,target,0.9097560975609735,1.0,0.4390243902439011,135,135,45
20150901_0500_ny,ny,long,TRAIN,2015-09-01 12:30:00+00:00,2015-09-01 13:00:00+00:00,target,0.8878787878787863,1.0,0.6969696969696928,30,30,15
20150916_0100_london,london,short,TRAIN,2015-09-16 06:15:00+00:00,2015-09-16 07:00:00+00:00,stop,-1.284615384615345,0.3846153846153308,1.3076923076921596,45,30,45
20150922_0100_london,london,long,TRAIN,2015-09-22 07:15:00+00:00,2015-09-22 07:45:00+00:00,target,0.8238095238095161,1.0,0.1428571428571274,30,30,15
20151019_0100_london,london,long,TRAIN,2015-10-19 07:45:00+00:00,2015-10-19 12:30:00+00:00,target,0.8678571428571407,1.0,0.6785714285713909,285,285,270
20151027_0500_ny,ny,short,TRAIN,2015-10-27 12:45:00+00:00,2015-10-27 21:00:00+00:00,session_close,-0.5979166666666723,0.8333333333333413,0.687499999999997,495,30,90
20151104_0500_ny,ny,long,TRAIN,2015-11-04 12:15:00+00:00,2015-11-04 15:15:00+00:00,stop,-1.0948717948717983,0.6923076923077282,1.2564102564102653,180,60,180
20151203_0100_london,london,long,TRAIN,2015-12-03 09:45:00+00:00,2015-12-03 12:45:00+00:00,target,0.7944444444444392,1.0,0.22222222222227836,180,180,30
20151215_0100_london,london,long,TRAIN,2015-12-15 07:45:00+00:00,2015-12-15 08:45:00+00:00,stop,-1.1608695652173946,0.08695652173915193,1.0,60,15,60
20160115_0900_ny,ny,short,TRAIN,2016-01-15 14:45:00+00:00,2016-01-15 22:00:00+00:00,session_close,0.5050000000000151,0.9000000000000151,0.4333333333333182,435,60,30
20160126_0900_ny,ny,long,TRAIN,2016-01-26 14:45:00+00:00,2016-01-26 15:30:00+00:00,target,0.8766666666666666,1.0,0.09999999999998484,45,45,15
20160201_0500_ny,ny,long,TRAIN,2016-02-01 14:00:00+00:00,2016-02-01 15:00:00+00:00,target,0.9159090909090927,1.0,0.22727272727272257,60,60,15
20160205_0100_london,london,long,TRAIN,2016-02-05 08:30:00+00:00,2016-02-05 10:00:00+00:00,target,0.8458333333333391,1.0,0.08333333333334912,90,90,15
20160211_0900_ny,ny,short,TRAIN,2016-02-11 14:45:00+00:00,2016-02-11 15:45:00+00:00,stop,-1.0333333333333328,0.14414414414413418,1.1441441441441342,60,15,60
20160429_0500_ny,ny,short,TRAIN,2016-04-29 11:30:00+00:00,2016-04-29 11:45:00+00:00,target,0.880645161290319,1.0,0.09677419354837527,15,15,15
20160510_0900_ny,ny,long,TRAIN,2016-05-10 13:30:00+00:00,2016-05-10 14:30:00+00:00,stop,-1.1233333333333333,0.5,2.3000000000000305,60,15,60
20160527_0900_ny,ny,long,TRAIN,2016-05-27 13:30:00+00:00,2016-05-27 14:30:00+00:00,stop,-1.1480000000000001,0.3600000000000364,1.4800000000000182,60,15,60
20160616_0900_ny,ny,short,TRAIN,2016-06-16 13:30:00+00:00,2016-06-16 14:30:00+00:00,stop,-1.1681818181818147,0.9090909090908903,1.8181818181817806,60,30,60
20160627_0900_ny,ny,long,TRAIN,2016-06-27 13:45:00+00:00,2016-06-27 15:15:00+00:00,stop,-1.0880952380952371,0.16666666666667568,1.2380952380952355,90,15,90
20160630_0100_london,london,long,TRAIN,2016-06-30 07:30:00+00:00,2016-06-30 09:15:00+00:00,target,0.9000000000000012,1.0,0.27027027027026695,105,105,15
20160711_0900_ny,ny,long,TRAIN,2016-07-11 13:30:00+00:00,2016-07-11 21:00:00+00:00,session_close,-0.26166666666667426,0.7166666666666591,0.5999999999999849,450,165,345
20160714_0900_ny,ny,long,TRAIN,2016-07-14 14:00:00+00:00,2016-07-14 14:45:00+00:00,target,0.9195652173913027,1.0,0.17391304347825443,45,45,15
20160801_0900_ny,ny,long,TRAIN,2016-08-01 13:45:00+00:00,2016-08-01 14:15:00+00:00,target,0.8391304347826055,1.0,0.21739130434783038,30,30,15
20160818_0100_london,london,long,TRAIN,2016-08-18 07:15:00+00:00,2016-08-18 08:15:00+00:00,stop,-1.1761904761904838,0.09523809523812102,1.285714285714363,60,15,60
20160912_0900_ny,ny,long,TRAIN,2016-09-12 14:00:00+00:00,2016-09-12 16:15:00+00:00,stop,-1.1057142857142856,0.6285714285714415,1.0857142857142728,135,15,135
20161017_0100_london,london,long,TRAIN,2016-10-17 08:30:00+00:00,2016-10-17 11:45:00+00:00,target,0.852,1.0,0.2,195,195,15
20161111_0100_london,london,short,TRAIN,2016-11-11 07:15:00+00:00,2016-11-11 08:15:00+00:00,target,0.9195652173913067,1.0,0.5000000000000248,60,60,15
20161121_0500_ny,ny,short,TRAIN,2016-11-21 12:30:00+00:00,2016-11-21 13:30:00+00:00,target,0.8878787878787863,1.0,0.3030303030303072,60,60,15
20161124_0100_london,london,short,TRAIN,2016-11-24 07:45:00+00:00,2016-11-24 08:15:00+00:00,target,0.9026315789473672,1.0,0.1842105263157438,30,30,30
20161202_0500_ny,ny,short,TRAIN,2016-12-02 14:00:00+00:00,2016-12-02 15:15:00+00:00,stop,-1.0468354430379754,0.07594936708862618,1.1265822784810149,75,15,75
20161212_0900_ny,ny,short,TRAIN,2016-12-12 14:45:00+00:00,2016-12-12 17:15:00+00:00,stop,-1.1057142857142856,0.7142857142857143,1.2285714285714806,150,30,150
20161214_0500_ny,ny,long,TRAIN,2016-12-14 13:45:00+00:00,2016-12-14 14:15:00+00:00,target,0.9000000000000012,1.0,0.21621621621620127,30,30,30
20170202_0100_london,london,long,TRAIN,2017-02-02 07:30:00+00:00,2017-02-02 09:00:00+00:00,target,0.8911764705882309,1.0,0.2941176470588353,90,90,45
20170209_0900_ny,ny,short,TRAIN,2017-02-09 15:00:00+00:00,2017-02-09 17:00:00+00:00,target,0.9486111111111114,1.0,0.013888888888876169,120,120,15
20170210_0900_ny,ny,long,TRAIN,2017-02-10 14:45:00+00:00,2017-02-10 15:15:00+00:00,target,0.9000000000000012,1.0,0.027027027027063565,30,30,15
20170221_0900_ny,ny,long,TRAIN,2017-02-21 15:00:00+00:00,2017-02-21 22:00:00+00:00,session_close,0.28589743589745503,0.7435897435897713,0.11538461538459857,420,165,15
20170314_0100_london,london,long,TRAIN,2017-03-14 06:45:00+00:00,2017-03-14 07:15:00+00:00,stop,-1.37,0.3999999999998636,1.2000000000000455,30,15,30
20170420_0900_ny,ny,long,TRAIN,2017-04-20 13:30:00+00:00,2017-04-20 21:00:00+00:00,session_close,0.3975609756097649,0.8780487804878576,0.8048780487804945,450,105,165
20170421_0100_london,london,long,TRAIN,2017-04-21 07:30:00+00:00,2017-04-21 09:00:00+00:00,target,0.815,1.0,0.14999999999997726,90,90,15
20170502_0900_ny,ny,long,TRAIN,2017-05-02 13:30:00+00:00,2017-05-02 14:15:00+00:00,target,0.8238095238095352,1.0,0.23809523809522262,45,45,15
20170524_0500_ny,ny,short,TRAIN,2017-05-24 13:00:00+00:00,2017-05-24 15:45:00+00:00,target,0.8238095238095352,1.0,0.6190476190475572,165,165,90
20170620_0500_ny,ny,short,TRAIN,2017-06-20 12:45:00+00:00,2017-06-20 14:00:00+00:00,target,0.8843750000000016,1.0,0.1874999999999689,75,75,15
20170727_0500_ny,ny,short,TRAIN,2017-07-27 13:00:00+00:00,2017-07-27 14:30:00+00:00,target,0.8391304347826055,1.0,0.13043478260867847,90,90,15
20170912_0500_ny,ny,short,TRAIN,2017-09-12 12:45:00+00:00,2017-09-12 18:30:00+00:00,stop,-1.1088235294117619,0.4117647058823018,1.5588235294117765,345,15,345
20170918_0900_ny,ny,long,TRAIN,2017-09-18 13:30:00+00:00,2017-09-18 14:45:00+00:00,stop,-1.1608695652173946,0.3913043478261342,1.4347826086956608,75,45,75
20170925_0100_london,london,long,TRAIN,2017-09-25 07:30:00+00:00,2017-09-25 09:45:00+00:00,target,0.8458333333333391,1.0,0.5833333333333491,135,135,30
20171011_0500_ny,ny,short,TRAIN,2017-10-11 12:15:00+00:00,2017-10-11 15:30:00+00:00,target,0.7944444444444652,1.0,0.9444444444443743,195,195,45
20171018_0900_ny,ny,short,TRAIN,2017-10-18 14:00:00+00:00,2017-10-18 21:00:00+00:00,session_close,-0.3261904761904727,0.11904761904761776,0.6190476190475906,420,15,165
20171110_0900_ny,ny,short,TRAIN,2017-11-10 15:00:00+00:00,2017-11-10 16:15:00+00:00,target,0.8238095238095161,1.0,0.6190476190476242,75,75,15
20171116_0900_ny,ny,long,TRAIN,2017-11-16 14:45:00+00:00,2017-11-16 22:00:00+00:00,session_close,-0.4348837209302372,0.41860465116278456,0.6744186046511911,435,15,270
20171211_0900_ny,ny,long,TRAIN,2017-12-11 14:45:00+00:00,2017-12-11 16:45:00+00:00,stop,-1.1608695652173786,0.2608695652173311,1.0,120,30,120
20171226_0900_ny,ny,short,TRAIN,2017-12-26 14:30:00+00:00,2017-12-26 16:00:00+00:00,stop,-1.2055555555555608,0.33333333333329124,1.0,90,75,90
20180202_0100_london,london,long,TRAIN,2018-02-02 07:15:00+00:00,2018-02-02 10:00:00+00:00,stop,-1.1370370370370348,0.18518518518518207,1.2962962962962745,165,45,165
20180202_0900_ny,ny,long,TRAIN,2018-02-02 14:30:00+00:00,2018-02-02 15:00:00+00:00,stop,-1.1156249999999983,0.15624999999999778,1.5624999999999778,30,15,30
20180221_0100_london,london,long,TRAIN,2018-02-21 08:15:00+00:00,2018-02-21 14:15:00+00:00,target,0.8942857142857142,1.0,0.17142857142854545,360,360,15
20180403_0100_london,london,short,TRAIN,2018-04-03 07:15:00+00:00,2018-04-03 08:15:00+00:00,target,0.8629629629629653,1.0,0.18518518518518207,60,60,15
20180405_0900_ny,ny,long,TRAIN,2018-04-05 13:45:00+00:00,2018-04-05 21:00:00+00:00,session_close,-0.2929824561403406,0.35087719298245335,0.84210526315788,435,15,75
20180424_0100_london,london,short,TRAIN,2018-04-24 06:45:00+00:00,2018-04-24 07:00:00+00:00,target,0.815,1.0,0.05000000000006821,15,15,15
20180424_0500_ny,ny,long,TRAIN,2018-04-24 13:00:00+00:00,2018-04-24 13:15:00+00:00,target,0.8238095238095161,1.0,0.4761904761904968,15,15,15
20180620_0100_london,london,long,TRAIN,2018-06-20 07:15:00+00:00,2018-06-20 08:15:00+00:00,stop,-1.284615384615345,0.5384615384613232,1.3076923076921596,60,45,60
20180620_0900_ny,ny,short,TRAIN,2018-06-20 13:45:00+00:00,2018-06-20 18:00:00+00:00,target,0.880645161290319,1.0,0.451612903225849,255,255,90
20180622_0900_ny,ny,long,TRAIN,2018-06-22 13:30:00+00:00,2018-06-22 21:00:00+00:00,session_close,-0.025000000000016644,0.6785714285714721,0.42857142857145175,450,90,15
20180627_0500_ny,ny,short,TRAIN,2018-06-27 12:15:00+00:00,2018-06-27 14:15:00+00:00,target,0.8972222222222261,1.0,0.25000000000001577,120,120,15
20180629_0900_ny,ny,long,TRAIN,2018-06-29 14:00:00+00:00,2018-06-29 16:15:00+00:00,target,0.8843750000000016,1.0,0.1874999999999689,135,135,15
20180801_0100_london,london,short,TRAIN,2018-08-01 09:00:00+00:00,2018-08-01 13:00:00+00:00,target,0.8238095238095352,1.0,0.2857142857143321,240,240,120
20180816_0900_ny,ny,long,TRAIN,2018-08-16 13:30:00+00:00,2018-08-16 14:00:00+00:00,target,0.8843750000000016,1.0,0.06250000000001332,30,30,15
20180919_0500_ny,ny,long,TRAIN,2018-09-19 12:30:00+00:00,2018-09-19 21:00:00+00:00,session_close,-0.2675000000000114,0.39999999999997726,0.9250000000000114,510,30,105
20180921_0100_london,london,long,TRAIN,2018-09-21 08:30:00+00:00,2018-09-21 10:15:00+00:00,stop,-1.1681818181818147,0.0909090909091097,1.3181818181818323,105,15,105
20180926_0100_london,london,long,TRAIN,2018-09-26 07:15:00+00:00,2018-09-26 09:45:00+00:00,stop,-1.1681818181818147,0.5454545454545549,1.0909090909090065,150,15,150
20180926_0900_ny,ny,long,TRAIN,2018-09-26 14:00:00+00:00,2018-09-26 18:15:00+00:00,target,0.8766666666666666,1.0,0.9000000000000151,255,255,45
20181018_0900_ny,ny,long,TRAIN,2018-10-18 13:30:00+00:00,2018-10-18 15:30:00+00:00,target,0.9000000000000012,1.0,0.567567567567536,120,120,30
20181030_0900_ny,ny,short,TRAIN,2018-10-30 13:30:00+00:00,2018-10-30 21:00:00+00:00,session_close,0.39677419354844273,0.7096774193548742,0.6774193548387002,450,210,75
20181126_0500_ny,ny,long,TRAIN,2018-11-26 13:30:00+00:00,2018-11-26 14:45:00+00:00,stop,-1.1608695652173946,0.3478260869566077,1.1304347826086785,75,15,75
20181127_0100_london,london,short,TRAIN,2018-11-27 08:00:00+00:00,2018-11-27 10:30:00+00:00,stop,-1.112121212121206,0.21212121212114532,1.5454545454545017,150,45,150
20181128_0500_ny,ny,short,TRAIN,2018-11-28 12:15:00+00:00,2018-11-28 14:15:00+00:00,target,0.815,1.0,0.20000000000004547,120,120,90
20181204_0500_ny,ny,short,TRAIN,2018-12-04 13:45:00+00:00,2018-12-04 14:15:00+00:00,stop,-1.0902439024390214,0.0,1.024390243902416,30,0,30
20181226_0900_ny,ny,short,TRAIN,2018-12-26 14:45:00+00:00,2018-12-26 15:45:00+00:00,stop,-1.0999999999999988,0.16216216216213558,1.0540540540540657,60,15,60
20190204_0900_ny,ny,long,TRAIN,2019-02-04 14:30:00+00:00,2019-02-04 22:00:00+00:00,session_close,-0.04146341463413617,0.8048780487804945,0.4146341463414837,450,240,30
20190205_0500_ny,ny,short,TRAIN,2019-02-05 14:00:00+00:00,2019-02-05 22:00:00+00:00,session_close,-0.34642857142854455,0.6785714285714721,0.7499999999999797,480,195,90
20190207_0100_london,london,short,TRAIN,2019-02-07 07:15:00+00:00,2019-02-07 08:15:00+00:00,target,0.5375000000001051,1.0,0.75,60,60,15
20190211_0900_ny,ny,long,TRAIN,2019-02-11 14:45:00+00:00,2019-02-11 15:30:00+00:00,target,0.8724137931034522,1.0,0.06896551724139283,45,45,30
20190212_0900_ny,ny,long,TRAIN,2019-02-12 14:30:00+00:00,2019-02-12 15:00:00+00:00,stop,-1.2055555555555348,0.2777777777777497,1.0555555555554994,30,15,30
20190222_0100_london,london,short,TRAIN,2019-02-22 07:45:00+00:00,2019-02-22 08:30:00+00:00,stop,-1.2466666666666668,0.0,1.0666666666667577,45,0,45
20190225_0500_ny,ny,long,TRAIN,2019-02-25 13:45:00+00:00,2019-02-25 22:00:00+00:00,session_close,-0.5637931034482567,0.3965517241379655,0.8448275862068797,495,60,240
20190315_0500_ny,ny,short,TRAIN,2019-03-15 12:15:00+00:00,2019-03-15 12:45:00+00:00,target,0.7687499999999868,1.0,0.4375000000000533,30,30,15
20190315_0900_ny,ny,long,TRAIN,2019-03-15 13:30:00+00:00,2019-03-15 14:30:00+00:00,target,0.8724137931034522,1.0,0.03448275862073562,60,60,15
20190404_0100_london,london,short,TRAIN,2019-04-04 06:15:00+00:00,2019-04-04 07:00:00+00:00,stop,-1.2466666666666668,0.0,1.0,45,0,45
20190405_0500_ny,ny,long,TRAIN,2019-04-05 12:15:00+00:00,2019-04-05 12:30:00+00:00,target,0.7823529411764764,1.0,0.7058823529411843,15,15,15
20190424_0500_ny,ny,short,TRAIN,2019-04-24 12:15:00+00:00,2019-04-24 12:30:00+00:00,target,0.7687499999999868,1.0,0.5625000000000888,15,15,15
20190424_0900_ny,ny,long,TRAIN,2019-04-24 13:30:00+00:00,2019-04-24 14:30:00+00:00,target,0.815,1.0,0.15000000000009095,60,60,15
20190501_0900_ny,ny,short,TRAIN,2019-05-01 14:00:00+00:00,2019-05-01 14:15:00+00:00,stop,-1.1121212121212136,0.0,1.3636363636363824,15,0,15
20190522_0100_london,london,long,TRAIN,2019-05-22 06:15:00+00:00,2019-05-22 06:30:00+00:00,stop,-1.2846153846153947,0.0,1.0,15,0,15
20190529_0900_ny,ny,long,TRAIN,2019-05-29 13:30:00+00:00,2019-05-29 13:45:00+00:00,target,0.7944444444444392,1.0,0.6666666666665825,15,15,15
20190726_0500_ny,ny,short,TRAIN,2019-07-26 12:15:00+00:00,2019-07-26 12:45:00+00:00,target,0.8391304347826055,1.0,0.5217391304347139,30,30,15
20190801_0100_london,london,long,TRAIN,2019-08-01 08:30:00+00:00,2019-08-01 10:45:00+00:00,target,0.8724137931034522,1.0,0.20689655172417848,135,135,30
20190801_0500_ny,ny,long,TRAIN,2019-08-01 12:45:00+00:00,2019-08-01 13:15:00+00:00,stop,-1.0822222222222222,0.511111111111101,1.0444444444444545,30,15,30
20190802_0500_ny,ny,short,TRAIN,2019-08-02 13:00:00+00:00,2019-08-02 14:15:00+00:00,stop,-1.0445783132530122,0.3975903614457798,1.2168674698795412,75,15,75
20190923_0100_london,london,long,TRAIN,2019-09-23 07:30:00+00:00,2019-09-23 09:00:00+00:00,target,0.9259999999999999,1.0,0.06000000000003638,90,90,15
20190923_0900_ny,ny,short,TRAIN,2019-09-23 13:30:00+00:00,2019-09-23 14:00:00+00:00,stop,-1.1027777777777739,0.41666666666665086,1.0277777777777515,30,15,30
20191003_0900_ny,ny,long,TRAIN,2019-10-03 13:45:00+00:00,2019-10-03 14:15:00+00:00,target,0.9195652173913027,1.0,0.5217391304347633,30,30,15
20191016_0500_ny,ny,long,TRAIN,2019-10-16 12:45:00+00:00,2019-10-16 21:00:00+00:00,session_close,0.24128440366972276,0.4128440366972443,0.4678899082568685,495,30,105
20191018_0900_ny,ny,short,TRAIN,2019-10-18 13:30:00+00:00,2019-10-18 21:00:00+00:00,session_close,0.20322580645161886,0.6774193548387736,0.6774193548387002,450,45,15
20191022_0900_ny,ny,short,TRAIN,2019-10-22 14:00:00+00:00,2019-10-22 15:00:00+00:00,target,0.8576923076923026,1.0,0.15384615384610675,60,60,15
20191104_0100_london,london,short,TRAIN,2019-11-04 08:15:00+00:00,2019-11-04 13:30:00+00:00,stop,-1.074,0.22000000000002728,1.0399999999999636,315,15,315
20191104_0500_ny,ny,short,TRAIN,2019-11-04 13:30:00+00:00,2019-11-04 16:30:00+00:00,target,0.9195652173913027,1.0,0.2826086956521696,180,180,105
20191118_0500_ny,ny,short,TRAIN,2019-11-18 14:00:00+00:00,2019-11-18 14:15:00+00:00,stop,-1.1541666666666608,0.0,1.2499999999999527,15,0,15
20191119_0100_london,london,long,TRAIN,2019-11-19 08:15:00+00:00,2019-11-19 08:45:00+00:00,stop,-1.1681818181818147,0.0,1.409090909090942,30,0,30
20191202_0500_ny,ny,short,TRAIN,2019-12-02 14:00:00+00:00,2019-12-02 15:15:00+00:00,stop,-1.1027777777777739,0.41666666666665086,1.472222222222217,75,30,75
20191203_0100_london,london,short,TRAIN,2019-12-03 08:15:00+00:00,2019-12-03 08:45:00+00:00,stop,-1.185,0.0,1.1000000000000227,30,0,30
20191205_0500_ny,ny,short,TRAIN,2019-12-05 13:30:00+00:00,2019-12-05 16:45:00+00:00,stop,-1.0948717948717928,0.6410256410256261,1.1025641025640651,195,60,195
20191220_0500_ny,ny,short,TRAIN,2019-12-20 13:45:00+00:00,2019-12-20 14:00:00+00:00,stop,-1.2176470588235238,0.0,1.1176470588234193,15,0,15
20191224_0500_ny,ny,long,TRAIN,2019-12-24 13:30:00+00:00,2019-12-24 14:45:00+00:00,target,0.8318181818181852,1.0,0.5000000000000516,75,75,15
20200102_0900_ny,ny,short,TRAIN,2020-01-02 15:00:00+00:00,2020-01-02 15:45:00+00:00,stop,-1.0787234042553184,0.10638297872340323,1.0638297872340323,45,15,45
20200110_0500_ny,ny,short,TRAIN,2020-01-10 14:00:00+00:00,2020-01-10 16:00:00+00:00,stop,-1.0435294117647058,0.11764705882352941,1.2823529411764814,120,15,120
20200116_0900_ny,ny,long,TRAIN,2020-01-16 15:00:00+00:00,2020-01-16 15:30:00+00:00,stop,-1.0999999999999988,0.4864864864864682,1.1081081081081314,30,15,30
20200124_0100_london,london,long,TRAIN,2020-01-24 08:30:00+00:00,2020-01-24 08:45:00+00:00,stop,-1.2312500000000133,0.0,1.4375000000000533,15,0,15
20200124_0500_ny,ny,long,TRAIN,2020-01-24 13:30:00+00:00,2020-01-24 13:45:00+00:00,target,0.852,1.0,0.0,15,15,0
20200206_0900_ny,ny,short,TRAIN,2020-02-06 15:00:00+00:00,2020-02-06 22:00:00+00:00,session_close,-0.6898305084745734,0.23728813559323209,0.7796610169491252,420,60,330
20200226_0900_ny,ny,long,TRAIN,2020-02-26 15:00:00+00:00,2020-02-26 18:45:00+00:00,target,0.9663636363636364,1.0,0.327272727272719,225,225,30
20200327_0900_ny,ny,short,VALIDATION,2020-03-27 13:45:00+00:00,2020-03-27 21:00:00+00:00,session_close,-0.7323699421965311,0.3988439306358313,0.8554913294797684,435,45,210
20200506_0100_london,london,long,VALIDATION,2020-05-06 07:00:00+00:00,2020-05-06 08:30:00+00:00,stop,-1.0880952380952371,0.6190476190475906,1.500000000000027,90,75,90
20200513_0900_ny,ny,short,VALIDATION,2020-05-13 13:30:00+00:00,2020-05-13 21:00:00+00:00,session_close,-0.7141592920354051,0.40707964601771285,0.7787610619469018,450,15,120
20200515_0900_ny,ny,short,VALIDATION,2020-05-15 13:30:00+00:00,2020-05-15 13:45:00+00:00,target,0.8972222222222196,1.0,0.1388888888888924,15,15,15
20200615_0900_ny,ny,long,VALIDATION,2020-06-15 14:00:00+00:00,2020-06-15 14:15:00+00:00,target,0.9288461538461544,1.0,0.0,15,15,0
20200624_0900_ny,ny,long,VALIDATION,2020-06-24 13:45:00+00:00,2020-06-24 16:15:00+00:00,stop,-1.030081300813008,0.4878048780487823,1.0894308943089546,150,90,150
20200629_0500_ny,ny,long,VALIDATION,2020-06-29 13:00:00+00:00,2020-06-29 13:45:00+00:00,target,0.9097560975609735,1.0,0.048780487804834766,45,45,15
20200702_0100_london,london,short,VALIDATION,2020-07-02 07:30:00+00:00,2020-07-02 07:45:00+00:00,stop,-1.1541666666666608,0.0,1.2083333333333255,15,0,15
20200706_0900_ny,ny,short,VALIDATION,2020-07-06 14:00:00+00:00,2020-07-06 14:30:00+00:00,target,0.9212765957446816,1.0,0.4255319148936129,30,30,15
20200818_0900_ny,ny,short,VALIDATION,2020-08-18 14:00:00+00:00,2020-08-18 14:30:00+00:00,target,0.9689075630252098,1.0,0.30252100840335716,30,30,15
20200902_0500_ny,ny,long,VALIDATION,2020-09-02 12:30:00+00:00,2020-09-02 13:45:00+00:00,stop,-1.023566878980892,0.0636942675159243,1.3375796178344104,75,15,75
20200914_0900_ny,ny,short,VALIDATION,2020-09-14 13:30:00+00:00,2020-09-14 14:00:00+00:00,stop,-1.088095238095242,0.0,1.2142857142857453,30,0,30
20201029_0900_ny,ny,long,VALIDATION,2020-10-29 13:30:00+00:00,2020-10-29 14:00:00+00:00,target,0.9439393939393932,1.0,0.378787878787884,30,30,30
20201105_0100_london,london,short,VALIDATION,2020-11-05 07:45:00+00:00,2020-11-05 08:30:00+00:00,stop,-1.0725490196078444,0.27450980392159136,1.6666666666666965,45,15,45
20201110_0900_ny,ny,short,VALIDATION,2020-11-10 14:45:00+00:00,2020-11-10 15:30:00+00:00,stop,-1.0596774193548404,0.14516129032259958,1.1451612903225996,45,15,45
20201111_0100_london,london,short,VALIDATION,2020-11-11 07:15:00+00:00,2020-11-11 11:30:00+00:00,target,0.9500000000000006,1.0,0.5810810810810986,255,255,180
20201119_0500_ny,ny,long,VALIDATION,2020-11-19 14:00:00+00:00,2020-11-19 22:00:00+00:00,session_close,0.5731182795699001,0.8494623655914117,0.5268817204300954,480,480,30
20201130_0900_ny,ny,short,VALIDATION,2020-11-30 14:45:00+00:00,2020-11-30 15:00:00+00:00,stop,-1.0486842105263163,0.0,1.2368421052631549,15,0,15
20201208_0500_ny,ny,short,VALIDATION,2020-12-08 14:00:00+00:00,2020-12-08 14:45:00+00:00,stop,-1.0440476190476184,0.023809523809528964,1.2619047619047374,45,15,45
20201208_0900_ny,ny,short,VALIDATION,2020-12-08 15:00:00+00:00,2020-12-08 15:15:00+00:00,target,0.9339285714285703,1.0,0.07142857142854822,15,15,15
20201222_0900_ny,ny,short,VALIDATION,2020-12-22 14:30:00+00:00,2020-12-22 14:45:00+00:00,target,0.8911764705882381,1.0,0.4411764705882235,15,15,15
20201224_0900_ny,ny,long,VALIDATION,2020-12-24 14:45:00+00:00,2020-12-24 15:15:00+00:00,target,0.9259999999999999,1.0,0.1,30,30,15
20201230_0500_ny,ny,long,VALIDATION,2020-12-30 13:30:00+00:00,2020-12-30 15:00:00+00:00,target,0.9421875000000008,1.0,0.3593750000000233,90,90,60
20210112_0900_ny,ny,long,VALIDATION,2021-01-12 14:30:00+00:00,2021-01-12 19:45:00+00:00,target,0.961458333333334,1.0,0.8125000000000074,315,315,195
20210203_0500_ny,ny,short,VALIDATION,2021-02-03 13:45:00+00:00,2021-02-03 15:00:00+00:00,target,0.9339285714285703,1.0,0.642857142857137,75,75,60
20210205_0500_ny,ny,long,VALIDATION,2021-02-05 13:45:00+00:00,2021-02-05 17:00:00+00:00,target,0.9650943396226412,1.0,0.7830188679245307,195,195,30
20210210_0500_ny,ny,long,VALIDATION,2021-02-10 13:15:00+00:00,2021-02-10 13:45:00+00:00,target,0.9486111111111114,1.0,0.36111111111112776,30,30,15
20210219_0900_ny,ny,short,VALIDATION,2021-02-19 14:30:00+00:00,2021-02-19 15:00:00+00:00,stop,-1.041111111111111,0.09999999999998484,1.4222222222222425,30,15,30
20210304_0500_ny,ny,short,VALIDATION,2021-03-04 13:30:00+00:00,2021-03-04 17:30:00+00:00,target,0.9584269662921343,1.0,0.8876404494382005,240,240,165
20210406_0100_london,london,long,VALIDATION,2021-04-06 07:30:00+00:00,2021-04-06 08:15:00+00:00,target,0.8911764705882309,1.0,0.20588235294113122,45,45,15
20210427_0900_ny,ny,long,VALIDATION,2021-04-27 14:00:00+00:00,2021-04-27 18:00:00+00:00,stop,-1.0616666666666668,0.2000000000000076,1.0999999999999848,240,30,240
20210505_0900_ny,ny,short,VALIDATION,2021-05-05 13:30:00+00:00,2021-05-05 14:15:00+00:00,stop,-1.0787234042553222,0.08510638297874605,1.127659574468119,45,30,45
20210507_0100_london,london,short,VALIDATION,2021-05-07 09:00:00+00:00,2021-05-07 12:15:00+00:00,target,0.8629629629629653,1.0,0.14814814814817934,195,195,180
20210521_0900_ny,ny,short,VALIDATION,2021-05-21 13:30:00+00:00,2021-05-21 14:00:00+00:00,target,0.9212765957446816,1.0,0.6382978723404193,30,30,15
20210525_0900_ny,ny,long,VALIDATION,2021-05-25 13:45:00+00:00,2021-05-25 14:15:00+00:00,target,0.9212765957446816,1.0,0.17021276595743548,30,30,15
20210601_0100_london,london,long,VALIDATION,2021-06-01 09:00:00+00:00,2021-06-01 10:45:00+00:00,stop,-1.0544117647058808,0.10294117647055873,1.0,105,30,105
20210602_0900_ny,ny,short,VALIDATION,2021-06-02 14:00:00+00:00,2021-06-02 21:00:00+00:00,session_close,-0.8661290322580899,0.451612903225849,0.9516129032258124,420,60,420
20210610_0900_ny,ny,short,VALIDATION,2021-06-10 13:30:00+00:00,2021-06-10 16:15:00+00:00,stop,-1.0493333333333335,0.3199999999999818,1.0666666666666667,165,15,165
20210625_0100_london,london,short,VALIDATION,2021-06-25 06:15:00+00:00,2021-06-25 07:30:00+00:00,stop,-1.1370370370370348,0.7407407407407283,1.7407407407407283,75,15,75
20210629_0500_ny,ny,long,VALIDATION,2021-06-29 11:45:00+00:00,2021-06-29 12:45:00+00:00,stop,-1.035238095238095,0.3047619047619091,1.7333333333333376,60,45,60
20210707_0900_ny,ny,long,VALIDATION,2021-07-07 13:45:00+00:00,2021-07-07 14:30:00+00:00,stop,-1.0770833333333305,0.5416666666666272,1.0,45,15,45
20210803_0500_ny,ny,long,VALIDATION,2021-08-03 12:45:00+00:00,2021-08-03 13:00:00+00:00,target,0.8878787878787863,1.0,0.0,15,15,0
20210817_0900_ny,ny,long,VALIDATION,2021-08-17 13:45:00+00:00,2021-08-17 14:15:00+00:00,stop,-1.0698113207547175,0.3396226415094283,1.735849056603797,30,15,30
20210825_0100_london,london,long,VALIDATION,2021-08-25 07:45:00+00:00,2021-08-25 11:30:00+00:00,stop,-1.1233333333333333,0.7333333333333485,1.3333333333333333,225,45,225
20210825_0500_ny,ny,long,VALIDATION,2021-08-25 11:45:00+00:00,2021-08-25 13:45:00+00:00,stop,-1.0725490196078413,0.7254901960784209,1.784313725490175,120,90,120
20210831_0900_ny,ny,long,VALIDATION,2021-08-31 13:30:00+00:00,2021-08-31 21:00:00+00:00,session_close,0.4920454545454622,0.8409090909090797,0.6136363636363772,450,240,120
20210902_0500_ny,ny,long,VALIDATION,2021-09-02 13:00:00+00:00,2021-09-02 14:15:00+00:00,stop,-1.0725490196078444,0.03921568627451942,1.8627450980392488,75,15,75
20210908_0100_london,london,short,VALIDATION,2021-09-08 08:00:00+00:00,2021-09-08 12:15:00+00:00,stop,-1.1275862068965579,0.862068965517282,1.2068965517241947,255,240,255
20210910_0900_ny,ny,long,VALIDATION,2021-09-10 13:30:00+00:00,2021-09-10 13:45:00+00:00,stop,-1.1121212121212136,0.0,1.4848484848485328,15,0,15
20210913_0100_london,london,short,VALIDATION,2021-09-13 06:15:00+00:00,2021-09-13 07:00:00+00:00,target,0.8806451612903278,1.0,0.1290322580645398,45,45,15
20210915_0500_ny,ny,short,VALIDATION,2021-09-15 12:45:00+00:00,2021-09-15 13:00:00+00:00,target,0.9362068965517236,1.0,0.05172413793102705,15,15,15
20210915_0900_ny,ny,long,VALIDATION,2021-09-15 13:30:00+00:00,2021-09-15 14:15:00+00:00,stop,-1.0860465116279079,0.558139534883748,1.0232558139534675,45,15,45
20211001_0100_london,london,short,VALIDATION,2021-10-01 07:30:00+00:00,2021-10-01 13:00:00+00:00,stop,-1.0860465116279079,0.9534883720930122,1.6046511627907358,330,300,330
20211006_0100_london,london,long,VALIDATION,2021-10-06 06:15:00+00:00,2021-10-06 07:15:00+00:00,stop,-1.0999999999999988,0.3243243243243326,1.8918918918918686,60,30,60
20211028_0500_ny,ny,short,VALIDATION,2021-10-28 12:45:00+00:00,2021-10-28 13:30:00+00:00,stop,-1.0536231884057965,0.5362318840579705,1.02898550724635,45,30,45
20211028_0900_ny,ny,short,VALIDATION,2021-10-28 13:45:00+00:00,2021-10-28 14:45:00+00:00,target,0.9597826086956525,1.0,0.34782608695652495,60,60,30
20211101_0900_ny,ny,short,VALIDATION,2021-11-01 13:45:00+00:00,2021-11-01 14:00:00+00:00,stop,-1.0948717948717928,0.0,1.0769230769230635,15,0,15
20211104_0900_ny,ny,short,VALIDATION,2021-11-04 13:30:00+00:00,2021-11-04 13:45:00+00:00,stop,-1.2176470588235238,0.0,1.5882352941176314,15,0,15
20211110_0500_ny,ny,short,VALIDATION,2021-11-10 13:30:00+00:00,2021-11-10 13:45:00+00:00,stop,-1.1761904761904647,0.0,12.190476190475463,15,0,15
20211208_0100_london,london,long,VALIDATION,2021-12-08 07:30:00+00:00,2021-12-08 08:45:00+00:00,stop,-1.1088235294117692,0.6470588235294511,1.0882352941176372,75,30,75
20211215_0500_ny,ny,short,VALIDATION,2021-12-15 12:45:00+00:00,2021-12-15 13:00:00+00:00,stop,-1.185,0.0,1.0499999999999545,15,0,15
20211215_0900_ny,ny,long,VALIDATION,2021-12-15 15:00:00+00:00,2021-12-15 18:45:00+00:00,stop,-1.0616666666666668,0.15000000000001515,1.1833333333333182,225,15,225
20211216_0900_ny,ny,short,VALIDATION,2021-12-16 14:30:00+00:00,2021-12-16 14:45:00+00:00,stop,-1.0902439024390265,0.0,1.439024390243901,15,0,15
20220105_0100_london,london,long,VALIDATION,2022-01-05 07:15:00+00:00,2022-01-05 09:30:00+00:00,target,0.8942857142857142,1.0,0.8857142857142597,135,135,45
20220105_0900_ny,ny,short,VALIDATION,2022-01-05 15:00:00+00:00,2022-01-05 15:45:00+00:00,target,0.9195652173913067,1.0,0.17391304347829525,45,45,15
20220110_0100_london,london,long,VALIDATION,2022-01-10 07:30:00+00:00,2022-01-10 09:00:00+00:00,target,0.8766666666666666,1.0,0.4666666666666212,90,90,60
20220110_0900_ny,ny,long,VALIDATION,2022-01-10 14:45:00+00:00,2022-01-10 17:45:00+00:00,target,0.9274509803921588,1.0,0.5490196078431583,180,180,75
20220113_0100_london,london,long,VALIDATION,2022-01-13 07:30:00+00:00,2022-01-13 08:45:00+00:00,stop,-1.119354838709681,0.5161290322580503,1.7096774193548743,75,45,75
20220114_0100_london,london,short,VALIDATION,2022-01-14 08:30:00+00:00,2022-01-14 09:15:00+00:00,target,0.8878787878787863,1.0,0.1515151515151536,45,45,15
20220120_0900_ny,ny,short,VALIDATION,2022-01-20 14:30:00+00:00,2022-01-20 15:00:00+00:00,target,0.8678571428571407,1.0,0.7142857142857258,30,30,30
20220125_0100_london,london,short,VALIDATION,2022-01-25 07:45:00+00:00,2022-01-25 08:30:00+00:00,target,0.815,1.0,0.5499999999999545,45,45,45
20220131_0900_ny,ny,short,VALIDATION,2022-01-31 15:00:00+00:00,2022-01-31 22:00:00+00:00,session_close,-0.29148936170212486,0.5957446808510484,0.8297872340425161,420,60,300
20220203_0900_ny,ny,short,VALIDATION,2022-02-03 14:30:00+00:00,2022-02-03 14:45:00+00:00,target,0.8942857142857142,1.0,0.22857142857141557,15,15,15
20220318_0900_ny,ny,long,VALIDATION,2022-03-18 13:45:00+00:00,2022-03-18 19:15:00+00:00,stop,-1.0305785123966944,0.47107438016529657,1.0826446280991742,330,75,330
20220321_0900_ny,ny,long,VALIDATION,2022-03-21 13:45:00+00:00,2022-03-21 14:30:00+00:00,target,0.9630000000000001,1.0,0.07000000000000454,45,45,15
20220404_0900_ny,ny,short,VALIDATION,2022-04-04 14:00:00+00:00,2022-04-04 21:00:00+00:00,session_close,-0.6226562500000129,0.07812500000000028,0.8750000000000067,420,15,60
20220405_0100_london,london,short,VALIDATION,2022-04-05 07:15:00+00:00,2022-04-05 07:30:00+00:00,target,0.8678571428571407,1.0,0.0,15,15,0
20220412_0500_ny,ny,short,VALIDATION,2022-04-12 12:30:00+00:00,2022-04-12 12:45:00+00:00,stop,-1.0627118644067812,0.0,2.2033898305085255,15,0,15
20220426_0900_ny,ny,short,VALIDATION,2022-04-26 14:00:00+00:00,2022-04-26 21:00:00+00:00,session_close,-0.23974358974359117,0.9871794871794988,0.5384615384615182,420,285,60
20220429_0500_ny,ny,short,VALIDATION,2022-04-29 12:15:00+00:00,2022-04-29 12:30:00+00:00,target,0.9159090909090882,1.0,0.0,15,15,0
20220608_0500_ny,ny,long,VALIDATION,2022-06-08 12:45:00+00:00,2022-06-08 15:15:00+00:00,target,0.9513157894736851,1.0,0.13157894736841869,150,150,15
20220624_0100_london,london,long,VALIDATION,2022-06-24 07:30:00+00:00,2022-06-24 08:00:00+00:00,target,0.9229166666666659,1.0,0.12499999999998224,30,30,15
20220708_0500_ny,ny,short,VALIDATION,2022-07-08 12:30:00+00:00,2022-07-08 12:45:00+00:00,target,0.9362068965517262,1.0,0.3103448275862285,15,15,15
20220713_0100_london,london,long,VALIDATION,2022-07-13 06:45:00+00:00,2022-07-13 09:15:00+00:00,target,0.9026315789473672,1.0,0.28947368421050584,150,150,45
20220715_0900_ny,ny,short,VALIDATION,2022-07-15 13:30:00+00:00,2022-07-15 21:00:00+00:00,session_close,-0.2768292682926925,0.9756097560975555,0.29268292682927777,450,60,450
20220728_0100_london,london,short,VALIDATION,2022-07-28 07:30:00+00:00,2022-07-28 08:15:00+00:00,stop,-1.0711538461538455,0.2307692307692375,1.576923076923072,45,15,45
20220804_0900_ny,ny,long,VALIDATION,2022-08-04 13:45:00+00:00,2022-08-04 14:00:00+00:00,target,0.9097560975609786,1.0,0.048780487804887515,15,15,15
20220805_0900_ny,ny,long,VALIDATION,2022-08-05 13:30:00+00:00,2022-08-05 14:15:00+00:00,target,0.9421874999999987,1.0,0.234375000000005,45,45,15
20220808_0100_london,london,short,VALIDATION,2022-08-08 06:15:00+00:00,2022-08-08 07:30:00+00:00,stop,-1.1057142857142856,0.0,1.4857142857142986,75,0,75
20220822_0900_ny,ny,short,VALIDATION,2022-08-22 14:00:00+00:00,2022-08-22 14:30:00+00:00,stop,-1.060655737704919,0.2295081967213298,1.114754098360665,30,15,30
20220823_0500_ny,ny,long,VALIDATION,2022-08-23 12:45:00+00:00,2022-08-23 14:00:00+00:00,target,0.9421875000000008,1.0,0.10937500000000555,75,75,30
20220901_0100_london,london,short,VALIDATION,2022-09-01 06:15:00+00:00,2022-09-01 08:30:00+00:00,target,0.9051282051282018,1.0,0.5897435897435988,135,135,45
20220906_0900_ny,ny,long,VALIDATION,2022-09-06 13:30:00+00:00,2022-09-06 14:15:00+00:00,stop,-1.0804347826086973,0.6521739130434911,1.4130434782608976,45,30,45
20220916_0900_ny,ny,long,VALIDATION,2022-09-16 14:00:00+00:00,2022-09-16 14:15:00+00:00,target,0.9543209876543217,1.0,0.0,15,15,0
20220929_0900_ny,ny,short,VALIDATION,2022-09-29 13:45:00+00:00,2022-09-29 15:15:00+00:00,stop,-1.04625,0.7750000000000057,1.2125000000000057,90,45,90
20220930_0500_ny,ny,long,VALIDATION,2022-09-30 12:30:00+00:00,2022-09-30 14:15:00+00:00,target,0.9212765957446816,1.0,0.9787234042552904,105,105,60
20221031_0900_ny,ny,long,VALIDATION,2022-10-31 13:45:00+00:00,2022-10-31 19:30:00+00:00,stop,-1.0711538461538455,0.8461538461538125,1.0769230769230937,345,75,345
20221117_0100_london,london,short,VALIDATION,2022-11-17 08:45:00+00:00,2022-11-17 09:45:00+00:00,target,0.9119047619047629,1.0,0.11904761904761776,60,60,15
20221118_0100_london,london,long,VALIDATION,2022-11-18 09:30:00+00:00,2022-11-18 12:00:00+00:00,stop,-1.0685185185185173,0.4444444444444538,1.0185185185185013,150,15,150
20221216_0100_london,london,short,VALIDATION,2022-12-16 07:30:00+00:00,2022-12-16 08:00:00+00:00,target,0.9139534883720921,1.0,0.09302325581392275,30,30,15
20230310_0100_london,london,short,VALIDATION,2023-03-10 07:45:00+00:00,2023-03-10 08:15:00+00:00,stop,-1.1275862068965476,0.06896551724139283,1.7241379310344287,30,15,30
20230316_0900_ny,ny,short,VALIDATION,2023-03-16 13:45:00+00:00,2023-03-16 15:30:00+00:00,target,0.959340659340659,1.0,0.8021978021978052,105,105,75
20230321_0900_ny,ny,long,VALIDATION,2023-03-21 13:30:00+00:00,2023-03-21 13:45:00+00:00,stop,-1.0569230769230769,0.0,1.5076923076923008,15,0,15
20230322_0100_london,london,long,VALIDATION,2023-03-22 07:45:00+00:00,2023-03-22 08:15:00+00:00,target,0.9288461538461544,1.0,0.038461538461546874,30,30,15
20230330_0500_ny,ny,short,VALIDATION,2023-03-30 12:45:00+00:00,2023-03-30 16:15:00+00:00,stop,-1.0536231884057965,0.8115942028985268,1.4927536231884124,210,90,210
20230331_0900_ny,ny,long,VALIDATION,2023-03-31 13:30:00+00:00,2023-03-31 17:30:00+00:00,stop,-1.0544117647058808,0.5147058823529274,1.9117647058823017,240,15,240
20230405_0100_london,london,short,VALIDATION,2023-04-05 06:45:00+00:00,2023-04-05 07:15:00+00:00,stop,-1.1057142857142856,0.17142857142854545,1.0,30,15,30
20230405_0900_ny,ny,short,VALIDATION,2023-04-05 13:30:00+00:00,2023-04-05 14:15:00+00:00,target,0.9421874999999987,1.0,0.7968750000000383,45,45,45
20230413_0100_london,london,long,VALIDATION,2023-04-13 06:15:00+00:00,2023-04-13 06:30:00+00:00,target,0.8911764705882381,1.0,0.0,15,15,0
20230428_0500_ny,ny,long,VALIDATION,2023-04-28 13:00:00+00:00,2023-04-28 15:00:00+00:00,target,0.9597826086956515,1.0,0.25,120,120,60
20230504_0900_ny,ny,long,VALIDATION,2023-05-04 13:45:00+00:00,2023-05-04 14:30:00+00:00,target,0.9610526315789244,0.999999999999976,0.03157894736843944,45,45,15
20230508_0900_ny,ny,long,VALIDATION,2023-05-08 14:00:00+00:00,2023-05-08 21:00:00+00:00,session_close,-0.5559999999999939,0.6399999999999939,0.6533333333333151,420,105,360
