version,periodo,sesiones,sesiones_validas,sesiones_invalidas,sesiones_sin_operacion,descartadas_riesgo,descartadas_hora,descartadas_hueco,operaciones,acierto,ganancia_media,perdida_media,resultado_bruto,comisiones,slippage,resultado_neto,expectativa_R,R_mediana,profit_factor,dd_max_usd,dd_max_pct,racha_perdedora_max,duracion_media_min,exposicion,contratos_medios,riesgo_planificado_medio,operaciones_con_riesgo_real_sobre_presupuesto
completa,total,2260,2184,76,1881,2,25,0,303,0.29042904290429045,140.49454545455507,-105.12390697672751,-1691.9999999999072,3550.12,4995.999999995661,-10238.11999999557,-0.41496359265901994,-1.1723076923076283,0.5470187119166046,10763.999999995656,0.21320187864835116,13,28.003300330033003,0.009961726307880154,9.448844884488448,105.0333993399259,60
completa,desarrollo,1356,1307,49,1096,0,13,0,211,0.2890995260663507,142.86098360656914,-110.9650666666474,-1150.9999999999945,2822.2400000000007,3956.999999996401,-7930.239999996395,-0.44540263595704854,-1.1866666666666192,0.5235593664313712,8477.95999999658,0.16792242652411515,13,29.85781990521327,0.012359484432935084,10.786729857819905,110.68360189572509,42
completa,validacion,452,439,13,382,0,5,0,57,0.2807017543859649,131.9075000000087,-95.22341463413116,-469.99999999995,540.6400000000001,782.9999999992879,-1793.639999999238,-0.4472053376983276,-1.1723076923076585,0.5405823531823685,2151.7599999993254,0.051147427510856665,6,26.140350877192983,0.008702762689095263,7.649122807017544,94.87087719297628,14
completa,test,452,438,14,403,2,7,0,35,0.3142857142857143,139.8618181818175,-85.52999999999697,-70.99999999996271,187.23999999999998,255.9999999999718,-514.2399999999346,-0.17895166114117475,-1.0699999999999756,0.7494836119880194,692.9200000000419,0.017144576393472197,5,19.857142857142858,0.004068610232993795,4.314285714285714,87.52114285714039,4
sin_filtro_1h,total,2260,2184,76,1170,11,74,1,1014,0.27218934911242604,112.94057971015218,-79.3640650406379,-4794.99999999992,9383.08,13220.999999988844,-27399.079999988768,-0.4440995162968421,-1.1723076923076283,0.5322048506182089,27564.959999988958,0.5494762575676702,17,24.33431952662722,0.028969428007889545,7.462524654832347,79.90737672583245,172
sin_filtro_1h,desarrollo,1356,1307,49,617,0,47,0,690,0.2753623188405797,127.41705263158809,-90.6753599999837,-2788.9999999998486,7633.4400000000005,10705.999999990263,-21128.43999999011,-0.4408413435612542,-1.1866666666666192,0.5339761540512459,21314.67999999036,0.4248840048253965,17,26.23913043478261,0.035518804072744395,8.921739130434782,91.42092753622411,127
sin_filtro_1h,validacion,452,439,13,231,0,13,1,208,0.27884615384615385,80.83241379310898,-58.390933333324746,-930.0000000000728,1288.36,1851.9999999983156,-4070.3599999983885,-0.4561842727209043,-1.1599999999999637,0.5352748828586413,4070.3599999983817,0.1409816442200202,12,23.341346153846153,0.028356988493662753,4.9951923076923075,58.24211538461152,27
sin_filtro_1h,test,452,438,14,322,11,14,0,116,0.2413793103448276,81.21714285714086,-50.84500000000237,-1075.999999999999,461.28,663.0000000002656,-2200.2800000002644,-0.4418108081188317,-1.0914666666667112,0.5082469895135479,2200.2800000002644,0.08871667499956573,10,14.78448275862069,0.010039807985013464,3.206896551724138,50.26965517241608,18
completa · costes slippage_2_ticks,total,2260,2184,76,1882,3,25,0,302,0.2781456953642384,129.71571428571383,-101.37559633027769,-260.99999999991724,2850.76,8092.000000000653,-11203.76000000057,-0.4868456395515594,-1.2314285714285451,0.49303978121146796,11416.080000000562,0.2274534556504849,13,29.321192052980134,0.01039612097304405,7.612582781456954,101.47271523178934,43
completa · costes slippage_2_ticks,desarrollo,1356,1307,49,1096,0,13,0,211,0.2796208530805687,130.05016949152218,-107.75157894737656,-41.99999999999363,2259.28,6404.000000001433,-8705.280000001427,-0.5305424070339924,-1.249230769230813,0.46848501426277966,8938.96000000133,0.17809943009523943,13,31.635071090047397,0.0130951680301336,8.635071090047393,107.527393364933,34
completa · costes slippage_2_ticks,validacion,452,439,13,382,0,5,0,57,0.24561403508771928,133.9828571428594,-87.8260465116197,-214.0000000000009,432.75999999999993,1253.9999999996144,-1900.7599999996155,-0.49726749717060864,-1.2314285714285016,0.4966900744601398,2175.199999999779,0.05267501511088712,6,26.92982456140351,0.008965597803866597,6.12280701754386,90.36421052631255,7
completa · costes slippage_2_ticks,test,452,438,14,404,3,7,0,34,0.3235294117647059,122.4909090909201,-84.57043478259344,-4.999999999922693,158.72,433.9999999996053,-597.719999999528,-0.19819670357864294,-1.1013489736069868,0.6927079049109383,652.9599999999191,0.016560937330384076,5,18.970588235294116,0.0037759044608359675,3.764705882352941,82.52117647057952,2
sin_filtro_1h · costes slippage_2_ticks,total,2260,2184,76,1178,19,74,1,1006,0.24950298210735586,96.00605577689159,-72.22596026490308,-3180.999999999949,7058.08,20194.00000000208,-30433.080000002024,-0.5612348986611302,-1.2314285714286264,0.4419082130033226,30433.080000002006,0.6086616000000401,21,26.42644135188867,0.031211843711843712,5.658051689860835,72.81817097415662,131
sin_filtro_1h · costes slippage_2_ticks,desarrollo,1356,1307,49,618,1,47,0,689,0.25544267053701014,110.48977272727039,-83.9844834308055,-1254.9999999998727,5816.84,16566.000000003747,-23637.84000000362,-0.5561852448396927,-1.2700000000000276,0.45135507255118457,23663.920000003596,0.47327840000007193,21,28.701015965166906,0.03879504835893512,6.8084179970972425,84.75013062409622,105
sin_filtro_1h · costes slippage_2_ticks,validacion,452,439,13,231,0,13,1,208,0.23557692307692307,63.66857142857321,-50.605534591190754,-1275.000000000091,927.52,2723.999999999153,-4926.519999999244,-0.6105630522854292,-1.2314285714285016,0.38772699930904053,4926.519999999229,0.18687846519404713,16,24.6875,0.02999240698557327,3.5961538461538463,50.32461538461353,18
sin_filtro_1h · costes slippage_2_ticks,test,452,438,14,329,18,14,0,109,0.23853211009174313,58.90615384615818,-40.96722891565392,-650.9999999999854,313.72,903.9999999991778,-1868.7199999991635,-0.499023481497059,-1.1408695652173289,0.45042172997530766,1868.7199999991644,0.08717817615893023,13,15.36697247706422,0.009805643367287203,2.3211009174311927,40.318532110088405,8
completa · costes slippage_3_ticks_comision_x2,total,2260,2184,76,1882,3,25,0,302,0.24503311258278146,111.62432432432473,-95.62859649122599,132.99999999998818,4325.12,9350.999999999485,-13543.119999999499,-0.7083097007495126,-1.3653333333333584,0.37885056037338394,13614.239999999496,0.27189805221052554,13,30.877483443708613,0.010947919601765756,5.774834437086093,97.77854304635673,31
completa · costes slippage_3_ticks_comision_x2,desarrollo,1356,1307,49,1096,0,13,0,211,0.23696682464454977,114.22080000000227,-101.8285714285657,156.99999999992997,3427.36,7412.999999998894,-10683.359999998966,-0.7790280643011362,-1.4215384615384414,0.3483530961792097,10806.639999998995,0.21582580936873372,13,33.41232227488152,0.013830851627332117,6.549763033175355,104.75052132701143,22
completa · costes slippage_3_ticks_comision_x2,validacion,452,439,13,382,0,5,0,57,0.22807017543859648,109.65538461538323,-82.80181818182325,-136.99999999995725,649.7600000000001,1431.0000000002833,-2217.7600000002403,-0.6977477824884906,-1.3653333333334545,0.3912737972376251,2346.320000000065,0.05967753093855405,7,28.157894736842106,0.009374452426844227,4.5964912280701755,85.10105263158229,6
completa · costes slippage_3_ticks_comision_x2,test,452,438,14,404,3,7,0,34,0.3235294117647059,102.14909090908486,-76.76695652174895,113.00000000001546,248.0,507.0000000003074,-642.0000000002918,-0.287146601675561,-1.1662132352941632,0.63639246958598,642.000000000291,0.017305104628502904,5,19.705882352941178,0.0039222573469148815,2.9411764705882355,75.76470588235674,3
sin_filtro_1h · costes slippage_3_ticks_comision_x2,total,2260,2184,76,1190,32,74,0,994,0.21629778672032193,73.60055813953582,-63.633992297815986,-2450.0000000000887,9825.759999999998,21470.999999998356,-33746.759999998445,-0.8112220665079453,-1.391428571428577,0.31922209167964405,33746.759999998285,0.6749351999999657,21,28.143863179074447,0.03284375880529727,3.9859154929577465,64.92631790744399,80
sin_filtro_1h · costes slippage_3_ticks_comision_x2,desarrollo,1356,1307,49,618,1,47,0,689,0.22060957910014514,85.04447368421269,-75.45936685288207,-1336.000000000056,8255.92,18002.999999997286,-27594.919999997343,-0.8179154627817486,-1.4215384615384414,0.31900849125705233,27607.039999997196,0.5521407999999439,21,31.008708272859216,0.04191434681105683,4.831640058055152,76.95343976777738,61
sin_filtro_1h · costes slippage_3_ticks_comision_x2,validacion,452,439,13,233,3,13,0,206,0.19902912621359223,48.406829268292114,-39.385939393942614,-716.9999999999982,1178.0,2619.0000000005557,-4514.000000000555,-0.8512141554313225,-1.3783809523810158,0.30539740378043145,4514.000000000553,0.20147216613374958,16,25.752427184466022,0.03098533964137609,2.3058252427184467,40.21359223301148,13
sin_filtro_1h · costes slippage_3_ticks_comision_x2,test,452,438,14,339,28,14,0,99,0.2222222222222222,41.4854545454497,-33.12363636364211,-397.00000000003456,391.8399999999999,849.0000000005148,-1637.8400000005495,-0.6814228710446495,-1.249090909090961,0.357840754042209,1637.8400000005513,0.0915450604435465,12,13.181818181818182,0.007639620653319284,1.595959595959596,32.64484848485193,6
sensibilidad: riesgo 0.50%,total,2260,2184,76,1879,0,25,0,305,0.28852459016393445,257.46636363638174,-192.95870967738875,-3327.999999999854,6603.0,9283.999999991911,-19214.999999991764,-0.41891961955511847,-1.1599999999999506,0.541101890426289,20233.799999992072,0.39666153305673385,13,28.868852459016395,0.010337418991265146,17.459016393442624,193.01639344260798,68
sensibilidad: riesgo 1.00%,total,2260,2184,76,1879,0,25,0,305,0.28852459016393445,432.73045454548605,-319.0744700460315,-4242.999999999892,11205.880000000001,15709.999999986161,-31158.879999986057,-0.41891961955511847,-1.1599999999999506,0.5499818310910894,33248.23999998662,0.6385689153162121,13,28.868852459016395,0.010337418991265146,29.62950819672131,321.2815737704663,80
sensibilidad: tamaño fijo 1 contrato,total,2260,2184,76,1879,0,25,0,305,0.28852459016393445,21.95318181818274,-15.723870967740424,-566.9999999999777,378.20000000000005,534.9999999996135,-1480.1999999995915,-0.41891961955511847,-1.1599999999999506,0.5661883660407337,1533.7999999996027,0.030643150542610367,13,28.868852459016395,0.010337418991265146,1.0,15.915409836064878,0
