variante,coste,periodo,riesgo_mediano_usd,n,ops_año,neto,neto_año,pf,esperanza,acierto,gan_media,perd_media,ratio_gp,R_medio,dd_max,dd_recuperacion_dias,sharpe,sortino,exposicion,coste_medio,dur_mediana_min,top10_ops_pct,top5pct_ops_pct,mejor_dia,mejor_año_pct,años_pos,racha_perdedora,ic90_bajo,ic90_alto
pdhl sin_conf 2R_1200,bajo,desarrollo,27.0,319,81.03629032258065,-319.5,-81.16330645161291,0.952677182848256,-1.0015673981191222,0.3510971786833856,57.42857142857143,-32.61594202898551,1.7607515790141874,-0.07171271218018144,1353.0,,-0.17076804020505998,-0.29358287933047417,0.017044044665012408,2.346394984326019,11.0,,,357.5,,1/4,13.0,,
pdhl sin_conf 2R_1200,bajo,validacion,47.0,275,93.52226720647772,1604.0,545.48987854251,1.17273314667241,5.832727272727273,0.36,110.0,-52.76136363636363,2.084858927417618,0.01145250697828322,1600.0,,0.6274514827995554,1.1768846664145018,0.01738814491850929,2.3363636363636364,9.0,1.5243142144638404,1.8781172069825436,356.5,1.0405236907730673,2/3,16.0,,
pdhl sin_conf 2R_1200,bajo,prueba,68.5,147,85.75,-1658.0,-967.1666666666667,0.7950302880454939,-11.27891156462585,0.38095238095238093,114.83928571428571,-88.89010989010988,1.2919242180739277,0.05230338239895554,2717.5,,-0.8879483990683024,-1.2789529312433425,0.017094017094017096,2.3299319727891157,9.0,,,456.5,,1/2,9.0,,
pdhl sin_conf 2R_1200,bajo,FM 2022-2026,53.0,422,,,,0.9968920863309353,-0.12796208530805686,0.36729857819905215,,,,,,,,,,,,,,,,,,-8.373281990521328,7.448281990521329
pdhl sin_conf 2R_1200,base,desarrollo,27.0,319,81.03629032258065,-430.0,-109.23387096774194,0.937272064186725,-1.347962382445141,0.3510971786833856,57.36607142857143,-33.11594202898551,1.7322796186308222,-0.08715123817434992,1387.5,,-0.22905382556693293,-0.3907264255636624,0.017044044665012408,3.1927899686520376,11.0,,,357.5,,1/4,13.0,,
pdhl sin_conf 2R_1200,base,validacion,47.0,275,93.52226720647772,1511.5,514.0323886639676,1.1612438660123747,5.496363636363636,0.36,109.95454545454545,-53.26136363636363,2.064433539577555,0.003495576020804779,1653.5,,0.5900560497671744,1.100915644104582,0.01738814491850929,3.172727272727273,9.0,1.6175984121733378,1.99305325835263,356.5,1.0840224942110486,2/3,16.0,,
pdhl sin_conf 2R_1200,base,prueba,68.5,147,85.75,-1706.5,-995.4583333333334,0.7902145184092446,-11.608843537414966,0.38095238095238093,114.78571428571429,-89.39010989010988,1.2840985924150226,0.04691209799961713,2750.5,,-0.9122389589079886,-1.3109524884684747,0.017094017094017096,3.1598639455782314,9.0,,,456.5,,1/2,9.0,,
pdhl sin_conf 2R_1200,base,FM 2022-2026,53.0,422,,,,0.9888625524745124,-0.46208530805687204,0.36729857819905215,,,,,,,,,,,,,,,,,,-8.724407582938388,7.124763033175357
pdhl sin_conf 2R_1200,alto,desarrollo,27.0,319,81.03629032258065,-540.5,-137.30443548387098,0.9223252137673349,-1.6943573667711598,0.3510971786833856,57.30357142857143,-33.61594202898551,1.7046546361592707,-0.10258976416851841,1422.0,,-0.2869374816635752,-0.4857124525999855,0.017044044665012408,4.039184952978056,11.0,,,357.5,,1/4,13.0,,
pdhl sin_conf 2R_1200,alto,validacion,47.0,275,93.52226720647772,1419.0,482.5748987854251,1.1499682942295497,5.16,0.36,109.9090909090909,-53.76136363636363,2.044388078630311,-0.004461354936673707,1707.0,,0.5528072684063162,1.0260328401980479,0.01738814491850929,4.009090909090909,9.0,1.723044397463002,2.122973925299507,356.5,1.1331923890063424,2/3,16.0,,
pdhl sin_conf 2R_1200,alto,prueba,68.5,147,85.75,-1755.0,-1023.75,0.7854523227383863,-11.938775510204081,0.38095238095238093,114.73214285714286,-89.89010989010988,1.2763600244498778,0.04152081360027871,2783.5,,-0.9364347299839602,-1.342681841032519,0.017094017094017096,3.989795918367347,9.0,,,456.5,,1/2,9.0,,
pdhl sin_conf 2R_1200,alto,FM 2022-2026,53.0,422,,,,0.9809545403015532,-0.7962085308056872,0.36729857819905215,,,,,,,,,,,,,,,,,,-9.07553317535545,6.807523696682467
pdhl sin_conf 2R_cierre,bajo,desarrollo,27.0,319,81.03629032258065,-200.0,-50.80645161290323,0.9711815561959655,-0.6269592476489029,0.3448275862068966,61.27272727272727,-33.20574162679426,1.8452449567723344,-0.065994860203529,1336.0,,-0.10222928744116877,-0.179752159615149,0.02200682382133995,2.333855799373041,11.0,,,357.5,,1/4,14.0,,
pdhl sin_conf 2R_cierre,bajo,validacion,47.0,275,93.52226720647772,1309.0,445.165991902834,1.133673729895328,4.76,0.3490909090909091,115.640625,-54.70670391061452,2.113829142200664,0.0015757428293863543,1752.5,,0.50005917985066,0.9192954188789552,0.021125298453233677,2.327272727272727,9.0,1.8678380443086327,2.3013750954927428,356.5,1.3479755538579068,2/3,16.0,,
pdhl sin_conf 2R_cierre,bajo,prueba,68.5,147,85.75,-1921.5,-1120.875,0.7772819472616633,-13.071428571428571,0.36054421768707484,126.52830188679245,-91.78191489361703,1.3785755291055914,0.044656016768802924,3004.0,,-0.9866628882972917,-1.4136458621895356,0.023231244064577397,2.32312925170068,9.0,,,456.5,,1/2,9.0,,
pdhl sin_conf 2R_cierre,bajo,FM 2022-2026,53.0,422,,,,0.9667480998914224,-1.4514218009478672,0.35308056872037913,,,,,,,,,,,,,,,,,,-10.368838862559242,6.692654028436022
pdhl sin_conf 2R_cierre,base,desarrollo,27.0,319,81.03629032258065,-306.5,-77.86088709677419,0.9564908794094684,-0.9608150470219435,0.3448275862068966,61.25454545454546,-33.70574162679426,1.81733267087799,-0.08118351981190033,1365.0,,-0.15611734813719022,-0.27245793024443,0.02200682382133995,3.1677115987460813,11.0,,,357.5,,1/4,14.0,,
pdhl sin_conf 2R_cierre,base,validacion,47.0,275,93.52226720647772,1219.0,414.5587044534413,1.1233555960331916,4.432727272727273,0.3490909090909091,115.63541666666667,-55.20670391061452,2.094590121770222,-0.00624893021055475,1808.5,,0.46467798267603044,0.8500472764628128,0.021125298453233677,3.1545454545454548,9.0,2.0057424118129616,2.4712879409351927,356.5,1.4232977850697293,2/3,16.0,,
pdhl sin_conf 2R_cierre,base,prueba,68.5,147,85.75,-1969.0,-1148.5833333333335,0.7730128537667877,-13.394557823129253,0.36054421768707484,126.51886792452831,-92.28191489361703,1.3710039293222271,0.03932643505507393,3036.0,,-1.0091907811434337,-1.442812460219346,0.023231244064577397,3.1462585034013606,9.0,,,456.5,,1/2,9.0,,
pdhl sin_conf 2R_cierre,base,FM 2022-2026,53.0,422,,,,0.9595828954813678,-1.7772511848341233,0.35308056872037913,,,,,,,,,,,,,,,,,,-10.69218009478673,6.3877369668246455
pdhl sin_conf 2R_cierre,alto,desarrollo,27.0,319,81.03629032258065,-413.0,-104.91532258064517,0.9422296824730731,-1.2946708463949843,0.3448275862068966,61.236363636363635,-34.20574162679426,1.790236396698839,-0.0963721794202717,1394.0,,-0.20962268586082863,-0.36314290055627185,0.02200682382133995,4.001567398119122,11.0,,,357.5,,1/4,14.0,,
pdhl sin_conf 2R_cierre,alto,validacion,47.0,275,93.52226720647772,1129.0,383.95141700404855,1.113222684651256,4.1054545454545455,0.3490909090909091,115.63020833333333,-55.70670391061452,2.0756964640893214,-0.014073603250495911,1864.5,,0.4294441141920543,0.7817588513343412,0.021125298453233677,3.981818181818182,9.0,2.16563330380868,2.66829052258636,356.5,1.5106288751107175,2/3,16.0,,
pdhl sin_conf 2R_cierre,alto,prueba,68.5,147,85.75,-2016.5,-1176.2916666666667,0.7687897724015365,-13.717687074829932,0.36054421768707484,126.50943396226415,-92.78191489361703,1.363513935957442,0.03399685334134488,3068.0,,-1.0316307125627264,-1.4717389198776893,0.023231244064577397,3.9693877551020407,9.0,,,456.5,,1/2,9.0,,
pdhl sin_conf 2R_cierre,alto,FM 2022-2026,53.0,422,,,,0.9525223345637405,-2.103080568720379,0.35308056872037913,,,,,,,,,,,,,,,,,,-11.022274881516587,6.075059241706163
pdhl sin_conf cierre,bajo,desarrollo,27.0,319,81.03629032258065,-931.5,-236.6310483870968,0.8915725759515772,-2.920062695924765,0.15673981191222572,153.19,-31.936802973977695,4.796660458619486,-0.25234685026976117,2940.5,,-0.2936411535477463,-0.7693747163263298,0.06849410669975187,2.5,19.0,,,591.5,,2/4,42.0,,
pdhl sin_conf cierre,bajo,validacion,47.0,275,93.52226720647772,4388.0,1492.2753036437246,1.356631989596879,15.956363636363637,0.16727272727272727,362.8695652173913,-53.7292576419214,6.75366794821055,0.2381221410931003,1444.5,318.0,0.765016838175119,2.7611405020817332,0.08962593861379287,2.5,16.0,1.9239972652689152,2.268915223336372,1344.0,0.6557657247037375,3/3,25.0,,
pdhl sin_conf cierre,bajo,prueba,68.5,147,85.75,-2500.5,-1458.625,0.7597059388814146,-17.010204081632654,0.16326530612244897,329.3958333333333,-84.60162601626017,3.8934929367672493,0.20433614488582597,2937.0,,-0.7415565932302027,-1.736246626351729,0.07398504273504274,2.5,18.0,,,1851.5,,1/2,19.0,,
pdhl sin_conf cierre,bajo,FM 2022-2026,53.0,422,,,,1.0831131660061646,4.472748815165877,0.16587677725118483,,,,,,,,,,,,,,,,,,-9.440817535545023,21.837914691943126
pdhl sin_conf cierre,base,desarrollo,27.0,319,81.03629032258065,-1091.0,-277.14919354838713,0.8749641854334995,-3.420062695924765,0.15673981191222572,152.69,-32.4368029739777,4.707307317632226,-0.2755005722580968,3083.0,,-0.3438749063379014,-0.8908172171570082,0.06849410669975187,3.5,19.0,,,591.0,,2/4,42.0,,
pdhl sin_conf cierre,base,validacion,47.0,275,93.52226720647772,4250.5,1445.5141700404856,1.342271610903088,15.456363636363637,0.16727272727272727,362.3695652173913,-54.2292576419214,6.682178236887112,0.22651391030783996,1462.5,318.0,0.7411347746149405,2.6555775062097973,0.08962593861379287,3.5,16.0,1.985060581108105,2.3407834372426772,1343.5,0.6653334901776261,3/3,25.0,,
pdhl sin_conf cierre,base,prueba,68.5,147,85.75,-2574.0,-1501.5,0.7540960114640554,-17.510204081632654,0.16326530612244897,328.8958333333333,-85.10162601626017,3.8647420587532832,0.19538282670132692,2974.0,,-0.76325746753725,-1.7796228944398844,0.07398504273504274,3.5,18.0,,,1851.0,,1/2,19.0,,
pdhl sin_conf cierre,base,FM 2022-2026,53.0,422,,,,1.0732543913309447,3.9727488151658767,0.16587677725118483,,,,,,,,,,,,,,,,,,-9.940817535545023,21.337914691943126
pdhl sin_conf cierre,alto,desarrollo,27.0,319,81.03629032258065,-1250.5,-317.66733870967744,0.8588600451467269,-3.920062695924765,0.15673981191222572,152.19,-32.9368029739777,4.62066704288939,-0.2986542942464324,3225.5,,-0.39408683110611026,-1.0094703446039146,0.06849410669975187,4.5,19.0,,,590.5,,2/4,42.0,,
pdhl sin_conf cierre,alto,validacion,47.0,275,93.52226720647772,4113.0,1398.753036437247,1.3281736216388733,14.956363636363637,0.16727272727272727,361.8695652173913,-54.7292576419214,6.611994768593521,0.21490567952257977,1480.5,318.0,0.7172441373993296,2.551469155228034,0.08962593861379287,4.5,16.0,2.0502066618040358,2.4174568441526865,1343.0,0.6755409676635059,3/3,25.0,,
pdhl sin_conf cierre,alto,prueba,68.5,147,85.75,-2647.5,-1544.375,0.748551619337069,-18.010204081632654,0.16326530612244897,328.3958333333333,-85.60162601626017,3.8363270491024783,0.18642950851682777,3011.0,,-0.7849499921972032,-1.8226166326997786,0.07398504273504274,4.5,18.0,,,1850.5,,1/2,19.0,,
pdhl sin_conf cierre,alto,FM 2022-2026,53.0,422,,,,1.0635460931402307,3.4727488151658767,0.16587677725118483,,,,,,,,,,,,,,,,,,-10.440817535545023,20.837914691943126
pdhl conf15 2R_1200,bajo,desarrollo,39.0,141,35.818548387096776,-1325.5,-336.71975806451616,0.7128777212173725,-9.400709219858156,0.3120567375886525,74.79545454545455,-48.088541666666664,1.5553695735651765,-0.1990591512123304,1958.0,,-0.7643709084110754,-1.1502349110006516,0.014280913978494623,2.400709219858156,26.0,,,288.5,,0/4,13.0,,
pdhl conf15 2R_1200,bajo,validacion,70.0,114,38.76923076923077,1099.5,373.91902834008096,1.2344849648112604,9.644736842105264,0.4649122807017544,109.21698113207547,-76.8688524590164,1.4208223179903186,0.17592526597070973,1236.5,,0.5224245466239527,0.8519017483228113,0.017201287241773073,2.3552631578947367,24.0,2.118235561618918,1.2532969531605276,300.5,1.2514779445202364,2/3,6.0,,
pdhl conf15 2R_1200,bajo,prueba,100.25,68,39.66666666666667,77.5,45.208333333333336,1.0166792209189712,1.1397058823529411,0.4264705882352941,162.89655172413794,-119.14102564102564,1.3672582626151684,0.17438256225804522,1090.5,,0.04149151417549701,0.06560541607317891,0.014749525166191832,2.3529411764705883,22.5,38.60645161290323,18.16774193548387,558.5,2.7096774193548385,1/2,8.0,,
pdhl conf15 2R_1200,bajo,FM 2022-2026,76.25,182,,,,1.1260778747790692,6.467032967032967,0.45054945054945056,,,,,,,,,,,,,,,,,,-8.774725274725274,29.222802197802196
pdhl conf15 2R_1200,base,desarrollo,39.0,141,35.818548387096776,-1382.0,-351.07258064516134,0.7037513397642015,-9.801418439716311,0.3120567375886525,74.61363636363636,-48.09278350515464,1.551451817207444,-0.21134104016557226,2010.5,,-0.7950666804029125,-1.191099373178382,0.014280913978494623,3.301418439716312,26.0,,,288.5,,0/4,13.0,,
pdhl conf15 2R_1200,base,validacion,70.0,114,38.76923076923077,1059.0,360.14574898785423,1.2243881767136349,9.289473684210526,0.4649122807017544,109.02830188679245,-77.3688524590164,1.409201486406259,0.1703148710117098,1248.5,,0.5026495402089188,0.8171362039459987,0.017201287241773073,3.210526315789474,24.0,2.1973559962228517,1.3002832861189801,300.5,1.2851746931067045,2/3,6.0,,
pdhl conf15 2R_1200,base,prueba,100.25,68,39.66666666666667,53.5,31.208333333333336,1.0114659237033863,0.7867647058823529,0.4264705882352941,162.74137931034483,-119.64102564102564,1.360247276704554,0.17033556248175805,1098.0,,0.028623520113806408,0.04515992706815847,0.014749525166191832,3.2058823529411766,22.5,55.88785046728972,26.299065420560748,558.0,3.635514018691589,1/2,8.0,,
pdhl conf15 2R_1200,base,FM 2022-2026,76.25,182,,,,1.118533908688935,6.112637362637362,0.45054945054945056,,,,,,,,,,,,,,,,,,-9.15425824175824,28.89010989010989
pdhl conf15 2R_1200,alto,desarrollo,39.0,141,35.818548387096776,-1438.5,-365.42540322580646,0.6948127718256073,-10.202127659574469,0.3120567375886525,74.43181818181819,-48.59278350515464,1.5317463378882707,-0.22362292911881418,2063.0,,-0.8255952977952111,-1.2313813414701842,0.014280913978494623,4.202127659574468,26.0,,,288.5,,0/4,13.0,,
pdhl conf15 2R_1200,alto,validacion,70.0,114,38.76923076923077,1018.5,346.3724696356275,1.2144210526315788,8.93421052631579,0.4649122807017544,108.83962264150944,-77.8688524590164,1.3977298907646474,0.16470447605270988,1260.5,,0.4829110407047952,0.7826488870760527,0.017201287241773073,4.065789473684211,24.0,2.2827687776141383,1.351006381934217,300.5,1.3215513009327442,2/3,6.0,,
pdhl conf15 2R_1200,alto,prueba,100.25,68,39.66666666666667,29.5,17.208333333333336,1.0062960196350443,0.4338235294117647,0.4264705882352941,162.58620689655172,-120.14102564102564,1.3532946470954044,0.16628856270547096,1105.5,,0.015772519082742156,0.02483046229967536,0.014749525166191832,4.0588235294117645,22.5,101.28813559322033,47.66101694915254,557.5,6.067796610169491,1/2,8.0,,
pdhl conf15 2R_1200,alto,FM 2022-2026,76.25,182,,,,1.111069895607016,5.758241758241758,0.45054945054945056,,,,,,,,,,,,,,,,,,-9.533241758241758,28.549587912087915
pdhl conf15 2R_cierre,bajo,desarrollo,39.0,141,35.818548387096776,-1558.5,-395.9092741935484,0.6958727680749341,-11.053191489361701,0.2978723404255319,84.9047619047619,-51.76262626262626,1.6402715247480588,-0.22914048723897704,2313.5,,-0.7997757538256354,-1.234727414746835,0.026920492142266335,2.3865248226950353,26.0,,,316.5,,1/4,10.0,,
pdhl conf15 2R_cierre,bajo,validacion,70.0,114,38.76923076923077,1133.5,385.4817813765182,1.17791555485795,9.942982456140351,0.40350877192982454,163.1413043478261,-93.69117647058823,1.741266472398709,0.16974863487936806,1649.0,181.0,0.39978663602349346,0.6399728042208117,0.02726045883940621,2.3157894736842106,24.0,2.8570798411998237,1.6290251433612704,442.5,1.0679311865902072,2/3,7.0,,
pdhl conf15 2R_cierre,bajo,prueba,100.25,68,39.66666666666667,3.5,2.041666666666667,1.0006840613700771,0.051470588235294115,0.4117647058823529,182.85714285714286,-127.9125,1.4295486591001103,0.18854640191449426,1383.0,,0.001663126323256989,0.0028264104957420075,0.022673314339981005,2.3161764705882355,22.5,985.4285714285714,503.0,721.5,75.85714285714286,1/2,7.0,,
pdhl conf15 2R_cierre,bajo,FM 2022-2026,76.25,182,,,,1.0989771490750817,6.247252747252747,0.4065934065934066,,,,,,,,,,,,,,,,,,-14.132005494505494,31.94615384615385
pdhl conf15 2R_cierre,base,desarrollo,39.0,141,35.818548387096776,-1613.0,-409.7540322580645,0.6882489369926555,-11.439716312056738,0.2978723404255319,84.78571428571429,-52.26262626262626,1.6223010657684025,-0.24103345683657865,2365.0,,-0.8258485526917625,-1.2698527147501,0.026920492142266335,3.273049645390071,26.0,,,316.5,,1/4,10.0,,
pdhl conf15 2R_cierre,base,validacion,70.0,114,38.76923076923077,1097.5,373.2388663967611,1.1713505074160813,9.62719298245614,0.40350877192982454,163.09782608695653,-94.19117647058823,1.731561619658555,0.16448520423211935,1652.0,181.0,0.38668835471358126,0.6178003933779339,0.02726045883940621,3.1315789473684212,24.0,2.949886104783599,1.6824601366742598,442.5,1.0915717539863325,2/3,7.0,,
pdhl conf15 2R_cierre,base,prueba,100.25,68,39.66666666666667,-18.0,-10.5,0.996495668256595,-0.2647058823529412,0.4117647058823529,182.80357142857142,-128.4125,1.4235652403665642,0.18472911741435277,1390.0,,-0.008545191788001054,-0.014494350406164867,0.022673314339981005,3.1323529411764706,22.5,,,721.5,,1/2,7.0,,
pdhl conf15 2R_cierre,base,FM 2022-2026,76.25,182,,,,1.093532036563705,5.931318681318682,0.4065934065934066,,,,,,,,,,,,,,,,,,-14.473076923076922,31.64093406593407
pdhl conf15 2R_cierre,alto,desarrollo,39.0,141,35.818548387096776,-1667.5,-423.59879032258067,0.6807695989279219,-11.826241134751774,0.2907801418439716,86.73170731707317,-52.76262626262626,1.643809519362543,-0.25292642643418023,2416.5,,-0.8517854456271924,-1.3045114763600365,0.026920492142266335,4.159574468085107,26.0,,,316.5,,1/4,10.0,,
pdhl conf15 2R_cierre,alto,validacion,70.0,114,38.76923076923077,1061.5,360.99595141700405,1.164854791116633,9.31140350877193,0.40350877192982454,163.05434782608697,-94.69117647058823,1.7219592564332837,0.15922177358487064,1655.0,181.0,0.37361537171120734,0.5957556391978021,0.02726045883940621,3.9473684210526314,24.0,3.048987282147904,1.7395195478097032,442.5,1.1168158266603863,2/3,7.0,,
pdhl conf15 2R_cierre,alto,prueba,100.25,68,39.66666666666667,-39.5,-23.041666666666668,0.9923397653447106,-0.5808823529411765,0.4117647058823529,182.75,-128.9125,1.4176282362067294,0.1809118329142113,1397.0,,-0.018734308220486565,-0.03171645624485021,0.022673314339981005,3.948529411764706,22.5,,,721.5,,1/2,7.0,,
pdhl conf15 2R_cierre,alto,FM 2022-2026,76.25,182,,,,1.0881376396015696,5.615384615384615,0.4065934065934066,,,,,,,,,,,,,,,,,,-14.814148351648353,31.33571428571429
pdhl conf15 cierre,bajo,desarrollo,39.0,141,35.818548387096776,-1277.0,-324.39919354838713,0.7799982771987252,-9.056737588652481,0.1773049645390071,181.1,-50.03879310344828,3.619192006202084,-0.23864002337111348,3151.0,,-0.45795497125663015,-0.9593851836479882,0.042716087675765096,2.5,44.0,,,591.5,,1/4,20.0,,
pdhl conf15 cierre,bajo,validacion,70.0,114,38.76923076923077,2070.5,704.1376518218623,1.2911276715410573,18.162280701754387,0.2631578947368421,306.0833333333333,-84.66666666666667,3.61515748031496,0.15072152331571226,1778.5,112.0,0.5066326381023902,1.1471032191925383,0.056610955396380495,2.5,60.5,2.8510021733880704,1.7459550833132094,991.0,1.2098526925863318,1/3,12.0,,
pdhl conf15 cierre,bajo,prueba,100.25,68,39.66666666666667,-411.0,-239.75,0.9316196655852259,-6.044117647058823,0.23529411764705882,349.96875,-115.58653846153847,3.027763913151984,0.2899806341909996,2179.5,365.0,-0.16120993866840688,-0.315013566360003,0.04779795821462488,2.5,54.5,,,754.0,,1/2,13.0,,
pdhl conf15 cierre,bajo,FM 2022-2026,76.25,182,,,,1.1264621832730044,9.118131868131869,0.25274725274725274,,,,,,,,,,,,,,,,,,-25.736538461538462,46.0228021978022
pdhl conf15 cierre,base,desarrollo,39.0,141,35.818548387096776,-1347.5,-342.3084677419355,0.7701492537313432,-9.556737588652481,0.1773049645390071,180.6,-50.53879310344828,3.5734925373134327,-0.2545073225301215,3215.5,,-0.4830997464703397,-1.0058529236563745,0.042716087675765096,3.5,44.0,,,591.0,,1/4,20.0,,
pdhl conf15 cierre,base,validacion,70.0,114,38.76923076923077,2013.5,684.7530364372469,1.2814509365389992,17.662280701754387,0.2631578947368421,305.5833333333333,-85.16666666666667,3.5880626223091974,0.14229013062721782,1782.5,112.0,0.4927603089685324,1.1119503749043562,0.056610955396380495,3.5,60.5,2.9292277129376707,1.7941395579836106,990.5,1.2324310901415445,1/3,12.0,,
pdhl conf15 cierre,base,prueba,100.25,68,39.66666666666667,-445.0,-259.58333333333337,0.9262817858030316,-6.544117647058823,0.23529411764705882,349.46875,-116.08653846153847,3.0104158038598525,0.28288232977237077,2197.5,365.0,-0.17453772109708443,-0.34004327999084544,0.04779795821462488,3.5,54.5,,,753.5,,1/2,13.0,,
pdhl conf15 cierre,base,FM 2022-2026,76.25,182,,,,1.1189113377051665,8.618131868131869,0.25274725274725274,,,,,,,,,,,,,,,,,,-26.236538461538462,45.5228021978022
pdhl conf15 cierre,alto,desarrollo,39.0,141,35.818548387096776,-1418.0,-360.2177419354839,0.7604932015877037,-10.056737588652481,0.1702127659574468,187.60416666666666,-51.03879310344828,3.6757171410072345,-0.27037462168912946,3280.0,,-0.5082224489939038,-1.0517047088818758,0.042716087675765096,4.5,44.0,,,590.5,,1/4,20.0,,
pdhl conf15 cierre,alto,validacion,70.0,114,38.76923076923077,1956.5,665.3684210526316,1.2718871595330739,17.162280701754387,0.2631578947368421,305.0833333333333,-85.66666666666667,3.561284046692607,0.13385873793872327,1786.5,112.0,0.47888172651791755,1.077012864023232,0.056610955396380495,4.5,60.5,3.012011244569384,1.8451316125734731,990.0,1.2563250702785587,1/3,12.0,,
pdhl conf15 cierre,alto,prueba,100.25,68,39.66666666666667,-479.0,-279.4166666666667,0.9209896907216495,-7.044117647058823,0.23529411764705882,348.96875,-116.58653846153847,2.9932164948453606,0.2757840253537419,2215.5,365.0,-0.18786352226540423,-0.3649208905957499,0.04779795821462488,4.5,54.5,,,753.0,,1/2,13.0,,
pdhl conf15 cierre,alto,FM 2022-2026,76.25,182,,,,1.1114379454689445,8.118131868131869,0.25274725274725274,,,,,,,,,,,,,,,,,,-26.736538461538462,45.0228021978022
overnight sin_conf 2R_1200,bajo,desarrollo,26.5,725,184.1733870967742,430.0,109.23387096774194,1.02765717961087,0.593103448275862,0.37655172413793103,58.52564102564103,-34.39712389380531,1.7014690299784367,0.006802455847268941,1787.5,,0.1438049856419246,0.24574051089792517,0.03936104218362283,2.333103448275862,10.0,4.933720930232558,12.046511627906977,422.5,3.2790697674418605,2/4,11.0,,
overnight sin_conf 2R_1200,bajo,validacion,48.5,557,189.42510121457488,1094.5,372.2186234817813,1.055452818239392,1.9649910233393177,0.3464991023339318,107.93782383419689,-54.2239010989011,1.9905949525343973,-0.03629899607311618,1585.0,620.0,0.30919336791057467,0.5576731009221255,0.03376241392435724,2.3447037701974867,8.0,2.356327089995432,5.522613065326633,280.5,1.1233439926907263,2/3,11.0,,
overnight sin_conf 2R_1200,bajo,prueba,73.0,305,177.91666666666669,779.0,454.4166666666667,1.0486692490316132,2.554098360655738,0.38688524590163936,142.24576271186442,-85.59358288770053,1.661874148889082,0.045470386470250146,2748.5,491.0,0.2599579248610814,0.44659469414899405,0.04307929724596391,2.3426229508196723,10.0,4.7599486521181005,6.374197689345315,553.0,1.08408215661104,1/2,11.0,,
overnight sin_conf 2R_1200,bajo,FM 2022-2026,55.25,862,,,,1.0524151244282176,2.1734338747099766,0.36078886310904873,,,,,,,,,,,,,,,,,,-3.2085266821345706,7.814356148491881
overnight sin_conf 2R_1200,base,desarrollo,26.5,725,184.1733870967742,188.5,47.885080645161295,1.0119504231781151,0.26,0.37655172413793103,58.46886446886447,-34.89712389380531,1.6754637043095535,-0.007837426593551827,1851.0,,0.0628386870335618,0.10665740478452589,0.03936104218362283,3.1662068965517243,10.0,11.251989389920425,27.47480106100796,422.5,7.212201591511937,2/4,11.0,,
overnight sin_conf 2R_1200,base,validacion,48.5,557,189.42510121457488,902.5,306.9230769230769,1.0453073621325837,1.6202872531418313,0.3464991023339318,107.88601036269431,-54.7239010989011,1.9714605171826967,-0.04421250977801926,1662.0,857.0,0.2543940296274308,0.4564033736406462,0.03376241392435724,3.189407540394973,8.0,2.857617728531856,6.696398891966759,280.5,1.296398891966759,2/3,11.0,,
overnight sin_conf 2R_1200,base,prueba,73.0,305,177.91666666666669,674.5,393.45833333333337,1.041895711046927,2.2114754098360656,0.38688524590163936,142.15254237288136,-86.09358288770053,1.6511398132692825,0.04031097962430644,2807.5,491.0,0.22478560756895233,0.38494873279976266,0.04307929724596391,3.185245901639344,10.0,5.495922905856189,7.360266864343958,552.5,1.1860637509266123,1/2,11.0,,
overnight sin_conf 2R_1200,base,FM 2022-2026,55.25,862,,,,1.043782448152364,1.8294663573085848,0.36078886310904873,,,,,,,,,,,,,,,,,,-3.5571925754060327,7.485034802784223
overnight sin_conf 2R_1200,alto,desarrollo,26.5,725,184.1733870967742,-53.0,-13.463709677419356,0.99668739648114,-0.07310344827586207,0.37517241379310345,58.626838235294116,-35.39712389380531,1.6562599382701297,-0.022477309034372592,1918.0,,-0.01761160787179667,-0.029692778868971845,0.03936104218362283,3.9993103448275864,10.0,,,422.5,,2/4,11.0,,
overnight sin_conf 2R_1200,alto,validacion,48.5,557,189.42510121457488,710.5,241.62753036437246,1.0353456209735592,1.2755834829443446,0.3464991023339318,107.83419689119171,-55.2239010989011,1.9526725701262981,-0.05212602348292233,1739.0,,0.1998336342790602,0.3566337391895723,0.03376241392435724,4.0341113105924595,8.0,3.629838142153413,8.5045742434905,280.5,1.5629838142153414,2/3,11.0,,
overnight sin_conf 2R_1200,alto,prueba,73.0,305,177.91666666666669,570.0,332.5,1.035200395232508,1.8688524590163935,0.38688524590163936,142.0593220338983,-86.59358288770053,1.640529439902364,0.03515157277836271,2866.5,501.0,0.18970625754334858,0.3238521958751286,0.04307929724596391,4.027868852459016,10.0,6.5017543859649125,8.707894736842105,552.0,1.325438596491228,1/2,11.0,,
overnight sin_conf 2R_1200,alto,FM 2022-2026,55.25,862,,,,1.0352808276736145,1.4854988399071927,0.36078886310904873,,,,,,,,,,,,,,,,,,-3.9102668213457075,7.149970997679816
overnight sin_conf 2R_cierre,bajo,desarrollo,26.5,725,184.1733870967742,188.0,47.75806451612903,1.0115967060420072,0.2593103448275862,0.3627586206896552,62.35551330798479,-35.08982683982684,1.7770253923627655,0.00016693790513227117,1689.0,,0.06095154254335473,0.10470078222253454,0.0512174317617866,2.3220689655172415,10.0,11.696808510638299,28.75,422.5,6.276595744680851,2/4,12.0,,
overnight sin_conf 2R_cierre,bajo,validacion,48.5,557,189.42510121457488,1273.5,433.09311740890683,1.0633771275007464,2.286355475763016,0.34111310592459604,112.46052631578948,-54.752043596730246,2.0539968725935474,-0.03035941652543811,1799.5,620.0,0.3534165068513319,0.6409941673242536,0.04159659503789059,2.3339317773788153,8.0,2.038476639183353,4.7856301531213195,280.5,0.9049862583431488,2/3,11.0,,
overnight sin_conf 2R_cierre,bajo,prueba,73.0,305,177.91666666666669,462.5,269.7916666666667,1.0270531118390267,1.5163934426229508,0.36065573770491804,159.62272727272727,-87.67179487179487,1.8206850618964563,0.04288772786133761,2280.5,479.0,0.14396537390470146,0.2530277269391681,0.0676994301994302,2.3295081967213114,10.0,8.99027027027027,11.877837837837838,679.5,0.8886486486486487,2/2,11.0,,
overnight sin_conf 2R_cierre,bajo,FM 2022-2026,55.25,862,,,,1.0466792148426995,2.0139211136890953,0.3480278422273782,,,,,,,,,,,,,,,,,,-3.2815255220417634,7.644953596287705
overnight sin_conf 2R_cierre,base,desarrollo,26.5,725,184.1733870967742,-45.5,-11.558467741935484,0.9972327809031474,-0.06275862068965517,0.3627586206896552,62.346007604562736,-35.58982683982684,1.7517929459211181,-0.014167212456192622,1750.5,,-0.01470235316267089,-0.02509096521740893,0.0512174317617866,3.1441379310344826,10.0,,,422.5,,2/4,12.0,,
overnight sin_conf 2R_cierre,base,validacion,48.5,557,189.42510121457488,1087.5,369.8380566801619,1.053630871655776,1.9524236983842012,0.34111310592459604,112.44736842105263,-55.252043596730246,2.0351712099877357,-0.03810734600916666,1875.0,637.0,0.30110232825624716,0.543304586512928,0.04159659503789059,3.16786355475763,8.0,2.3871264367816094,5.604137931034483,280.5,1.006896551724138,2/3,11.0,,
overnight sin_conf 2R_cierre,base,prueba,73.0,305,177.91666666666669,362.0,211.16666666666669,1.0210544682583536,1.1868852459016392,0.36065573770491804,159.59545454545454,-88.17179487179487,1.8100511028216266,0.03785360356515802,2338.0,479.0,0.11252590045397004,0.1971801029723576,0.0676994301994302,3.1590163934426227,10.0,11.486187845303867,15.175414364640885,679.5,1.0179558011049723,1/2,11.0,,
overnight sin_conf 2R_cierre,base,FM 2022-2026,55.25,862,,,,1.0386832483787463,1.681554524361949,0.3480278422273782,,,,,,,,,,,,,,,,,,-3.62241879350348,7.323201856148494
overnight sin_conf 2R_cierre,alto,desarrollo,26.5,725,184.1733870967742,-279.0,-70.875,0.9832668605871593,-0.38482758620689655,0.3627586206896552,62.336501901140686,-36.08982683982684,1.727259656240561,-0.0285013628175175,1815.5,,-0.08985183045356236,-0.15235199561235246,0.0512174317617866,3.966206896551724,10.0,,,422.5,,2/4,12.0,,
overnight sin_conf 2R_cierre,alto,validacion,48.5,557,189.42510121457488,901.5,306.582995951417,1.0440594301353796,1.618491921005386,0.34111310592459604,112.4342105263158,-55.752043596730246,2.01668321505097,-0.04585527549289522,1950.5,645.0,0.24902768953446602,0.4470516088050373,0.04159659503789059,4.001795332136445,8.0,2.879645036051026,6.760399334442596,280.5,1.1508596783139213,2/3,11.0,,
overnight sin_conf 2R_cierre,alto,prueba,73.0,305,177.91666666666669,261.5,152.54166666666669,1.0151234746399862,0.8573770491803279,0.36065573770491804,159.5681818181818,-88.67179487179487,1.7995370686799752,0.0328194792689784,2395.5,479.0,0.08117325624583548,0.1418176194234842,0.0676994301994302,3.9885245901639346,10.0,15.900573613766731,21.007648183556405,679.5,1.2466539196940727,1/2,11.0,,
overnight sin_conf 2R_cierre,alto,FM 2022-2026,55.25,862,,,,1.030806314897224,1.3491879350348028,0.3480278422273782,,,,,,,,,,,,,,,,,,-3.9652262180974476,7.001450116009284
overnight sin_conf cierre,bajo,desarrollo,26.5,725,184.1733870967742,1124.0,285.53225806451616,1.0557691830608549,1.5503448275862068,0.18068965517241378,162.43129770992365,-33.93013468013468,4.787228204107999,0.06904657189967728,2068.0,935.0,0.21664937874016196,0.5722202194092091,0.18684346567411084,2.5,19.0,4.499110320284697,10.890124555160142,657.0,1.8745551601423487,2/4,37.0,,
overnight sin_conf cierre,bajo,validacion,48.5,557,189.42510121457488,5021.0,1707.5465587044532,1.2013958525530464,9.014362657091562,0.17055655296229802,315.2842105263158,-53.96320346320346,5.842577725047447,0.14689958803841024,1738.5,199.0,0.7085222286790692,2.2749996899561773,0.17545589812796292,2.5,14.0,1.7507468631746663,3.423819956184027,1158.5,0.4479187412865963,3/3,29.0,,
overnight sin_conf cierre,bajo,prueba,73.0,305,177.91666666666669,2724.5,1589.2916666666667,1.132876511900117,8.932786885245902,0.19672131147540983,387.14166666666665,-83.68979591836735,4.625912423592144,0.18303156364972284,3047.5,,0.49138887188042346,1.3833389389275628,0.19530508072174738,2.5,19.0,3.465957056340613,4.672416957239861,1851.5,1.4017250871719582,1/2,21.0,,
overnight sin_conf cierre,bajo,FM 2022-2026,55.25,862,,,,1.1704743039506988,8.985498839907192,0.17981438515081208,,,,,,,,,,,,,,,,,,-0.7844547563805103,19.473027842227378
overnight sin_conf cierre,base,desarrollo,26.5,725,184.1733870967742,761.5,193.44556451612905,1.0372344326821994,1.0503448275862068,0.18068965517241378,161.93129770992365,-34.43013468013468,4.703185137505545,0.046460097060271516,2201.0,962.0,0.14678075289241485,0.3837202763151641,0.18684346567411084,3.5,19.0,6.634274458305975,16.050558108995403,656.5,2.659225213394616,2/4,37.0,,
overnight sin_conf cierre,base,validacion,48.5,557,189.42510121457488,4742.5,1612.834008097166,1.1884786582942533,8.514362657091562,0.17055655296229802,314.7842105263158,-54.46320346320346,5.779759369809947,0.13541506071523407,1781.0,199.0,0.6692463821473689,2.132749279088521,0.17545589812796292,3.5,14.0,1.8525039536109646,3.622034791776489,1158.0,0.4540853979968371,3/3,29.0,,
overnight sin_conf cierre,base,prueba,73.0,305,177.91666666666669,2572.0,1500.3333333333335,1.1246939616512739,8.432786885245902,0.19672131147540983,386.64166666666665,-84.18979591836735,4.592500343409368,0.1750556417641385,3073.5,,0.4638941743657173,1.3000141723783099,0.19530508072174738,3.5,19.0,3.6695178849144634,4.94653965785381,1851.0,1.4510108864696734,1/2,21.0,,
overnight sin_conf cierre,base,FM 2022-2026,55.25,862,,,,1.1597453509068871,8.485498839907192,0.17981438515081208,,,,,,,,,,,,,,,,,,-1.2844547563805104,18.973027842227378
overnight sin_conf cierre,alto,desarrollo,26.5,725,184.1733870967742,399.0,101.35887096774194,1.019230305805239,0.5503448275862068,0.1793103448275862,162.67307692307693,-34.93013468013468,4.657098474217785,0.02387362222086567,2365.5,987.0,0.07690898220896698,0.19901781979553856,0.18684346567411084,4.5,19.0,12.649122807017545,30.587719298245613,656.0,4.869674185463659,2/4,37.0,,
overnight sin_conf cierre,alto,validacion,48.5,557,189.42510121457488,4464.0,1518.1214574898784,1.1757964793447013,8.014362657091562,0.17055655296229802,314.2842105263158,-54.96320346320346,5.718083931128969,0.12393053339205783,1823.5,199.0,0.6299664673702856,1.9925846645248007,0.17545589812796292,4.5,14.0,1.9669578853046594,3.8449820788530467,1157.5,0.46102150537634407,3/3,29.0,,
overnight sin_conf cierre,alto,prueba,73.0,305,177.91666666666669,2419.5,1411.375,1.116608029302617,7.932786885245902,0.19672131147540983,386.14166666666665,-84.68979591836735,4.559482786319019,0.16707971987855413,3099.5,,0.4363977337197415,1.2174304294170695,0.19530508072174738,4.5,19.0,3.8987394089687952,5.255218020252118,1850.5,1.5065096094234347,1/2,21.0,,
overnight sin_conf cierre,alto,FM 2022-2026,55.25,862,,,,1.1491807897360322,7.9854988399071924,0.17981438515081208,,,,,,,,,,,,,,,,,,-1.7844547563805104,18.473027842227378
overnight conf15 2R_1200,bajo,desarrollo,39.5,323,82.05241935483872,695.0,176.55241935483872,1.0751676400605668,2.151702786377709,0.4117647058823529,74.74436090225564,-48.66315789473684,1.5359537715150953,0.04110254970675177,1501.5,,0.24698927945565788,0.38810494150251196,0.03784894540942928,2.369969040247678,26.0,3.069064748201439,4.430935251798561,398.5,1.6100719424460432,3/4,13.0,,
overnight conf15 2R_1200,bajo,validacion,74.75,250,85.02024291497975,624.0,212.21052631578945,1.0540727902946274,2.496,0.388,125.4020618556701,-75.42483660130719,1.6626096589183297,-0.06212058602802268,1402.5,,0.18680642645503936,0.31360884384942234,0.039177826222360636,2.394,23.0,5.056089743589744,5.842948717948718,572.5,1.3357371794871795,2/3,7.0,,
overnight conf15 2R_1200,bajo,prueba,117.5,155,90.41666666666667,-200.0,-116.66666666666667,0.9817775955537333,-1.2903225806451613,0.3870967741935484,179.59166666666667,-115.53157894736842,1.554481192960078,-0.08966838069418037,2460.0,,-0.06848756569931262,-0.1128416717433458,0.04373219373219373,2.4161290322580644,30.0,,,774.0,,1/2,7.0,,
overnight conf15 2R_1200,bajo,FM 2022-2026,93.5,405,,,,1.0188314716528613,1.0469135802469136,0.38765432098765434,,,,,,,,,,,,,,,,,,-6.978827160493827,9.70598765432099
overnight conf15 2R_1200,base,desarrollo,39.5,323,82.05241935483872,575.5,146.19556451612905,1.06161010598437,1.7817337461300309,0.4117647058823529,74.56015037593986,-49.16315789473684,1.5165858656919573,0.029648759907075994,1537.5,,0.20417474538838148,0.3195556120501072,0.03784894540942928,3.239938080495356,26.0,3.7046046915725457,5.347523892267594,398.5,1.89748045178106,3/4,13.0,,
overnight conf15 2R_1200,base,validacion,74.75,250,85.02024291497975,525.5,178.71255060728743,1.0452373778676882,2.102,0.388,125.17525773195877,-75.92483660130719,1.6486733898325392,-0.0681867156349864,1456.0,,0.15716133431619425,0.2629765841425523,0.039177826222360636,3.288,23.0,5.999048525214082,6.9324452901998095,572.5,1.5176022835394862,2/3,7.0,,
overnight conf15 2R_1200,base,prueba,117.5,155,90.41666666666667,-264.5,-154.29166666666669,0.9760047174090538,-1.706451612903226,0.3870967741935484,179.30833333333334,-116.03157894736842,1.5453408025643354,-0.09413108143216241,2498.0,,-0.09053025494984296,-0.1487872383086775,0.04373219373219373,3.332258064516129,30.0,,,773.5,,1/2,7.0,,
overnight conf15 2R_1200,base,FM 2022-2026,93.5,405,,,,1.0115285231564302,0.6444444444444445,0.38765432098765434,,,,,,,,,,,,,,,,,,-7.394444444444444,9.316790123456792
overnight conf15 2R_1200,alto,desarrollo,39.5,323,82.05241935483872,456.0,115.83870967741936,1.0483255616786773,1.411764705882353,0.4086687306501548,74.93939393939394,-49.66315789473684,1.5089534599920356,0.018194970107400243,1573.5,,0.16150191918238235,0.25177093302618364,0.03784894540942928,4.109907120743034,26.0,4.673245614035087,6.744517543859649,398.5,2.335526315789474,3/4,13.0,,
overnight conf15 2R_1200,alto,validacion,74.75,250,85.02024291497975,427.0,145.2145748987854,1.0365175746172923,1.708,0.388,124.94845360824742,-76.42483660130719,1.63491947336542,-0.07425284524195012,1509.5,,0.12757435038471088,0.21277301097800874,0.039177826222360636,4.182,23.0,7.377049180327869,8.524590163934427,572.5,1.7833723653395785,2/3,7.0,,
overnight conf15 2R_1200,alto,prueba,117.5,155,90.41666666666667,-329.0,-191.91666666666669,0.9702813784381916,-2.1225806451612903,0.3870967741935484,179.025,-116.53157894736842,1.5362788491938035,-0.09859378217014443,2536.0,,-0.1125507859964203,-0.18451792561541858,0.04373219373219373,4.248387096774193,30.0,,,773.0,,1/2,7.0,,
overnight conf15 2R_1200,alto,FM 2022-2026,93.5,405,,,,1.0043051376106487,0.2419753086419753,0.38765432098765434,,,,,,,,,,,,,,,,,,-7.810061728395062,8.927592592592594
overnight conf15 2R_cierre,bajo,desarrollo,39.5,323,82.05241935483872,1906.0,484.18548387096774,1.1833926681420186,5.900928792569659,0.39628482972136225,96.0859375,-53.297435897435896,1.8028247678726066,0.0607392194639995,1244.5,,0.5564811906836609,0.9792912228891095,0.0671681141439206,2.3390092879256965,27.0,1.5548268625393493,2.1421825813221407,546.5,0.7846274921301154,3/4,12.0,,
overnight conf15 2R_cierre,bajo,validacion,74.75,250,85.02024291497975,557.5,189.59514170040484,1.0389683011218678,2.23,0.336,176.95238095238096,-86.18373493975903,2.053199261740834,-0.06394716819109743,2483.5,,0.13684152264678856,0.23695036706700692,0.07304404996712689,2.364,23.0,7.5847533632287,8.662780269058295,572.5,2.1775784753363228,2/3,11.0,,
overnight conf15 2R_cierre,bajo,prueba,117.5,155,90.41666666666667,288.5,168.29166666666669,1.0223496145950344,1.8612903225806452,0.36774193548387096,231.52631578947367,-131.71938775510205,1.757723898777427,-0.05608161109770663,2311.0,,0.08261023899521278,0.1378934303510581,0.08995132953466287,2.3774193548387097,30.0,17.703639514731368,13.38474870017331,688.5,2.2738301559792027,1/2,7.0,,
overnight conf15 2R_cierre,bajo,FM 2022-2026,93.5,405,,,,1.0310857982730113,2.088888888888889,0.34814814814814815,,,,,,,,,,,,,,,,,,-8.15567901234568,13.685864197530867
overnight conf15 2R_cierre,base,desarrollo,39.5,323,82.05241935483872,1796.5,456.36895161290323,1.1712501787331395,5.561919504643963,0.39628482972136225,95.9921875,-53.797435897435896,1.7843264441637672,0.04996707502451728,1262.5,,0.5237436136794692,0.9180633590280721,0.0671681141439206,3.178018575851393,27.0,1.648483161703312,2.2713609796827163,546.5,0.8182577233509603,3/4,12.0,,
overnight conf15 2R_cierre,base,validacion,74.75,250,85.02024291497975,466.5,158.6477732793522,1.0324194725320546,1.866,0.336,176.85714285714286,-86.68373493975903,2.0402575290514413,-0.06972523846954842,2531.0,,0.11438718424301525,0.19752199961585612,0.07304404996712689,3.228,23.0,9.061093247588424,10.34833869239014,572.5,2.5412647374062165,2/3,11.0,,
overnight conf15 2R_cierre,base,prueba,117.5,155,90.41666666666667,230.0,134.16666666666669,1.017750337642292,1.4838709677419355,0.36774193548387096,231.359649122807,-132.21938775510205,1.7498163699814846,-0.060272029027189575,2338.0,,0.06581633723075796,0.10965502115242347,0.08995132953466287,3.2548387096774194,30.0,22.2,16.786956521739132,688.5,2.743478260869565,1/2,7.0,,
overnight conf15 2R_cierre,base,FM 2022-2026,93.5,405,,,,1.0254689728306579,1.719753086419753,0.34814814814814815,,,,,,,,,,,,,,,,,,-8.52895061728395,13.334753086419754
overnight conf15 2R_cierre,alto,desarrollo,39.5,323,82.05241935483872,1687.0,428.5524193548387,1.159331318473744,5.222910216718266,0.3931888544891641,96.65354330708661,-54.297435897435896,1.7800756464754335,0.039194930585035086,1280.5,,0.4910957747508692,0.8574730364681263,0.0671681141439206,4.0170278637770895,27.0,1.7542975696502667,2.4173088322465914,546.5,0.8562537048014226,3/4,12.0,,
overnight conf15 2R_cierre,alto,validacion,74.75,250,85.02024291497975,375.5,127.70040485829959,1.02594575919848,1.502,0.336,176.76190476190476,-87.18373493975903,2.0274642384160435,-0.07550330874799942,2578.5,,0.09197856801353996,0.15839011417874155,0.07304404996712689,4.092,23.0,11.252996005326231,12.8508655126498,572.5,3.081225033288948,2/3,11.0,,
overnight conf15 2R_cierre,alto,prueba,117.5,155,90.41666666666667,171.5,100.04166666666667,1.0131857148348902,1.1064516129032258,0.36774193548387096,231.19298245614036,-132.71938775510205,1.7419684219968288,-0.06446244695667248,2365.0,,0.04904411193664892,0.08155848122642315,0.08995132953466287,4.132258064516129,30.0,29.76384839650146,22.510204081632654,688.5,3.5335276967930027,1/2,7.0,,
overnight conf15 2R_cierre,alto,FM 2022-2026,93.5,405,,,,1.0199061101204556,1.3506172839506172,0.34814814814814815,,,,,,,,,,,,,,,,,,-8.910432098765432,12.978209876543211
overnight conf15 cierre,bajo,desarrollo,39.5,323,82.05241935483872,1640.5,416.7399193548387,1.1389900872659493,5.078947368421052,0.2724458204334365,152.76704545454547,-50.225531914893615,3.041621255767024,-0.03452751463817446,1164.0,106.0,0.3856047998564465,0.8114732273229748,0.12642938378825475,2.5,67.0,2.5976836330387076,3.632429137458092,591.5,1.2980798537031393,2/4,12.0,,
overnight conf15 cierre,bajo,validacion,74.75,250,85.02024291497975,337.5,114.77732793522266,1.0208153447637844,1.35,0.228,290.37719298245617,-84.01036269430051,3.456444939287902,-0.12484977611714042,3527.5,,0.06240148761502254,0.1355190178433692,0.12113221910792761,2.5,48.0,20.442962962962962,23.01037037037037,950.0,2.9066666666666667,2/3,24.0,,
overnight conf15 cierre,bajo,prueba,117.5,155,90.41666666666667,-2900.5,-1691.9583333333335,0.7976701196330788,-18.712903225806453,0.2709677419354839,272.26190476190476,-126.86283185840708,2.146112464727093,-0.23047963751201833,5158.5,,-0.7747343336073735,-1.3348018385970053,0.13059710351377019,2.5,55.0,,,1060.5,,0/2,8.0,,
overnight conf15 cierre,bajo,FM 2022-2026,93.5,405,,,,0.9161033732139642,-6.328395061728395,0.24444444444444444,,,,,,,,,,,,,,,,,,-21.551296296296297,8.423950617283952
overnight conf15 cierre,base,desarrollo,39.5,323,82.05241935483872,1479.0,375.7137096774194,1.1240719768466088,4.578947368421052,0.2724458204334365,152.26704545454547,-50.725531914893615,3.0017831199881035,-0.050347512237558525,1176.0,106.0,0.34768351903332034,0.727443546262693,0.12642938378825475,3.5,67.0,2.8779580797836375,4.023664638269101,591.0,1.4131169709263016,1/4,12.0,,
overnight conf15 cierre,base,validacion,74.75,250,85.02024291497975,212.5,72.26720647773278,1.0130284172772142,0.85,0.228,289.87719298245617,-84.51036269430051,3.430078676043901,-0.1328128986202691,3592.0,,0.039290185863826994,0.08499974651899102,0.12113221910792761,3.5,48.0,32.44470588235294,36.51764705882353,949.5,4.430588235294118,2/3,24.0,,
overnight conf15 cierre,base,prueba,117.5,155,90.41666666666667,-2978.0,-1737.1666666666667,0.7930794886047804,-19.212903225806453,0.2709677419354839,271.76190476190476,-127.36283185840708,2.133761481246195,-0.2363129796586524,5223.5,,-0.7953430000973477,-1.3669076670672147,0.13059710351377019,3.5,55.0,,,1060.0,,0/2,8.0,,
overnight conf15 cierre,base,FM 2022-2026,93.5,405,,,,0.9099259017995277,-6.828395061728395,0.24444444444444444,,,,,,,,,,,,,,,,,,-22.051296296296297,7.9239506172839524
overnight conf15 cierre,alto,desarrollo,39.5,323,82.05241935483872,1317.5,334.6875,1.1094450905466025,4.078947368421052,0.2693498452012384,153.51149425287358,-51.225531914893615,2.9967769687178345,-0.06616750983694268,1188.0,106.0,0.3097498814454481,0.6443451881246396,0.12642938378825475,4.5,67.0,3.226944971537002,4.510815939278937,590.5,1.5563567362428843,1/4,12.0,,
overnight conf15 cierre,alto,validacion,74.75,250,85.02024291497975,87.5,29.75708502024291,1.0053330895349546,0.35,0.228,289.37719298245617,-85.01036269430051,3.40402256632011,-0.14077602112339777,3656.5,,0.016178392757385085,0.03486598227853609,0.12113221910792761,4.5,48.0,78.73714285714286,88.61714285714285,949.0,10.308571428571428,2/3,24.0,,
overnight conf15 cierre,alto,prueba,117.5,155,90.41666666666667,-3055.5,-1782.375,0.7885247603557463,-19.712903225806453,0.2709677419354839,271.26190476190476,-127.86283185840708,2.1215070933380793,-0.2421463218052863,5288.5,,-0.8159444333306336,-1.3988423423686456,0.13059710351377019,4.5,55.0,,,1059.5,,0/2,8.0,,
overnight conf15 cierre,alto,FM 2022-2026,93.5,405,,,,0.9038096935716485,-7.328395061728395,0.24444444444444444,,,,,,,,,,,,,,,,,,-22.551296296296297,7.4239506172839524
