sistema,estrategia,descripcion,datos,periodos,n_desarrollo,n_validacion,n_prueba,neto_usd_año_desarrollo,neto_usd_año_validacion,neto_usd_año_prueba,pf_desarrollo,pf_validacion,pf_prueba,esperanza_usd_validacion,esperanza_usd_prueba,ic90_esperanza_oos,dd_max_usd_prueba,coste,esperanza_alto_val_prueba,esperanza_mas4ticks_fijo_x2_val,vecinos_positivos_dev_y_val,top10_ops_pct_neto_oos,mejor_año_pct_neto_oos,topstep_mejor_tamaño,topstep_p_aprobar,topstep_p_suspender,clasificacion,cagr_desarrollo,cagr_validacion,cagr_prueba,esperanza_pct_validacion,esperanza_pct_prueba,dd_max_pct_prueba,mar_prueba,mar_benchmark_prueba,esperanza_coste_doble_val_prueba,exposicion_prueba,pct_ops_1_4_semanas_prueba
A Topstep intradía,A1 ORB immediate principal + filtro vol,"ORB 5m ruptura inmediata, stop rango, 2R, 11:30, filtro vol.","NQ.c.0 1 min Databento (precios de NQ, valor MNQ 2 $/punto)",desarrollo 2018-21 · validación 2022-24 · prueba 2025-26/10,714.0,557.0,318.0,-542.9939516129033,-112.90688259109312,-75.25,0.9240472594829884,0.9896350410539788,0.9952285841100754,-0.5960502692998204,-0.4056603773584906,"[-9.57, 7.69]",4698.0,"base: 2 ticks/lado + 0,75 $/lado (provisional)",-1.82 / -1.22,-6.098743267504489,0.0,,,riesgo 200 $,0.1671159029649595,0.6747529200359389,RECHAZADA,,,,,,,,,,,
A Topstep intradía,A1 ORB close principal + filtro vol,"ORB 5m cierre confirmado, stop rango, 2R, 11:30, filtro vol.","NQ.c.0 1 min Databento (precios de NQ, valor MNQ 2 $/punto)",desarrollo 2018-21 · validación 2022-24 · prueba 2025-26/10,710.0,552.0,316.0,-794.9939516129033,618.9473684210526,1058.4583333333337,0.8975546680633757,1.055154857870174,1.0665127105441616,3.2971014492753623,5.742088607594937,"[-5.85, 13.52]",3525.0,"base: 2 ticks/lado + 0,75 $/lado (provisional)",2.60 / 4.97,-1.9846014492753623,0.0,1.3700646581372953,0.4435273077452194,riesgo 200 $,0.2237196765498652,0.1985624438454627,INCONCLUSA,,,,,,,,,,,
A Topstep intradía,A1 ORB retest stop=rango salida=2R_1130,"ORB 5m ruptura + retesteo, stop vela de retesteo, 2R, 11:30","NQ.c.0 1 min Databento (precios de NQ, valor MNQ 2 $/punto)",desarrollo 2018-21 · validación 2022-24 · prueba 2025-26/10,342.0,295.0,151.0,-348.27822580645164,-653.8056680161943,-449.75,0.7978025219379102,0.8162836255912849,0.9089835910754338,-6.516949152542373,-5.105960264900662,"[-14.35, 3.62]",2298.0,"base: 2 ticks/lado + 0,75 $/lado (provisional)",-8.13 / -6.30,-11.547457627118645,,,,riesgo 200 $,0.0,0.6540880503144654,RECHAZADA,,,,,,,,,,,
A Topstep intradía,A1 ORB immediate stop=rango salida=eod,"ORB 5m ruptura inmediata, stop rango, sin objetivo, salida 15:55","NQ.c.0 1 min Databento (precios de NQ, valor MNQ 2 $/punto)",desarrollo 2018-21 · validación 2022-24 · prueba 2025-26/10,992.0,741.0,432.0,229.8991935483871,2921.295546558704,1032.5,1.018427643501456,1.1495005047164886,1.0363673720978015,11.592442645074224,4.097222222222222,"[-3.23, 22.93]",6214.5,"base: 2 ticks/lado + 0,75 $/lado (provisional)",10.59 / 3.10,6.092442645074224,0.3333333333333333,1.388803088803089,0.4596042471042471,riesgo 200 $,0.4204851752021563,0.5795148247978437,INCONCLUSA,,,,,,,,,,,
A Topstep intradía,A2 Tendencia + filtro vwap,"Continuación intradía (EMA50 diaria + retroceso 5m + VWAP), 2R, 15:50","NQ.c.0 1 min Databento (precios de NQ, valor MNQ 2 $/punto)",desarrollo 2018-21 · validación 2022-24 · prueba 2025-26/10,294.0,203.0,134.0,-213.76814516129036,178.88259109311738,-1257.0833333333337,0.8705085789028237,1.0719611464532457,0.7202207075624797,2.5911330049261085,-16.082089552238806,"[-12.51, 4.30]",3044.5,"base: 2 ticks/lado + 0,75 $/lado (provisional)",2.31 / -17.27,-0.0320197044334975,0.0,,,riesgo 200 $,0.1518418688230009,0.6792452830188679,RECHAZADA,,,,,,,,,,,
A Topstep intradía,A3 Zona de ruido (reglas originales),"Bandas de ruido NY (reglas originales), decisiones cada 30 min","NQ.c.0 1 min Databento (precios de NQ, valor MNQ 2 $/punto)",desarrollo 2018-21 · validación 2022-24 · prueba 2025-26/10,927.0,732.0,427.0,2059.693548387097,3765.376518218623,3116.75,1.2908386541358778,1.3095720736463912,1.1769117427942322,15.12568306010929,12.51288056206089,"[5.65, 23.32]",3170.0,"base: 2 ticks/lado + 0,75 $/lado (provisional)",14.13 / 11.51,9.62568306010929,1.0,0.7254340542187024,0.3159914712153518,2 MNQ fijos,0.4141958670260557,0.5795148247978437,INCONCLUSA,,,,,,,,,,,
B swing capital propio,B1 Ruptura 20 sesiones,,"QQQ diario ajustado (Alpaca SIP), proxy del Nasdaq-100; ejecución en la apertura siguiente",desarrollo 2016-20 · validación 2021-23 · prueba 2024-26/10,42.0,20.0,21.0,,,,1.4895792942984625,1.9140878743584733,1.4112018175307373,,,"[-0.0001, 0.0178]",,"0,05 %/lado + 3 € por orden, capital 10.000 (provisional)",,,,2.0532544760885028,0.47359702716464525,,,,INCONCLUSA,0.0464487357792899,0.0890788994556692,0.0368281013729692,0.0122803331756591,0.005817015257426,-0.1354624278321924,0.2718694915064639,1.1337125551857508,0.0106 / 0.0040,0.3712230215827338,0.8095238095238095
B swing capital propio,B3 RSI(2) Connors (reversión),,"QQQ diario ajustado (Alpaca SIP), proxy del Nasdaq-100; ejecución en la apertura siguiente",desarrollo 2016-20 · validación 2021-23 · prueba 2024-26/10,33.0,21.0,31.0,,,,1.1946063432975895,2.0288010561988368,2.5721674069217784,,,"[0.0017, 0.0090]",,"0,05 %/lado + 3 € por orden, capital 10.000 (provisional)",,,,0.8725776589004713,0.5039189264229667,,,,INCONCLUSA,0.0067905936784398,0.027188338410593,0.0664205600280654,0.0039415173030288,0.0058956591551496,-0.0744002718175889,0.8927462011282998,1.1337125551857508,0.0023 / 0.0043,0.1424460431654676,0.1290322580645161
B swing capital propio,B4 Retroceso a EMA20 en tendencia,,"QQQ diario ajustado (Alpaca SIP), proxy del Nasdaq-100; ejecución en la apertura siguiente",desarrollo 2016-20 · validación 2021-23 · prueba 2024-26/10,28.0,18.0,20.0,,,,4.546525390217171,0.7465106865788186,2.566058657183957,,,"[-0.0062, 0.0132]",,"0,05 %/lado + 3 € por orden, capital 10.000 (provisional)",,,,3.799223851307321,1.2182982491521568,,,,RECHAZADA,0.1170222538794463,-0.0198152593602197,0.0834077291294523,-0.0045321051325308,0.011628872371098,-0.0723159714182193,1.1533790875474377,1.1337125551857508,-0.0062 / 0.0100,0.4014388489208633,0.75
B swing capital propio,B2 Ruptura 20 + EMA200,,"QQQ diario ajustado (Alpaca SIP), proxy del Nasdaq-100; ejecución en la apertura siguiente",desarrollo 2016-20 · validación 2021-23 · prueba 2024-26/10,37.0,18.0,21.0,,,,1.4478255328136025,1.515244333031914,1.4112018175307373,,,"[-0.0038, 0.0165]",,"0,05 %/lado + 3 € por orden, capital 10.000 (provisional)",,,,2.71031129183861,0.6057215721316546,,,,NO SELECCIONADA (filtro descartado en validación; informativa),0.0379990572523143,0.0506396879281918,0.0368281013729692,0.0073810473241638,0.005817015257426,-0.1354624278321924,0.2718694915064639,1.1337125551857508,0.0056 / 0.0040,0.3712230215827338,0.8095238095238095
Benchmark,Comprar y mantener QQQ (ajustado),pasivo,QQQ diario ajustado,mismos que B,,,,,,,,,,,,,,,,,,,,,,,REFERENCIA,0.2454385080303138,0.1061514078442784,0.2581358674103262,,,-0.2276907547945718,1.1337125551857508,,,,
