estrategia,año,config,n,esperanza_R,neto_usd
A,2020,umbral=0.15 objetivo=2.0R,71,0.2353760231209169,1668.960000000813
A,2021,umbral=0.15 objetivo=2.0R,69,-0.421171526796087,-3055.9199999990033
A,2022,sin candidato,0,,0.0
A,2023,sin candidato,0,,0.0
A,2024,sin candidato,0,,0.0
A,2025,sin candidato,0,,0.0
A,2026,sin candidato,0,,0.0
B,2020,sin candidato,0,,0.0
B,2021,sin candidato,0,,0.0
B,2022,sin candidato,0,,0.0
B,2023,sin candidato,0,,0.0
B,2024,sin candidato,0,,0.0
B,2025,sin candidato,0,,0.0
B,2026,sin candidato,0,,0.0
C,2020,umbral=0.2 objetivo=2.0R,64,-0.16435150943999083,-1051.2399999993022
C,2021,umbral=0.2 objetivo=2.0R,44,-0.4592829845533085,-2009.3199999993287
C,2022,sin candidato,0,,0.0
C,2023,sin candidato,0,,0.0
C,2024,sin candidato,0,,0.0
C,2025,sin candidato,0,,0.0
C,2026,sin candidato,0,,0.0
D,2020,sin candidato,0,,0.0
D,2021,sin candidato,0,,0.0
D,2022,sin candidato,0,,0.0
D,2023,sin candidato,0,,0.0
D,2024,sin candidato,0,,0.0
D,2025,sin candidato,0,,0.0
D,2026,sin candidato,0,,0.0
E,2020,sin candidato,0,,0.0
E,2021,umbral=0.05 objetivo=2.0R,24,-0.3513842668123734,-830.399999999624
E,2022,umbral=0.05 objetivo=2.0R,20,-0.4395055872231384,-856.2799999997077
E,2023,sin candidato,0,,0.0
E,2024,sin candidato,0,,0.0
E,2025,sin candidato,0,,0.0
E,2026,sin candidato,0,,0.0
F,2020,sin candidato,0,,0.0
F,2021,umbral=0.2 objetivo=2.0R,11,-0.735239802661129,-827.359999999845
F,2022,sin candidato,0,,0.0
F,2023,sin candidato,0,,0.0
F,2024,sin candidato,0,,0.0
F,2025,sin candidato,0,,0.0
F,2026,umbral=0.2 objetivo=2.0R,15,-0.26931159821996264,-367.240000000542
