session,status,reason,bias,bias_detail,or_high,or_low,periodo
2018-01-05,descartada_hora,la vela de entrada empieza en/tras la hora límite,alcista,"{'sh1': ('2018-01-03 14:00:00+00:00', 1319.4), 'sh2': ('2018-01-04 20:00:00+00:00', 1327.3), 'sl1': ('2018-01-04 13:00:00+00:00', 1310.2), 'sl2': ('2018-01-05 02:00:00+00:00', 1321.8), 'sh2_confirmado': '2018-01-05 00:00:00+00:00', 'sl2_confirmado': '2018-01-05 05:00:00+00:00'}",1319.7,1317.6,desarrollo
2018-01-12,descartada_hora,la vela de entrada empieza en/tras la hora límite,alcista,"{'sh1': ('2018-01-11 18:00:00+00:00', 1324.7), 'sh2': ('2018-01-12 04:00:00+00:00', 1331.0), 'sl1': ('2018-01-11 07:00:00+00:00', 1316.1), 'sl2': ('2018-01-11 12:00:00+00:00', 1318.2), 'sh2_confirmado': '2018-01-12 07:00:00+00:00', 'sl2_confirmado': '2018-01-11 15:00:00+00:00'}",1330.3,1327.2,desarrollo
2018-01-16,descartada_hora,la vela de entrada empieza en/tras la hora límite,bajista,"{'sh1': ('2018-01-16 02:00:00+00:00', 1342.3), 'sh2': ('2018-01-16 05:00:00+00:00', 1341.9), 'sl1': ('2018-01-15 15:00:00+00:00', 1339.1), 'sl2': ('2018-01-16 01:00:00+00:00', 1338.4), 'sh2_confirmado': '2018-01-16 08:00:00+00:00', 'sl2_confirmado': '2018-01-16 04:00:00+00:00'}",1340.3,1336.5,desarrollo
2018-01-29,descartada_hora,la vela de entrada empieza en/tras la hora límite,bajista,"{'sh1': ('2018-01-26 18:00:00+00:00', 1353.4), 'sh2': ('2018-01-29 00:00:00+00:00', 1351.4), 'sl1': ('2018-01-26 14:00:00+00:00', 1347.6), 'sl2': ('2018-01-29 02:00:00+00:00', 1345.1), 'sh2_confirmado': '2018-01-29 03:00:00+00:00', 'sl2_confirmado': '2018-01-29 05:00:00+00:00'}",1346.4,1343.4,desarrollo
2018-01-31,invalida,rango incompleto (7/12 velas),,,,,desarrollo
2018-02-12,descartada_hora,la vela de entrada empieza en/tras la hora límite,alcista,"{'sh1': ('2018-02-09 21:00:00+00:00', 1319.8), 'sh2': ('2018-02-12 01:00:00+00:00', 1330.0), 'sl1': ('2018-02-09 15:00:00+00:00', 1313.2), 'sl2': ('2018-02-09 18:00:00+00:00', 1314.2), 'sh2_confirmado': '2018-02-12 04:00:00+00:00', 'sl2_confirmado': '2018-02-09 21:00:00+00:00'}",1324.9,1322.5,desarrollo
2018-02-14,descartada_hora,la vela de entrada empieza en/tras la hora límite,alcista,"{'sh1': ('2018-02-13 16:00:00+00:00', 1331.9), 'sh2': ('2018-02-14 03:00:00+00:00', 1339.4), 'sl1': ('2018-02-12 21:00:00+00:00', 1323.5), 'sl2': ('2018-02-13 14:00:00+00:00', 1325.1), 'sh2_confirmado': '2018-02-14 06:00:00+00:00', 'sl2_confirmado': '2018-02-13 17:00:00+00:00'}",1335.4,1334.0,desarrollo
2018-03-16,descartada_hora,la vela de entrada empieza en/tras la hora límite,bajista,"{'sh1': ('2018-03-15 05:00:00+00:00', 1328.1), 'sh2': ('2018-03-15 17:00:00+00:00', 1319.5), 'sl1': ('2018-03-15 19:00:00+00:00', 1314.9), 'sl2': ('2018-03-16 01:00:00+00:00', 1313.5), 'sh2_confirmado': '2018-03-15 20:00:00+00:00', 'sl2_confirmado': '2018-03-16 04:00:00+00:00'}",1318.9,1317.7,desarrollo
2018-04-02,invalida,festivo XLON (sin sesión regular),,,,,desarrollo
2018-04-05,descartada_hora,la vela de entrada empieza en/tras la hora límite,bajista,"{'sh1': ('2018-04-04 13:00:00+01:00', 1352.5), 'sh2': ('2018-04-04 23:00:00+01:00', 1338.7), 'sl1': ('2018-04-04 06:00:00+01:00', 1336.8), 'sl2': ('2018-04-04 19:00:00+01:00', 1336.0), 'sh2_confirmado': '2018-04-05 02:00:00+01:00', 'sl2_confirmado': '2018-04-04 22:00:00+01:00'}",1331.1,1327.8,desarrollo
2018-05-07,invalida,festivo XLON (sin sesión regular),,,,,desarrollo
2018-05-24,descartada_hora,la vela de entrada empieza en/tras la hora límite,alcista,"{'sh1': ('2018-05-23 19:00:00+01:00', 1294.6), 'sh2': ('2018-05-24 01:00:00+01:00', 1295.4), 'sl1': ('2018-05-24 00:00:00+01:00', 1292.4), 'sl2': ('2018-05-24 03:00:00+01:00', 1293.2), 'sh2_confirmado': '2018-05-24 04:00:00+01:00', 'sl2_confirmado': '2018-05-24 06:00:00+01:00'}",1297.0,1295.4,desarrollo
2018-05-28,invalida,festivo XLON (sin sesión regular),,,,,desarrollo
2018-05-31,invalida,rango incompleto (4/12 velas),,,,,desarrollo
2018-06-11,descartada_hora,la vela de entrada empieza en/tras la hora límite,alcista,"{'sh1': ('2018-06-10 23:00:00+01:00', 1304.3), 'sh2': ('2018-06-11 02:00:00+01:00', 1305.7), 'sl1': ('2018-06-08 16:00:00+01:00', 1301.2), 'sl2': ('2018-06-10 23:00:00+01:00', 1302.3), 'sh2_confirmado': '2018-06-11 05:00:00+01:00', 'sl2_confirmado': '2018-06-11 02:00:00+01:00'}",1301.9,1300.3,desarrollo
2018-06-14,descartada_hora,la vela de entrada empieza en/tras la hora límite,alcista,"{'sh1': ('2018-06-13 16:00:00+01:00', 1302.7), 'sh2': ('2018-06-13 19:00:00+01:00', 1305.2), 'sl1': ('2018-06-13 19:00:00+01:00', 1296.0), 'sl2': ('2018-06-14 03:00:00+01:00', 1301.0), 'sh2_confirmado': '2018-06-13 22:00:00+01:00', 'sl2_confirmado': '2018-06-14 06:00:00+01:00'}",1307.5,1305.8,desarrollo
2018-07-31,invalida,rango incompleto (9/12 velas),,,,,desarrollo
2018-08-14,descartada_hora,la vela de entrada empieza en/tras la hora límite,alcista,"{'sh1': ('2018-08-13 23:00:00+01:00', 1201.9), 'sh2': ('2018-08-14 03:00:00+01:00', 1203.1), 'sl1': ('2018-08-13 18:00:00+01:00', 1198.6), 'sl2': ('2018-08-14 01:00:00+01:00', 1199.2), 'sh2_confirmado': '2018-08-14 06:00:00+01:00', 'sl2_confirmado': '2018-08-14 04:00:00+01:00'}",1202.5,1200.7,desarrollo
2018-08-27,invalida,festivo XLON (sin sesión regular),,,,,desarrollo
2018-08-30,descartada_hora,la vela de entrada empieza en/tras la hora límite,alcista,"{'sh1': ('2018-08-29 18:00:00+01:00', 1212.8), 'sh2': ('2018-08-30 00:00:00+01:00', 1214.0), 'sl1': ('2018-08-29 07:00:00+01:00', 1207.4), 'sl2': ('2018-08-29 12:00:00+01:00', 1208.1), 'sh2_confirmado': '2018-08-30 03:00:00+01:00', 'sl2_confirmado': '2018-08-29 15:00:00+01:00'}",1211.1,1208.1,desarrollo
2018-09-04,descartada_hora,la vela de entrada empieza en/tras la hora límite,bajista,"{'sh1': ('2018-09-03 15:00:00+01:00', 1208.1), 'sh2': ('2018-09-04 02:00:00+01:00', 1207.6), 'sl1': ('2018-09-03 08:00:00+01:00', 1204.4), 'sl2': ('2018-09-03 13:00:00+01:00', 1204.3), 'sh2_confirmado': '2018-09-04 05:00:00+01:00', 'sl2_confirmado': '2018-09-03 16:00:00+01:00'}",1201.8,1199.3,desarrollo
2018-09-05,descartada_hora,la vela de entrada empieza en/tras la hora límite,alcista,"{'sh1': ('2018-09-04 21:00:00+01:00', 1199.0), 'sh2': ('2018-09-05 03:00:00+01:00', 1200.1), 'sl1': ('2018-09-04 21:00:00+01:00', 1196.2), 'sl2': ('2018-09-05 01:00:00+01:00', 1196.4), 'sh2_confirmado': '2018-09-05 06:00:00+01:00', 'sl2_confirmado': '2018-09-05 04:00:00+01:00'}",1201.4,1197.3,desarrollo
2018-09-20,descartada_hora,la vela de entrada empieza en/tras la hora límite,alcista,"{'sh1': ('2018-09-19 16:00:00+01:00', 1210.8), 'sh2': ('2018-09-20 04:00:00+01:00', 1211.4), 'sl1': ('2018-09-19 18:00:00+01:00', 1207.2), 'sl2': ('2018-09-20 01:00:00+01:00', 1207.7), 'sh2_confirmado': '2018-09-20 07:00:00+01:00', 'sl2_confirmado': '2018-09-20 04:00:00+01:00'}",1208.5,1206.8,desarrollo
2018-10-01,descartada_hora,la vela de entrada empieza en/tras la hora límite,alcista,"{'sh1': ('2018-09-28 05:00:00+01:00', 1189.1), 'sh2': ('2018-09-28 18:00:00+01:00', 1198.0), 'sl1': ('2018-09-28 12:00:00+01:00', 1185.3), 'sl2': ('2018-10-01 02:00:00+01:00', 1191.8), 'sh2_confirmado': '2018-09-28 21:00:00+01:00', 'sl2_confirmado': '2018-10-01 05:00:00+01:00'}",1191.1,1189.3,desarrollo
2018-10-15,descartada_hora,la vela de entrada empieza en/tras la hora límite,alcista,"{'sh1': ('2018-10-12 04:00:00+01:00', 1225.8), 'sh2': ('2018-10-12 13:00:00+01:00', 1227.5), 'sl1': ('2018-10-12 16:00:00+01:00', 1219.7), 'sl2': ('2018-10-14 23:00:00+01:00', 1220.4), 'sh2_confirmado': '2018-10-12 16:00:00+01:00', 'sl2_confirmado': '2018-10-15 02:00:00+01:00'}",1232.8,1228.0,desarrollo
2018-10-23,descartada_hora,la vela de entrada empieza en/tras la hora límite,alcista,"{'sh1': ('2018-10-22 19:00:00+01:00', 1226.5), 'sh2': ('2018-10-23 03:00:00+01:00', 1227.4), 'sl1': ('2018-10-22 15:00:00+01:00', 1222.8), 'sl2': ('2018-10-23 00:00:00+01:00', 1224.5), 'sh2_confirmado': '2018-10-23 06:00:00+01:00', 'sl2_confirmado': '2018-10-23 03:00:00+01:00'}",1235.8,1232.5,desarrollo
2018-10-31,descartada_hora,la vela de entrada empieza en/tras la hora límite,bajista,"{'sh1': ('2018-10-30 13:00:00+00:00', 1228.8), 'sh2': ('2018-10-30 20:00:00+00:00', 1225.8), 'sl1': ('2018-10-30 16:00:00+00:00', 1224.0), 'sl2': ('2018-10-31 03:00:00+00:00', 1216.5), 'sh2_confirmado': '2018-10-31 00:00:00+00:00', 'sl2_confirmado': '2018-10-31 06:00:00+00:00'}",1219.4,1216.1,desarrollo
2018-11-02,descartada_hora,la vela de entrada empieza en/tras la hora límite,bajista,"{'sh1': ('2018-11-01 17:00:00+00:00', 1239.3), 'sh2': ('2018-11-01 23:00:00+00:00', 1236.3), 'sl1': ('2018-11-01 20:00:00+00:00', 1234.5), 'sl2': ('2018-11-02 02:00:00+00:00', 1232.9), 'sh2_confirmado': '2018-11-02 02:00:00+00:00', 'sl2_confirmado': '2018-11-02 05:00:00+00:00'}",1237.6,1235.1,desarrollo
2018-11-06,descartada_hora,la vela de entrada empieza en/tras la hora límite,bajista,"{'sh1': ('2018-11-05 15:00:00+00:00', 1235.0), 'sh2': ('2018-11-05 23:00:00+00:00', 1233.5), 'sl1': ('2018-11-05 17:00:00+00:00', 1230.3), 'sl2': ('2018-11-06 04:00:00+00:00', 1230.2), 'sh2_confirmado': '2018-11-06 02:00:00+00:00', 'sl2_confirmado': '2018-11-06 07:00:00+00:00'}",1235.9,1233.4,desarrollo
2018-11-14,descartada_hora,la vela de entrada empieza en/tras la hora límite,alcista,"{'sh1': ('2018-11-13 16:00:00+00:00', 1204.9), 'sh2': ('2018-11-14 02:00:00+00:00', 1205.3), 'sl1': ('2018-11-13 20:00:00+00:00', 1200.1), 'sl2': ('2018-11-14 01:00:00+00:00', 1202.1), 'sh2_confirmado': '2018-11-14 05:00:00+00:00', 'sl2_confirmado': '2018-11-14 04:00:00+00:00'}",1202.2,1200.7,desarrollo
2018-11-23,descartada_hora,la vela de entrada empieza en/tras la hora límite,bajista,"{'sh1': ('2018-11-22 10:00:00+00:00', 1229.7), 'sh2': ('2018-11-23 04:00:00+00:00', 1229.2), 'sl1': ('2018-11-22 17:00:00+00:00', 1227.0), 'sl2': ('2018-11-23 01:00:00+00:00', 1226.9), 'sh2_confirmado': '2018-11-23 07:00:00+00:00', 'sl2_confirmado': '2018-11-23 04:00:00+00:00'}",1225.0,1221.8,desarrollo
2018-11-30,invalida,rango incompleto (4/12 velas),,,,,desarrollo
2018-12-26,invalida,festivo XLON (sin sesión regular),,,,,desarrollo
2019-01-07,descartada_hora,la vela de entrada empieza en/tras la hora límite,alcista,"{'sh1': ('2019-01-04 17:00:00+00:00', 1287.7), 'sh2': ('2019-01-07 01:00:00+00:00', 1291.6), 'sl1': ('2019-01-04 14:00:00+00:00', 1278.1), 'sl2': ('2019-01-07 00:00:00+00:00', 1284.1), 'sh2_confirmado': '2019-01-07 04:00:00+00:00', 'sl2_confirmado': '2019-01-07 03:00:00+00:00'}",1293.9,1291.3,desarrollo
2019-01-08,descartada_hora,la vela de entrada empieza en/tras la hora límite,alcista,"{'sh1': ('2019-01-07 18:00:00+00:00', 1290.4), 'sh2': ('2019-01-08 01:00:00+00:00', 1291.4), 'sl1': ('2019-01-07 16:00:00+00:00', 1287.3), 'sl2': ('2019-01-07 20:00:00+00:00', 1288.0), 'sh2_confirmado': '2019-01-08 04:00:00+00:00', 'sl2_confirmado': '2019-01-08 00:00:00+00:00'}",1284.9,1283.4,desarrollo
2019-01-14,descartada_hora,la vela de entrada empieza en/tras la hora límite,bajista,"{'sh1': ('2019-01-11 08:00:00+00:00', 1295.7), 'sh2': ('2019-01-14 01:00:00+00:00', 1293.0), 'sl1': ('2019-01-10 10:00:00+00:00', 1292.3), 'sl2': ('2019-01-11 14:00:00+00:00', 1287.2), 'sh2_confirmado': '2019-01-14 04:00:00+00:00', 'sl2_confirmado': '2019-01-11 17:00:00+00:00'}",1294.3,1292.2,desarrollo
2019-01-16,descartada_hora,la vela de entrada empieza en/tras la hora límite,alcista,"{'sh1': ('2019-01-15 20:00:00+00:00', 1290.8), 'sh2': ('2019-01-16 01:00:00+00:00', 1291.0), 'sl1': ('2019-01-15 17:00:00+00:00', 1286.6), 'sl2': ('2019-01-16 03:00:00+00:00', 1288.0), 'sh2_confirmado': '2019-01-16 04:00:00+00:00', 'sl2_confirmado': '2019-01-16 06:00:00+00:00'}",1291.6,1289.5,desarrollo
2019-01-29,descartada_hora,la vela de entrada empieza en/tras la hora límite,alcista,"{'sh1': ('2019-01-28 10:00:00+00:00', 1301.7), 'sh2': ('2019-01-28 18:00:00+00:00', 1303.4), 'sl1': ('2019-01-29 01:00:00+00:00', 1301.7), 'sl2': ('2019-01-29 05:00:00+00:00', 1302.0), 'sh2_confirmado': '2019-01-28 21:00:00+00:00', 'sl2_confirmado': '2019-01-29 08:00:00+00:00'}",1308.4,1306.1,desarrollo
2019-01-31,invalida,rango incompleto (3/12 velas),,,,,desarrollo
2019-03-15,descartada_hora,la vela de entrada empieza en/tras la hora límite,alcista,"{'sh1': ('2019-03-14 18:00:00+00:00', 1296.9), 'sh2': ('2019-03-15 03:00:00+00:00', 1299.7), 'sl1': ('2019-03-14 16:00:00+00:00', 1293.0), 'sl2': ('2019-03-15 02:00:00+00:00', 1293.7), 'sh2_confirmado': '2019-03-15 06:00:00+00:00', 'sl2_confirmado': '2019-03-15 05:00:00+00:00'}",1304.2,1302.2,desarrollo
2019-03-20,descartada_hora,la vela de entrada empieza en/tras la hora límite,bajista,"{'sh1': ('2019-03-19 13:00:00+00:00', 1310.8), 'sh2': ('2019-03-19 23:00:00+00:00', 1306.8), 'sl1': ('2019-03-19 16:00:00+00:00', 1305.7), 'sl2': ('2019-03-20 01:00:00+00:00', 1303.5), 'sh2_confirmado': '2019-03-20 02:00:00+00:00', 'sl2_confirmado': '2019-03-20 04:00:00+00:00'}",1303.7,1301.2,desarrollo
2019-03-29,invalida,rango incompleto (9/12 velas),,,,,desarrollo
2019-04-05,descartada_hora,la vela de entrada empieza en/tras la hora límite,alcista,"{'sh1': ('2019-04-04 07:00:00+01:00', 1297.9), 'sh2': ('2019-04-04 20:00:00+01:00', 1298.7), 'sl1': ('2019-04-04 14:00:00+01:00', 1284.9), 'sl2': ('2019-04-05 04:00:00+01:00', 1291.6), 'sh2_confirmado': '2019-04-05 00:00:00+01:00', 'sl2_confirmado': '2019-04-05 07:00:00+01:00'}",1295.0,1292.7,desarrollo
2019-04-22,invalida,festivo XLON (sin sesión regular),,,,,desarrollo
2019-04-30,descartada_hora,la vela de entrada empieza en/tras la hora límite,bajista,"{'sh1': ('2019-04-29 13:00:00+01:00', 1287.0), 'sh2': ('2019-04-29 20:00:00+01:00', 1282.5), 'sl1': ('2019-04-29 09:00:00+01:00', 1282.7), 'sl2': ('2019-04-29 15:00:00+01:00', 1279.9), 'sh2_confirmado': '2019-04-30 00:00:00+01:00', 'sl2_confirmado': '2019-04-29 18:00:00+01:00'}",1285.8,1284.5,desarrollo
2019-05-06,invalida,festivo XLON (sin sesión regular),,,,,desarrollo
2019-05-14,descartada_hora,la vela de entrada empieza en/tras la hora límite,alcista,"{'sh1': ('2019-05-13 18:00:00+01:00', 1302.2), 'sh2': ('2019-05-14 01:00:00+01:00', 1304.2), 'sl1': ('2019-05-13 13:00:00+01:00', 1283.6), 'sl2': ('2019-05-14 03:00:00+01:00', 1298.9), 'sh2_confirmado': '2019-05-14 04:00:00+01:00', 'sl2_confirmado': '2019-05-14 06:00:00+01:00'}",1299.3,1297.7,desarrollo
2019-05-27,invalida,festivo XLON (sin sesión regular),,,,,desarrollo
2019-06-10,descartada_hora,la vela de entrada empieza en/tras la hora límite,bajista,"{'sh1': ('2019-06-07 15:00:00+01:00', 1352.7), 'sh2': ('2019-06-10 01:00:00+01:00', 1341.7), 'sl1': ('2019-06-09 23:00:00+01:00', 1337.4), 'sl2': ('2019-06-10 02:00:00+01:00', 1332.7), 'sh2_confirmado': '2019-06-10 04:00:00+01:00', 'sl2_confirmado': '2019-06-10 05:00:00+01:00'}",1332.3,1329.8,desarrollo
2019-06-12,descartada_hora,la vela de entrada empieza en/tras la hora límite,bajista,"{'sh1': ('2019-06-11 07:00:00+01:00', 1333.2), 'sh2': ('2019-06-11 18:00:00+01:00', 1332.8), 'sl1': ('2019-06-11 20:00:00+01:00', 1330.3), 'sl2': ('2019-06-12 02:00:00+01:00', 1329.8), 'sh2_confirmado': '2019-06-11 21:00:00+01:00', 'sl2_confirmado': '2019-06-12 05:00:00+01:00'}",1341.7,1338.5,desarrollo
2019-06-13,descartada_hora,la vela de entrada empieza en/tras la hora límite,alcista,"{'sh1': ('2019-06-12 17:00:00+01:00', 1340.9), 'sh2': ('2019-06-13 03:00:00+01:00', 1341.5), 'sl1': ('2019-06-12 18:00:00+01:00', 1335.5), 'sl2': ('2019-06-13 02:00:00+01:00', 1335.9), 'sh2_confirmado': '2019-06-13 06:00:00+01:00', 'sl2_confirmado': '2019-06-13 05:00:00+01:00'}",1342.0,1339.7,desarrollo
2019-06-21,descartada_hora,la vela de entrada empieza en/tras la hora límite,alcista,"{'sh1': ('2019-06-20 18:00:00+01:00', 1397.3), 'sh2': ('2019-06-21 03:00:00+01:00', 1415.4), 'sl1': ('2019-06-20 09:00:00+01:00', 1381.5), 'sl2': ('2019-06-20 21:00:00+01:00', 1390.4), 'sh2_confirmado': '2019-06-21 06:00:00+01:00', 'sl2_confirmado': '2019-06-21 01:00:00+01:00'}",1397.6,1386.1,desarrollo
2019-07-02,descartada_hora,la vela de entrada empieza en/tras la hora límite,alcista,"{'sh1': ('2019-07-01 23:00:00+01:00', 1391.9), 'sh2': ('2019-07-02 03:00:00+01:00', 1394.3), 'sl1': ('2019-07-01 08:00:00+01:00', 1384.7), 'sl2': ('2019-07-01 21:00:00+01:00', 1385.8), 'sh2_confirmado': '2019-07-02 06:00:00+01:00', 'sl2_confirmado': '2019-07-02 01:00:00+01:00'}",1396.7,1393.8,desarrollo
2019-07-09,descartada_hora,la vela de entrada empieza en/tras la hora límite,bajista,"{'sh1': ('2019-07-08 13:00:00+01:00', 1409.5), 'sh2': ('2019-07-09 05:00:00+01:00', 1398.5), 'sl1': ('2019-07-08 20:00:00+01:00', 1393.8), 'sl2': ('2019-07-09 01:00:00+01:00', 1392.7), 'sh2_confirmado': '2019-07-09 08:00:00+01:00', 'sl2_confirmado': '2019-07-09 04:00:00+01:00'}",1397.1,1394.5,desarrollo
2019-07-29,descartada_hora,la vela de entrada empieza en/tras la hora límite,alcista,"{'sh1': ('2019-07-26 19:00:00+01:00', 1420.0), 'sh2': ('2019-07-29 02:00:00+01:00', 1424.1), 'sl1': ('2019-07-26 13:00:00+01:00', 1412.9), 'sl2': ('2019-07-26 21:00:00+01:00', 1416.1), 'sh2_confirmado': '2019-07-29 05:00:00+01:00', 'sl2_confirmado': '2019-07-29 01:00:00+01:00'}",1419.4,1417.5,desarrollo
2019-07-31,invalida,rango incompleto (4/12 velas),,,,,desarrollo
2019-08-05,descartada_hora,la vela de entrada empieza en/tras la hora límite,alcista,"{'sh1': ('2019-08-02 18:00:00+01:00', 1460.2), 'sh2': ('2019-08-05 04:00:00+01:00', 1468.3), 'sl1': ('2019-08-02 14:00:00+01:00', 1443.0), 'sl2': ('2019-08-04 23:00:00+01:00', 1448.8), 'sh2_confirmado': '2019-08-05 07:00:00+01:00', 'sl2_confirmado': '2019-08-05 02:00:00+01:00'}",1470.8,1468.0,desarrollo
2019-08-26,invalida,festivo XLON (sin sesión regular),,,,,desarrollo
2019-08-28,descartada_hora,la vela de entrada empieza en/tras la hora límite,bajista,"{'sh1': ('2019-08-27 17:00:00+01:00', 1554.5), 'sh2': ('2019-08-28 02:00:00+01:00', 1554.3), 'sl1': ('2019-08-27 20:00:00+01:00', 1547.0), 'sl2': ('2019-08-28 03:00:00+01:00', 1541.4), 'sh2_confirmado': '2019-08-28 05:00:00+01:00', 'sl2_confirmado': '2019-08-28 06:00:00+01:00'}",1553.2,1547.7,desarrollo
2019-09-24,descartada_hora,la vela de entrada empieza en/tras la hora límite,bajista,"{'sh1': ('2019-09-23 16:00:00+01:00', 1534.4), 'sh2': ('2019-09-23 19:00:00+01:00', 1533.8), 'sl1': ('2019-09-23 17:00:00+01:00', 1528.1), 'sl2': ('2019-09-24 02:00:00+01:00', 1526.6), 'sh2_confirmado': '2019-09-23 22:00:00+01:00', 'sl2_confirmado': '2019-09-24 05:00:00+01:00'}",1531.3,1527.6,desarrollo
2019-10-17,descartada_hora,la vela de entrada empieza en/tras la hora límite,alcista,"{'sh1': ('2019-10-16 18:00:00+01:00', 1494.9), 'sh2': ('2019-10-17 01:00:00+01:00', 1496.8), 'sl1': ('2019-10-16 19:00:00+01:00', 1489.6), 'sl2': ('2019-10-17 03:00:00+01:00', 1491.1), 'sh2_confirmado': '2019-10-17 04:00:00+01:00', 'sl2_confirmado': '2019-10-17 06:00:00+01:00'}",1495.1,1491.2,desarrollo
2019-10-21,descartada_hora,la vela de entrada empieza en/tras la hora límite,bajista,"{'sh1': ('2019-10-18 14:00:00+01:00', 1497.0), 'sh2': ('2019-10-20 23:00:00+01:00', 1496.0), 'sl1': ('2019-10-18 21:00:00+01:00', 1493.2), 'sl2': ('2019-10-21 02:00:00+01:00', 1492.6), 'sh2_confirmado': '2019-10-21 02:00:00+01:00', 'sl2_confirmado': '2019-10-21 05:00:00+01:00'}",1496.0,1491.5,desarrollo
2019-10-22,descartada_hora,la vela de entrada empieza en/tras la hora límite,bajista,"{'sh1': ('2019-10-21 14:00:00+01:00', 1498.7), 'sh2': ('2019-10-21 23:00:00+01:00', 1488.5), 'sl1': ('2019-10-21 20:00:00+01:00', 1484.8), 'sl2': ('2019-10-22 01:00:00+01:00', 1484.0), 'sh2_confirmado': '2019-10-22 02:00:00+01:00', 'sl2_confirmado': '2019-10-22 04:00:00+01:00'}",1492.1,1488.8,desarrollo
2019-11-06,descartada_hora,la vela de entrada empieza en/tras la hora límite,alcista,"{'sh1': ('2019-11-05 20:00:00+00:00', 1486.9), 'sh2': ('2019-11-06 01:00:00+00:00', 1488.8), 'sl1': ('2019-11-05 18:00:00+00:00', 1480.7), 'sl2': ('2019-11-05 23:00:00+00:00', 1483.8), 'sh2_confirmado': '2019-11-06 04:00:00+00:00', 'sl2_confirmado': '2019-11-06 02:00:00+00:00'}",1488.2,1485.5,desarrollo
2019-11-15,descartada_hora,la vela de entrada empieza en/tras la hora límite,alcista,"{'sh1': ('2019-11-14 13:00:00+00:00', 1471.1), 'sh2': ('2019-11-14 18:00:00+00:00', 1475.5), 'sl1': ('2019-11-14 15:00:00+00:00', 1465.2), 'sl2': ('2019-11-15 00:00:00+00:00', 1467.4), 'sh2_confirmado': '2019-11-14 21:00:00+00:00', 'sl2_confirmado': '2019-11-15 03:00:00+00:00'}",1467.5,1463.9,desarrollo
2019-11-25,descartada_hora,la vela de entrada empieza en/tras la hora límite,bajista,"{'sh1': ('2019-11-25 02:00:00+00:00', 1462.0), 'sh2': ('2019-11-25 05:00:00+00:00', 1461.7), 'sl1': ('2019-11-22 08:00:00+00:00', 1464.6), 'sl2': ('2019-11-22 15:00:00+00:00', 1461.2), 'sh2_confirmado': '2019-11-25 08:00:00+00:00', 'sl2_confirmado': '2019-11-22 18:00:00+00:00'}",1459.2,1456.2,desarrollo
2019-11-26,descartada_hora,la vela de entrada empieza en/tras la hora límite,bajista,"{'sh1': ('2019-11-25 14:00:00+00:00', 1460.7), 'sh2': ('2019-11-25 23:00:00+00:00', 1455.4), 'sl1': ('2019-11-25 13:00:00+00:00', 1453.9), 'sl2': ('2019-11-26 01:00:00+00:00', 1451.4), 'sh2_confirmado': '2019-11-26 02:00:00+00:00', 'sl2_confirmado': '2019-11-26 04:00:00+00:00'}",1457.7,1454.6,desarrollo
2019-11-28,invalida,rango incompleto (10/12 velas),,,,,desarrollo
2019-12-02,descartada_hora,la vela de entrada empieza en/tras la hora límite,alcista,"{'sh1': ('2019-11-29 05:00:00+00:00', 1465.4), 'sh2': ('2019-11-29 17:00:00+00:00', 1472.9), 'sl1': ('2019-11-29 13:00:00+00:00', 1459.1), 'sl2': ('2019-12-02 03:00:00+00:00', 1464.8), 'sh2_confirmado': '2019-12-02 00:00:00+00:00', 'sl2_confirmado': '2019-12-02 06:00:00+00:00'}",1464.9,1459.8,desarrollo
2019-12-05,descartada_hora,la vela de entrada empieza en/tras la hora límite,alcista,"{'sh1': ('2019-12-04 18:00:00+00:00', 1481.0), 'sh2': ('2019-12-05 01:00:00+00:00', 1481.8), 'sl1': ('2019-12-04 19:00:00+00:00', 1478.5), 'sl2': ('2019-12-05 01:00:00+00:00', 1479.2), 'sh2_confirmado': '2019-12-05 04:00:00+00:00', 'sl2_confirmado': '2019-12-05 04:00:00+00:00'}",1482.1,1479.0,desarrollo
2019-12-13,descartada_hora,la vela de entrada empieza en/tras la hora límite,bajista,"{'sh1': ('2019-12-12 21:00:00+00:00', 1474.9), 'sh2': ('2019-12-13 01:00:00+00:00', 1474.3), 'sl1': ('2019-12-12 19:00:00+00:00', 1468.2), 'sl2': ('2019-12-12 23:00:00+00:00', 1465.5), 'sh2_confirmado': '2019-12-13 04:00:00+00:00', 'sl2_confirmado': '2019-12-13 02:00:00+00:00'}",1477.5,1473.5,desarrollo
2019-12-16,descartada_hora,la vela de entrada empieza en/tras la hora límite,alcista,"{'sh1': ('2019-12-13 16:00:00+00:00', 1482.3), 'sh2': ('2019-12-13 19:00:00+00:00', 1482.5), 'sl1': ('2019-12-13 15:00:00+00:00', 1469.2), 'sl2': ('2019-12-16 01:00:00+00:00', 1477.4), 'sh2_confirmado': '2019-12-13 22:00:00+00:00', 'sl2_confirmado': '2019-12-16 04:00:00+00:00'}",1482.3,1478.8,desarrollo
2019-12-26,invalida,festivo XLON (sin sesión regular),,,,,desarrollo
2020-01-03,descartada_hora,la vela de entrada empieza en/tras la hora límite,alcista,"{'sh1': ('2020-01-02 15:00:00+00:00', 1534.0), 'sh2': ('2020-01-03 02:00:00+00:00', 1543.7), 'sl1': ('2020-01-02 08:00:00+00:00', 1520.9), 'sl2': ('2020-01-02 17:00:00+00:00', 1525.3), 'sh2_confirmado': '2020-01-03 05:00:00+00:00', 'sl2_confirmado': '2020-01-02 20:00:00+00:00'}",1548.0,1545.5,desarrollo
2020-01-15,descartada_hora,la vela de entrada empieza en/tras la hora límite,alcista,"{'sh1': ('2020-01-14 18:00:00+00:00', 1549.4), 'sh2': ('2020-01-15 02:00:00+00:00', 1553.4), 'sl1': ('2020-01-14 05:00:00+00:00', 1536.7), 'sl2': ('2020-01-14 15:00:00+00:00', 1541.4), 'sh2_confirmado': '2020-01-15 05:00:00+00:00', 'sl2_confirmado': '2020-01-14 18:00:00+00:00'}",1554.7,1552.3,desarrollo
2020-01-16,descartada_hora,la vela de entrada empieza en/tras la hora límite,bajista,"{'sh1': ('2020-01-15 19:00:00+00:00', 1558.8), 'sh2': ('2020-01-16 00:00:00+00:00', 1558.2), 'sl1': ('2020-01-16 02:00:00+00:00', 1555.4), 'sl2': ('2020-01-16 05:00:00+00:00', 1551.5), 'sh2_confirmado': '2020-01-16 03:00:00+00:00', 'sl2_confirmado': '2020-01-16 08:00:00+00:00'}",1554.8,1552.0,desarrollo
2020-01-30,descartada_hora,la vela de entrada empieza en/tras la hora límite,alcista,"{'sh1': ('2020-01-29 15:00:00+00:00', 1573.9), 'sh2': ('2020-01-30 04:00:00+00:00', 1580.5), 'sl1': ('2020-01-29 14:00:00+00:00', 1567.1), 'sl2': ('2020-01-29 19:00:00+00:00', 1568.1), 'sh2_confirmado': '2020-01-30 07:00:00+00:00', 'sl2_confirmado': '2020-01-29 22:00:00+00:00'}",1582.4,1579.9,desarrollo
2020-01-31,invalida,rango incompleto (3/12 velas),,,,,desarrollo
2020-02-05,descartada_hora,la vela de entrada empieza en/tras la hora límite,bajista,"{'sh1': ('2020-02-04 00:00:00+00:00', 1584.5), 'sh2': ('2020-02-04 11:00:00+00:00', 1575.7), 'sl1': ('2020-02-04 09:00:00+00:00', 1569.1), 'sl2': ('2020-02-04 17:00:00+00:00', 1552.8), 'sh2_confirmado': '2020-02-04 14:00:00+00:00', 'sl2_confirmado': '2020-02-04 20:00:00+00:00'}",1565.7,1556.4,desarrollo
2020-02-13,descartada_hora,la vela de entrada empieza en/tras la hora límite,alcista,"{'sh1': ('2020-02-12 16:00:00+00:00', 1573.6), 'sh2': ('2020-02-13 00:00:00+00:00', 1575.5), 'sl1': ('2020-02-12 15:00:00+00:00', 1566.6), 'sl2': ('2020-02-12 20:00:00+00:00', 1568.1), 'sh2_confirmado': '2020-02-13 03:00:00+00:00', 'sl2_confirmado': '2020-02-13 00:00:00+00:00'}",1578.9,1576.3,desarrollo
2020-03-09,descartada_hora,la vela de entrada empieza en/tras la hora límite,alcista,"{'sh1': ('2020-03-06 13:00:00+00:00', 1690.5), 'sh2': ('2020-03-08 23:00:00+00:00', 1704.3), 'sl1': ('2020-03-06 15:00:00+00:00', 1642.4), 'sl2': ('2020-03-09 04:00:00+00:00', 1658.0), 'sh2_confirmado': '2020-03-09 02:00:00+00:00', 'sl2_confirmado': '2020-03-09 07:00:00+00:00'}",1683.5,1670.9,desarrollo
2020-03-13,descartada_hora,la vela de entrada empieza en/tras la hora límite,bajista,"{'sh1': ('2020-03-12 17:00:00+00:00', 1610.0), 'sh2': ('2020-03-12 23:00:00+00:00', 1584.3), 'sl1': ('2020-03-12 20:00:00+00:00', 1565.9), 'sl2': ('2020-03-13 02:00:00+00:00', 1551.0), 'sh2_confirmado': '2020-03-13 02:00:00+00:00', 'sl2_confirmado': '2020-03-13 05:00:00+00:00'}",1593.5,1578.7,desarrollo
2020-04-13,invalida,festivo XLON (sin sesión regular),,,,,desarrollo
2020-04-28,descartada_hora,la vela de entrada empieza en/tras la hora límite,bajista,"{'sh1': ('2020-04-27 14:00:00+01:00', 1741.0), 'sh2': ('2020-04-27 20:00:00+01:00', 1729.2), 'sl1': ('2020-04-27 18:00:00+01:00', 1720.8), 'sl2': ('2020-04-28 02:00:00+01:00', 1711.0), 'sh2_confirmado': '2020-04-28 00:00:00+01:00', 'sl2_confirmado': '2020-04-28 05:00:00+01:00'}",1718.3,1712.0,desarrollo
2020-05-08,invalida,festivo XLON (sin sesión regular),,,,,desarrollo
2020-05-25,invalida,festivo XLON (sin sesión regular),,,,,desarrollo
2020-06-22,descartada_hora,la vela de entrada empieza en/tras la hora límite,alcista,"{'sh1': ('2020-06-21 23:00:00+01:00', 1766.2), 'sh2': ('2020-06-22 02:00:00+01:00', 1776.7), 'sl1': ('2020-06-18 23:00:00+01:00', 1728.3), 'sl2': ('2020-06-19 10:00:00+01:00', 1735.0), 'sh2_confirmado': '2020-06-22 05:00:00+01:00', 'sl2_confirmado': '2020-06-19 13:00:00+01:00'}",1764.0,1753.5,desarrollo
2020-06-29,descartada_hora,la vela de entrada empieza en/tras la hora límite,bajista,"{'sh1': ('2020-06-28 23:00:00+01:00', 1790.4), 'sh2': ('2020-06-29 02:00:00+01:00', 1788.9), 'sl1': ('2020-06-26 06:00:00+01:00', 1765.6), 'sl2': ('2020-06-26 15:00:00+01:00', 1754.0), 'sh2_confirmado': '2020-06-29 05:00:00+01:00', 'sl2_confirmado': '2020-06-26 18:00:00+01:00'}",1785.7,1780.5,desarrollo
2020-07-27,descartada_hora,la vela de entrada empieza en/tras la hora límite,alcista,"{'sh1': ('2020-07-24 14:00:00+01:00', 1904.6), 'sh2': ('2020-07-27 04:00:00+01:00', 1938.0), 'sl1': ('2020-07-24 11:00:00+01:00', 1885.3), 'sl2': ('2020-07-24 16:00:00+01:00', 1893.5), 'sh2_confirmado': '2020-07-27 07:00:00+01:00', 'sl2_confirmado': '2020-07-24 19:00:00+01:00'}",1932.8,1927.3,desarrollo
2020-07-31,invalida,rango incompleto (7/12 velas),,,,,desarrollo
2020-08-04,descartada_hora,la vela de entrada empieza en/tras la hora límite,alcista,"{'sh1': ('2020-08-03 23:00:00+01:00', 1994.1), 'sh2': ('2020-08-04 02:00:00+01:00', 1995.0), 'sl1': ('2020-08-03 23:00:00+01:00', 1988.2), 'sl2': ('2020-08-04 02:00:00+01:00', 1988.3), 'sh2_confirmado': '2020-08-04 05:00:00+01:00', 'sl2_confirmado': '2020-08-04 05:00:00+01:00'}",1996.9,1990.1,desarrollo
2020-08-18,descartada_hora,la vela de entrada empieza en/tras la hora límite,alcista,"{'sh1': ('2020-08-17 21:00:00+01:00', 1994.6), 'sh2': ('2020-08-18 03:00:00+01:00', 2005.6), 'sl1': ('2020-08-17 20:00:00+01:00', 1988.7), 'sl2': ('2020-08-18 01:00:00+01:00', 1989.4), 'sh2_confirmado': '2020-08-18 06:00:00+01:00', 'sl2_confirmado': '2020-08-18 04:00:00+01:00'}",2017.6,2005.2,desarrollo
2020-08-31,invalida,festivo XLON (sin sesión regular),,,,,desarrollo
2020-09-03,descartada_hora,la vela de entrada empieza en/tras la hora límite,alcista,"{'sh1': ('2020-09-02 20:00:00+01:00', 1951.8), 'sh2': ('2020-09-03 03:00:00+01:00', 1956.6), 'sl1': ('2020-09-02 17:00:00+01:00', 1938.9), 'sl2': ('2020-09-02 23:00:00+01:00', 1946.0), 'sh2_confirmado': '2020-09-03 06:00:00+01:00', 'sl2_confirmado': '2020-09-03 02:00:00+01:00'}",1944.5,1932.7,desarrollo
2020-10-01,descartada_hora,la vela de entrada empieza en/tras la hora límite,alcista,"{'sh1': ('2020-09-30 13:00:00+01:00', 1906.6), 'sh2': ('2020-09-30 16:00:00+01:00', 1908.2), 'sl1': ('2020-09-30 21:00:00+01:00', 1889.4), 'sl2': ('2020-10-01 01:00:00+01:00', 1890.0), 'sh2_confirmado': '2020-09-30 19:00:00+01:00', 'sl2_confirmado': '2020-10-01 04:00:00+01:00'}",1905.6,1900.0,desarrollo
2020-10-19,descartada_hora,la vela de entrada empieza en/tras la hora límite,bajista,"{'sh1': ('2020-10-16 18:00:00+01:00', 1908.0), 'sh2': ('2020-10-19 02:00:00+01:00', 1906.7), 'sl1': ('2020-10-16 21:00:00+01:00', 1901.5), 'sl2': ('2020-10-19 02:00:00+01:00', 1900.2), 'sh2_confirmado': '2020-10-19 05:00:00+01:00', 'sl2_confirmado': '2020-10-19 05:00:00+01:00'}",1915.9,1912.0,desarrollo
2020-10-27,descartada_hora,la vela de entrada empieza en/tras la hora límite,alcista,"{'sh1': ('2020-10-26 14:00:00+00:00', 1911.1), 'sh2': ('2020-10-27 02:00:00+00:00', 1913.0), 'sl1': ('2020-10-26 05:00:00+00:00', 1895.5), 'sl2': ('2020-10-26 15:00:00+00:00', 1900.7), 'sh2_confirmado': '2020-10-27 05:00:00+00:00', 'sl2_confirmado': '2020-10-26 18:00:00+00:00'}",1906.5,1901.3,desarrollo
2020-11-12,descartada_hora,la vela de entrada empieza en/tras la hora límite,alcista,"{'sh1': ('2020-11-11 23:00:00+00:00', 1869.9), 'sh2': ('2020-11-12 05:00:00+00:00', 1870.6), 'sl1': ('2020-11-11 14:00:00+00:00', 1853.9), 'sl2': ('2020-11-12 00:00:00+00:00', 1860.7), 'sh2_confirmado': '2020-11-12 08:00:00+00:00', 'sl2_confirmado': '2020-11-12 03:00:00+00:00'}",1867.9,1860.9,desarrollo
2020-11-17,descartada_hora,la vela de entrada empieza en/tras la hora límite,alcista,"{'sh1': ('2020-11-17 00:00:00+00:00', 1890.7), 'sh2': ('2020-11-17 03:00:00+00:00', 1890.9), 'sl1': ('2020-11-16 11:00:00+00:00', 1861.5), 'sl2': ('2020-11-16 20:00:00+00:00', 1883.8), 'sh2_confirmado': '2020-11-17 06:00:00+00:00', 'sl2_confirmado': '2020-11-17 00:00:00+00:00'}",1890.3,1882.2,desarrollo
2020-12-07,descartada_hora,la vela de entrada empieza en/tras la hora límite,alcista,"{'sh1': ('2020-12-04 10:00:00+00:00', 1848.2), 'sh2': ('2020-12-04 14:00:00+00:00', 1852.7), 'sl1': ('2020-12-04 15:00:00+00:00', 1832.0), 'sl2': ('2020-12-06 23:00:00+00:00', 1836.3), 'sh2_confirmado': '2020-12-04 17:00:00+00:00', 'sl2_confirmado': '2020-12-07 02:00:00+00:00'}",1842.6,1824.8,desarrollo
2020-12-08,descartada_hora,la vela de entrada empieza en/tras la hora límite,alcista,"{'sh1': ('2020-12-07 21:00:00+00:00', 1869.4), 'sh2': ('2020-12-08 04:00:00+00:00', 1876.0), 'sl1': ('2020-12-07 20:00:00+00:00', 1862.1), 'sl2': ('2020-12-08 01:00:00+00:00', 1864.8), 'sh2_confirmado': '2020-12-08 07:00:00+00:00', 'sl2_confirmado': '2020-12-08 04:00:00+00:00'}",1871.3,1865.2,desarrollo
2020-12-28,invalida,festivo XLON (sin sesión regular),,,,,desarrollo
2021-01-13,descartada_hora,la vela de entrada empieza en/tras la hora límite,alcista,"{'sh1': ('2021-01-12 19:00:00+00:00', 1857.7), 'sh2': ('2021-01-13 01:00:00+00:00', 1863.0), 'sl1': ('2021-01-12 14:00:00+00:00', 1835.8), 'sl2': ('2021-01-12 17:00:00+00:00', 1837.1), 'sh2_confirmado': '2021-01-13 04:00:00+00:00', 'sl2_confirmado': '2021-01-12 20:00:00+00:00'}",1858.0,1854.1,desarrollo
2021-01-29,invalida,rango incompleto (5/12 velas),,,,,desarrollo
2021-02-17,descartada_hora,la vela de entrada empieza en/tras la hora límite,bajista,"{'sh1': ('2021-02-16 15:00:00+00:00', 1814.2), 'sh2': ('2021-02-17 03:00:00+00:00', 1794.2), 'sl1': ('2021-02-16 14:00:00+00:00', 1788.1), 'sl2': ('2021-02-17 00:00:00+00:00', 1785.1), 'sh2_confirmado': '2021-02-17 06:00:00+00:00', 'sl2_confirmado': '2021-02-17 03:00:00+00:00'}",1789.9,1781.8,desarrollo
2021-04-05,invalida,festivo XLON (sin sesión regular),,,,,desarrollo
2021-05-03,invalida,festivo XLON (sin sesión regular),,,,,desarrollo
2021-05-11,descartada_hora,la vela de entrada empieza en/tras la hora límite,bajista,"{'sh1': ('2021-05-10 21:00:00+01:00', 1839.3), 'sh2': ('2021-05-11 02:00:00+01:00', 1839.0), 'sl1': ('2021-05-10 19:00:00+01:00', 1834.3), 'sl2': ('2021-05-11 02:00:00+01:00', 1832.0), 'sh2_confirmado': '2021-05-11 05:00:00+01:00', 'sl2_confirmado': '2021-05-11 05:00:00+01:00'}",1836.3,1833.2,desarrollo
2021-05-18,descartada_hora,la vela de entrada empieza en/tras la hora límite,alcista,"{'sh1': ('2021-05-17 19:00:00+01:00', 1869.3), 'sh2': ('2021-05-18 02:00:00+01:00', 1874.3), 'sl1': ('2021-05-17 14:00:00+01:00', 1844.0), 'sl2': ('2021-05-18 05:00:00+01:00', 1867.0), 'sh2_confirmado': '2021-05-18 05:00:00+01:00', 'sl2_confirmado': '2021-05-18 08:00:00+01:00'}",1871.3,1869.1,desarrollo
2021-05-26,descartada_hora,la vela de entrada empieza en/tras la hora límite,alcista,"{'sh1': ('2021-05-25 21:00:00+01:00', 1901.2), 'sh2': ('2021-05-26 04:00:00+01:00', 1908.4), 'sl1': ('2021-05-25 14:00:00+01:00', 1879.8), 'sl2': ('2021-05-26 01:00:00+01:00', 1897.6), 'sh2_confirmado': '2021-05-26 07:00:00+01:00', 'sl2_confirmado': '2021-05-26 04:00:00+01:00'}",1911.0,1905.1,desarrollo
2021-05-31,invalida,festivo XLON (sin sesión regular),,,,,desarrollo
2021-06-09,descartada_hora,la vela de entrada empieza en/tras la hora límite,alcista,"{'sh1': ('2021-06-08 19:00:00+01:00', 1896.6), 'sh2': ('2021-06-09 04:00:00+01:00', 1898.8), 'sl1': ('2021-06-08 23:00:00+01:00', 1893.7), 'sl2': ('2021-06-09 03:00:00+01:00', 1893.8), 'sh2_confirmado': '2021-06-09 07:00:00+01:00', 'sl2_confirmado': '2021-06-09 06:00:00+01:00'}",1894.9,1891.8,desarrollo
2021-06-28,descartada_hora,la vela de entrada empieza en/tras la hora límite,bajista,"{'sh1': ('2021-06-25 13:00:00+01:00', 1791.0), 'sh2': ('2021-06-27 23:00:00+01:00', 1782.9), 'sl1': ('2021-06-25 17:00:00+01:00', 1776.3), 'sl2': ('2021-06-28 02:00:00+01:00', 1770.4), 'sh2_confirmado': '2021-06-28 02:00:00+01:00', 'sl2_confirmado': '2021-06-28 05:00:00+01:00'}",1784.8,1781.6,desarrollo
2021-07-06,descartada_hora,la vela de entrada empieza en/tras la hora límite,alcista,"{'sh1': ('2021-07-05 14:00:00+01:00', 1793.6), 'sh2': ('2021-07-06 03:00:00+01:00', 1801.4), 'sl1': ('2021-07-05 12:00:00+01:00', 1789.4), 'sl2': ('2021-07-05 16:00:00+01:00', 1790.0), 'sh2_confirmado': '2021-07-06 06:00:00+01:00', 'sl2_confirmado': '2021-07-06 00:00:00+01:00'}",1809.6,1805.0,desarrollo
2021-07-13,descartada_hora,la vela de entrada empieza en/tras la hora límite,alcista,"{'sh1': ('2021-07-12 20:00:00+01:00', 1808.2), 'sh2': ('2021-07-13 03:00:00+01:00', 1813.8), 'sl1': ('2021-07-12 15:00:00+01:00', 1791.0), 'sl2': ('2021-07-12 21:00:00+01:00', 1805.6), 'sh2_confirmado': '2021-07-13 06:00:00+01:00', 'sl2_confirmado': '2021-07-13 01:00:00+01:00'}",1812.7,1810.1,desarrollo
2021-07-19,descartada_hora,la vela de entrada empieza en/tras la hora límite,bajista,"{'sh1': ('2021-07-19 01:00:00+01:00', 1818.0), 'sh2': ('2021-07-19 05:00:00+01:00', 1815.9), 'sl1': ('2021-07-16 16:00:00+01:00', 1810.1), 'sl2': ('2021-07-16 20:00:00+01:00', 1809.5), 'sh2_confirmado': '2021-07-19 08:00:00+01:00', 'sl2_confirmado': '2021-07-19 00:00:00+01:00'}",1807.7,1802.7,desarrollo
2021-07-30,invalida,rango incompleto (4/12 velas),,,,,desarrollo
2021-08-16,descartada_hora,la vela de entrada empieza en/tras la hora límite,alcista,"{'sh1': ('2021-08-13 21:00:00+01:00', 1781.9), 'sh2': ('2021-08-16 02:00:00+01:00', 1784.4), 'sl1': ('2021-08-13 02:00:00+01:00', 1753.0), 'sl2': ('2021-08-13 13:00:00+01:00', 1758.2), 'sh2_confirmado': '2021-08-16 05:00:00+01:00', 'sl2_confirmado': '2021-08-13 16:00:00+01:00'}",1779.3,1774.6,desarrollo
2021-08-30,invalida,festivo XLON (sin sesión regular),,,,,desarrollo
2021-09-09,descartada_hora,la vela de entrada empieza en/tras la hora límite,bajista,"{'sh1': ('2021-09-09 00:00:00+01:00', 1792.6), 'sh2': ('2021-09-09 04:00:00+01:00', 1792.3), 'sl1': ('2021-09-08 20:00:00+01:00', 1790.3), 'sl2': ('2021-09-09 02:00:00+01:00', 1788.8), 'sh2_confirmado': '2021-09-09 07:00:00+01:00', 'sl2_confirmado': '2021-09-09 05:00:00+01:00'}",1794.4,1789.4,desarrollo
2021-09-24,descartada_hora,la vela de entrada empieza en/tras la hora límite,bajista,"{'sh1': ('2021-09-23 11:00:00+01:00', 1777.1), 'sh2': ('2021-09-23 18:00:00+01:00', 1753.4), 'sl1': ('2021-09-23 16:00:00+01:00', 1745.7), 'sl2': ('2021-09-23 21:00:00+01:00', 1737.5), 'sh2_confirmado': '2021-09-23 21:00:00+01:00', 'sl2_confirmado': '2021-09-24 01:00:00+01:00'}",1755.2,1752.5,desarrollo
2021-09-28,descartada_hora,la vela de entrada empieza en/tras la hora límite,bajista,"{'sh1': ('2021-09-27 14:00:00+01:00', 1758.3), 'sh2': ('2021-09-28 03:00:00+01:00', 1754.3), 'sl1': ('2021-09-27 21:00:00+01:00', 1749.7), 'sl2': ('2021-09-28 02:00:00+01:00', 1746.3), 'sh2_confirmado': '2021-09-28 06:00:00+01:00', 'sl2_confirmado': '2021-09-28 05:00:00+01:00'}",1744.4,1735.3,desarrollo
2021-10-11,descartada_hora,la vela de entrada empieza en/tras la hora límite,alcista,"{'sh1': ('2021-10-08 19:00:00+01:00', 1760.8), 'sh2': ('2021-10-11 02:00:00+01:00', 1761.1), 'sl1': ('2021-10-10 23:00:00+01:00', 1751.0), 'sl2': ('2021-10-11 04:00:00+01:00', 1754.6), 'sh2_confirmado': '2021-10-11 05:00:00+01:00', 'sl2_confirmado': '2021-10-11 07:00:00+01:00'}",1757.3,1753.4,desarrollo
2021-10-26,descartada_hora,la vela de entrada empieza en/tras la hora límite,bajista,"{'sh1': ('2021-10-25 20:00:00+01:00', 1810.0), 'sh2': ('2021-10-26 00:00:00+01:00', 1809.8), 'sl1': ('2021-10-26 02:00:00+01:00', 1804.2), 'sl2': ('2021-10-26 05:00:00+01:00', 1803.1), 'sh2_confirmado': '2021-10-26 03:00:00+01:00', 'sl2_confirmado': '2021-10-26 08:00:00+01:00'}",1806.0,1801.3,desarrollo
2021-11-02,descartada_hora,la vela de entrada empieza en/tras la hora límite,bajista,"{'sh1': ('2021-11-01 14:00:00+00:00', 1797.5), 'sh2': ('2021-11-01 17:00:00+00:00', 1796.5), 'sl1': ('2021-11-01 19:00:00+00:00', 1792.3), 'sl2': ('2021-11-02 01:00:00+00:00', 1790.4), 'sh2_confirmado': '2021-11-01 20:00:00+00:00', 'sl2_confirmado': '2021-11-02 04:00:00+00:00'}",1796.0,1791.9,desarrollo
2021-11-16,descartada_hora,la vela de entrada empieza en/tras la hora límite,alcista,"{'sh1': ('2021-11-15 19:00:00+00:00', 1870.2), 'sh2': ('2021-11-16 02:00:00+00:00', 1871.1), 'sl1': ('2021-11-15 23:00:00+00:00', 1863.9), 'sl2': ('2021-11-16 04:00:00+00:00', 1866.1), 'sh2_confirmado': '2021-11-16 05:00:00+00:00', 'sl2_confirmado': '2021-11-16 07:00:00+00:00'}",1876.5,1865.9,desarrollo
2021-11-30,invalida,rango incompleto (5/12 velas),,,,,desarrollo
2021-12-23,descartada_hora,la vela de entrada empieza en/tras la hora límite,alcista,"{'sh1': ('2021-12-23 02:00:00+00:00', 1809.1), 'sh2': ('2021-12-23 05:00:00+00:00', 1809.3), 'sl1': ('2021-12-22 14:00:00+00:00', 1789.1), 'sl2': ('2021-12-23 01:00:00+00:00', 1803.7), 'sh2_confirmado': '2021-12-23 08:00:00+00:00', 'sl2_confirmado': '2021-12-23 04:00:00+00:00'}",1808.7,1806.6,desarrollo
2021-12-27,invalida,festivo XLON (sin sesión regular),,,,,desarrollo
2021-12-28,invalida,festivo XLON (sin sesión regular),,,,,desarrollo
2022-01-03,invalida,festivo XLON (sin sesión regular),,,,,desarrollo
2022-01-11,descartada_hora,la vela de entrada empieza en/tras la hora límite,bajista,"{'sh1': ('2022-01-10 11:00:00+00:00', 1802.0), 'sh2': ('2022-01-10 18:00:00+00:00', 1801.4), 'sl1': ('2022-01-10 07:00:00+00:00', 1790.3), 'sl2': ('2022-01-10 14:00:00+00:00', 1789.3), 'sh2_confirmado': '2022-01-10 21:00:00+00:00', 'sl2_confirmado': '2022-01-10 17:00:00+00:00'}",1809.9,1808.0,desarrollo
2022-02-09,descartada_hora,la vela de entrada empieza en/tras la hora límite,alcista,"{'sh1': ('2022-02-08 19:00:00+00:00', 1829.9), 'sh2': ('2022-02-09 05:00:00+00:00', 1830.3), 'sl1': ('2022-02-08 07:00:00+00:00', 1816.0), 'sl2': ('2022-02-09 00:00:00+00:00', 1826.1), 'sh2_confirmado': '2022-02-09 08:00:00+00:00', 'sl2_confirmado': '2022-02-09 03:00:00+00:00'}",1829.2,1827.2,desarrollo
2022-02-17,descartada_hora,la vela de entrada empieza en/tras la hora límite,alcista,"{'sh1': ('2022-02-16 10:00:00+00:00', 1861.5), 'sh2': ('2022-02-16 20:00:00+00:00', 1874.6), 'sl1': ('2022-02-16 01:00:00+00:00', 1851.8), 'sl2': ('2022-02-16 12:00:00+00:00', 1852.3), 'sh2_confirmado': '2022-02-17 00:00:00+00:00', 'sl2_confirmado': '2022-02-16 15:00:00+00:00'}",1893.6,1877.4,desarrollo
2022-03-03,descartada_hora,la vela de entrada empieza en/tras la hora límite,bajista,"{'sh1': ('2022-03-02 20:00:00+00:00', 1935.4), 'sh2': ('2022-03-03 02:00:00+00:00', 1933.1), 'sl1': ('2022-03-03 01:00:00+00:00', 1928.2), 'sl2': ('2022-03-03 05:00:00+00:00', 1923.1), 'sh2_confirmado': '2022-03-03 05:00:00+00:00', 'sl2_confirmado': '2022-03-03 08:00:00+00:00'}",1937.7,1930.9,desarrollo
2022-03-18,descartada_hora,la vela de entrada empieza en/tras la hora límite,bajista,"{'sh1': ('2022-03-17 15:00:00+00:00', 1951.0), 'sh2': ('2022-03-18 00:00:00+00:00', 1946.2), 'sl1': ('2022-03-17 19:00:00+00:00', 1935.6), 'sl2': ('2022-03-18 03:00:00+00:00', 1927.2), 'sh2_confirmado': '2022-03-18 03:00:00+00:00', 'sl2_confirmado': '2022-03-18 06:00:00+00:00'}",1938.5,1932.8,desarrollo
2022-03-31,descartada_hora,la vela de entrada empieza en/tras la hora límite,alcista,"{'sh1': ('2022-03-30 16:00:00+01:00', 1937.0), 'sh2': ('2022-03-31 01:00:00+01:00', 1938.7), 'sl1': ('2022-03-30 10:00:00+01:00', 1916.3), 'sl2': ('2022-03-30 18:00:00+01:00', 1929.7), 'sh2_confirmado': '2022-03-31 04:00:00+01:00', 'sl2_confirmado': '2022-03-30 21:00:00+01:00'}",1938.1,1929.6,desarrollo
2022-04-05,descartada_hora,la vela de entrada empieza en/tras la hora límite,bajista,"{'sh1': ('2022-04-04 14:00:00+01:00', 1941.6), 'sh2': ('2022-04-04 23:00:00+01:00', 1938.1), 'sl1': ('2022-04-04 18:00:00+01:00', 1932.5), 'sl2': ('2022-04-05 05:00:00+01:00', 1930.0), 'sh2_confirmado': '2022-04-05 02:00:00+01:00', 'sl2_confirmado': '2022-04-05 08:00:00+01:00'}",1937.1,1930.1,desarrollo
2022-04-14,descartada_hora,la vela de entrada empieza en/tras la hora límite,bajista,"{'sh1': ('2022-04-13 16:00:00+01:00', 1985.8), 'sh2': ('2022-04-14 03:00:00+01:00', 1984.0), 'sl1': ('2022-04-13 20:00:00+01:00', 1978.7), 'sl2': ('2022-04-14 01:00:00+01:00', 1977.1), 'sh2_confirmado': '2022-04-14 06:00:00+01:00', 'sl2_confirmado': '2022-04-14 04:00:00+01:00'}",1982.2,1974.9,desarrollo
2022-04-18,invalida,festivo XLON (sin sesión regular),,,,,desarrollo
2022-04-27,descartada_hora,la vela de entrada empieza en/tras la hora límite,bajista,"{'sh1': ('2022-04-26 14:00:00+01:00', 1912.2), 'sh2': ('2022-04-26 23:00:00+01:00', 1908.1), 'sl1': ('2022-04-26 19:00:00+01:00', 1897.2), 'sl2': ('2022-04-27 05:00:00+01:00', 1895.0), 'sh2_confirmado': '2022-04-27 02:00:00+01:00', 'sl2_confirmado': '2022-04-27 08:00:00+01:00'}",1904.1,1897.3,desarrollo
2022-04-29,descartada_hora,la vela de entrada empieza en/tras la hora límite,alcista,"{'sh1': ('2022-04-28 20:00:00+01:00', 1897.8), 'sh2': ('2022-04-29 02:00:00+01:00', 1907.0), 'sl1': ('2022-04-28 13:00:00+01:00', 1882.5), 'sl2': ('2022-04-29 00:00:00+01:00', 1893.5), 'sh2_confirmado': '2022-04-29 05:00:00+01:00', 'sl2_confirmado': '2022-04-29 03:00:00+01:00'}",1919.2,1911.2,desarrollo
2022-05-02,invalida,festivo XLON (sin sesión regular),,,,,desarrollo
2022-05-20,descartada_hora,la vela de entrada empieza en/tras la hora límite,bajista,"{'sh1': ('2022-05-19 16:00:00+01:00', 1848.2), 'sh2': ('2022-05-20 00:00:00+01:00', 1843.1), 'sl1': ('2022-05-19 20:00:00+01:00', 1838.1), 'sl2': ('2022-05-20 03:00:00+01:00', 1834.8), 'sh2_confirmado': '2022-05-20 03:00:00+01:00', 'sl2_confirmado': '2022-05-20 06:00:00+01:00'}",1847.8,1839.9,desarrollo
2022-05-24,descartada_hora,la vela de entrada empieza en/tras la hora límite,alcista,"{'sh1': ('2022-05-24 00:00:00+01:00', 1853.5), 'sh2': ('2022-05-24 05:00:00+01:00', 1855.4), 'sl1': ('2022-05-23 18:00:00+01:00', 1845.4), 'sl2': ('2022-05-24 03:00:00+01:00', 1847.6), 'sh2_confirmado': '2022-05-24 08:00:00+01:00', 'sl2_confirmado': '2022-05-24 06:00:00+01:00'}",1858.9,1849.8,desarrollo
2022-06-02,invalida,festivo XLON (sin sesión regular),,,,,desarrollo
2022-06-03,invalida,festivo XLON (sin sesión regular),,,,,desarrollo
2022-07-27,descartada_hora,la vela de entrada empieza en/tras la hora límite,bajista,"{'sh1': ('2022-07-26 08:00:00+01:00', 1725.8), 'sh2': ('2022-07-27 01:00:00+01:00', 1718.1), 'sl1': ('2022-07-26 19:00:00+01:00', 1714.6), 'sl2': ('2022-07-27 05:00:00+01:00', 1711.1), 'sh2_confirmado': '2022-07-27 04:00:00+01:00', 'sl2_confirmado': '2022-07-27 08:00:00+01:00'}",1720.0,1715.8,desarrollo
2022-07-29,invalida,rango incompleto (11/12 velas),,,,,desarrollo
2022-08-29,invalida,festivo XLON (sin sesión regular),,,,,desarrollo
2022-08-30,descartada_hora,la vela de entrada empieza en/tras la hora límite,bajista,"{'sh1': ('2022-08-29 15:00:00+01:00', 1757.9), 'sh2': ('2022-08-30 01:00:00+01:00', 1752.8), 'sl1': ('2022-08-29 20:00:00+01:00', 1748.4), 'sl2': ('2022-08-30 03:00:00+01:00', 1746.1), 'sh2_confirmado': '2022-08-30 04:00:00+01:00', 'sl2_confirmado': '2022-08-30 06:00:00+01:00'}",1745.5,1740.8,desarrollo
2022-09-09,descartada_hora,la vela de entrada empieza en/tras la hora límite,bajista,"{'sh1': ('2022-09-08 12:00:00+01:00', 1739.4), 'sh2': ('2022-09-08 18:00:00+01:00', 1722.6), 'sl1': ('2022-09-08 03:00:00+01:00', 1724.9), 'sl2': ('2022-09-08 15:00:00+01:00', 1713.7), 'sh2_confirmado': '2022-09-08 21:00:00+01:00', 'sl2_confirmado': '2022-09-08 18:00:00+01:00'}",1740.5,1732.7,desarrollo
2022-09-19,invalida,festivo XLON (sin sesión regular),,,,,desarrollo
2022-10-04,descartada_hora,la vela de entrada empieza en/tras la hora límite,alcista,"{'sh1': ('2022-10-03 07:00:00+01:00', 1676.8), 'sh2': ('2022-10-04 00:00:00+01:00', 1711.6), 'sl1': ('2022-10-03 10:00:00+01:00', 1666.5), 'sl2': ('2022-10-04 03:00:00+01:00', 1704.0), 'sh2_confirmado': '2022-10-04 03:00:00+01:00', 'sl2_confirmado': '2022-10-04 06:00:00+01:00'}",1719.5,1713.6,desarrollo
2022-10-26,descartada_hora,la vela de entrada empieza en/tras la hora límite,bajista,"{'sh1': ('2022-10-25 15:00:00+01:00', 1666.8), 'sh2': ('2022-10-25 19:00:00+01:00', 1661.5), 'sl1': ('2022-10-25 17:00:00+01:00', 1656.2), 'sl2': ('2022-10-26 01:00:00+01:00', 1653.8), 'sh2_confirmado': '2022-10-25 22:00:00+01:00', 'sl2_confirmado': '2022-10-26 04:00:00+01:00'}",1676.2,1669.0,desarrollo
2022-10-27,descartada_hora,la vela de entrada empieza en/tras la hora límite,bajista,"{'sh1': ('2022-10-26 16:00:00+01:00', 1677.1), 'sh2': ('2022-10-27 02:00:00+01:00', 1674.8), 'sl1': ('2022-10-26 21:00:00+01:00', 1667.3), 'sl2': ('2022-10-27 03:00:00+01:00', 1666.2), 'sh2_confirmado': '2022-10-27 05:00:00+01:00', 'sl2_confirmado': '2022-10-27 06:00:00+01:00'}",1667.3,1662.6,desarrollo
2022-11-01,descartada_hora,la vela de entrada empieza en/tras la hora límite,bajista,"{'sh1': ('2022-10-31 14:00:00+00:00', 1645.3), 'sh2': ('2022-11-01 02:00:00+00:00', 1643.0), 'sl1': ('2022-10-31 19:00:00+00:00', 1634.5), 'sl2': ('2022-11-01 00:00:00+00:00', 1633.6), 'sh2_confirmado': '2022-11-01 05:00:00+00:00', 'sl2_confirmado': '2022-11-01 03:00:00+00:00'}",1651.7,1648.2,desarrollo
2022-11-10,descartada_hora,la vela de entrada empieza en/tras la hora límite,alcista,"{'sh1': ('2022-11-09 08:00:00+00:00', 1719.0), 'sh2': ('2022-11-09 15:00:00+00:00', 1725.8), 'sl1': ('2022-11-09 19:00:00+00:00', 1705.1), 'sl2': ('2022-11-09 23:00:00+00:00', 1705.5), 'sh2_confirmado': '2022-11-09 18:00:00+00:00', 'sl2_confirmado': '2022-11-10 02:00:00+00:00'}",1713.2,1708.6,desarrollo
2022-11-14,descartada_hora,la vela de entrada empieza en/tras la hora límite,bajista,"{'sh1': ('2022-11-11 21:00:00+00:00', 1775.6), 'sh2': ('2022-11-14 03:00:00+00:00', 1769.5), 'sl1': ('2022-11-13 23:00:00+00:00', 1763.8), 'sl2': ('2022-11-14 05:00:00+00:00', 1761.0), 'sh2_confirmado': '2022-11-14 06:00:00+00:00', 'sl2_confirmado': '2022-11-14 08:00:00+00:00'}",1769.2,1764.2,desarrollo
2022-11-24,descartada_hora,la vela de entrada empieza en/tras la hora límite,alcista,"{'sh1': ('2022-11-23 19:00:00+00:00', 1754.9), 'sh2': ('2022-11-24 04:00:00+00:00', 1757.0), 'sl1': ('2022-11-23 13:00:00+00:00', 1719.0), 'sl2': ('2022-11-23 23:00:00+00:00', 1750.0), 'sh2_confirmado': '2022-11-24 07:00:00+00:00', 'sl2_confirmado': '2022-11-24 02:00:00+00:00'}",1757.4,1752.7,desarrollo
2022-11-30,invalida,rango incompleto (6/12 velas),,,,,desarrollo
2022-12-12,descartada_hora,la vela de entrada empieza en/tras la hora límite,bajista,"{'sh1': ('2022-12-09 13:00:00+00:00', 1819.0), 'sh2': ('2022-12-09 16:00:00+00:00', 1818.3), 'sl1': ('2022-12-09 13:00:00+00:00', 1801.5), 'sl2': ('2022-12-12 05:00:00+00:00', 1796.4), 'sh2_confirmado': '2022-12-09 19:00:00+00:00', 'sl2_confirmado': '2022-12-12 08:00:00+00:00'}",1802.9,1800.2,desarrollo
2022-12-27,invalida,festivo XLON (sin sesión regular),,,,,desarrollo
2023-01-09,descartada_hora,la vela de entrada empieza en/tras la hora límite,alcista,"{'sh1': ('2023-01-06 07:00:00+00:00', 1845.3), 'sh2': ('2023-01-06 19:00:00+00:00', 1875.2), 'sl1': ('2023-01-06 13:00:00+00:00', 1839.4), 'sl2': ('2023-01-08 23:00:00+00:00', 1869.3), 'sh2_confirmado': '2023-01-06 22:00:00+00:00', 'sl2_confirmado': '2023-01-09 02:00:00+00:00'}",1881.9,1878.3,desarrollo
2023-01-13,descartada_hora,la vela de entrada empieza en/tras la hora límite,alcista,"{'sh1': ('2023-01-12 19:00:00+00:00', 1903.1), 'sh2': ('2023-01-13 00:00:00+00:00', 1904.2), 'sl1': ('2023-01-12 13:00:00+00:00', 1872.4), 'sl2': ('2023-01-13 05:00:00+00:00', 1895.1), 'sh2_confirmado': '2023-01-13 03:00:00+00:00', 'sl2_confirmado': '2023-01-13 08:00:00+00:00'}",1912.9,1900.9,desarrollo
2023-01-31,invalida,rango incompleto (10/12 velas),,,,,desarrollo
2023-02-10,descartada_hora,la vela de entrada empieza en/tras la hora límite,bajista,"{'sh1': ('2023-02-09 14:00:00+00:00', 1902.3), 'sh2': ('2023-02-10 01:00:00+00:00', 1876.5), 'sl1': ('2023-02-09 20:00:00+00:00', 1870.2), 'sl2': ('2023-02-10 05:00:00+00:00', 1863.5), 'sh2_confirmado': '2023-02-10 04:00:00+00:00', 'sl2_confirmado': '2023-02-10 08:00:00+00:00'}",1883.5,1876.8,desarrollo
2023-02-13,descartada_hora,la vela de entrada empieza en/tras la hora límite,bajista,"{'sh1': ('2023-02-10 08:00:00+00:00', 1883.5), 'sh2': ('2023-02-10 13:00:00+00:00', 1879.9), 'sl1': ('2023-02-13 01:00:00+00:00', 1868.9), 'sl2': ('2023-02-13 05:00:00+00:00', 1867.8), 'sh2_confirmado': '2023-02-10 16:00:00+00:00', 'sl2_confirmado': '2023-02-13 08:00:00+00:00'}",1875.1,1870.9,desarrollo
2023-03-30,invalida,rango incompleto (10/12 velas),,,,,desarrollo
2023-03-31,descartada_hora,la vela de entrada empieza en/tras la hora límite,alcista,"{'sh1': ('2023-03-30 17:00:00+01:00', 1984.4), 'sh2': ('2023-03-31 02:00:00+01:00', 2001.1), 'sl1': ('2023-03-30 02:00:00+01:00', 1954.9), 'sl2': ('2023-03-30 15:00:00+01:00', 1964.0), 'sh2_confirmado': '2023-03-31 05:00:00+01:00', 'sl2_confirmado': '2023-03-30 18:00:00+01:00'}",2002.0,1992.3,desarrollo
2023-04-10,invalida,festivo XLON (sin sesión regular),,,,,validacion
2023-05-01,invalida,festivo XLON (sin sesión regular),,,,,validacion
2023-05-03,descartada_hora,la vela de entrada empieza en/tras la hora límite,alcista,"{'sh1': ('2023-05-02 17:00:00+01:00', 2028.8), 'sh2': ('2023-05-03 05:00:00+01:00', 2028.9), 'sl1': ('2023-05-02 14:00:00+01:00', 1993.1), 'sl2': ('2023-05-03 01:00:00+01:00', 2023.3), 'sh2_confirmado': '2023-05-03 08:00:00+01:00', 'sl2_confirmado': '2023-05-03 04:00:00+01:00'}",2027.8,2021.5,validacion
2023-05-08,invalida,festivo XLON (sin sesión regular),,,,,validacion
2023-05-10,descartada_hora,la vela de entrada empieza en/tras la hora límite,alcista,"{'sh1': ('2023-05-09 18:00:00+01:00', 2045.1), 'sh2': ('2023-05-10 01:00:00+01:00', 2045.3), 'sl1': ('2023-05-09 08:00:00+01:00', 2028.0), 'sl2': ('2023-05-09 14:00:00+01:00', 2030.3), 'sh2_confirmado': '2023-05-10 04:00:00+01:00', 'sl2_confirmado': '2023-05-09 17:00:00+01:00'}",2039.1,2035.1,validacion
2023-05-26,descartada_hora,la vela de entrada empieza en/tras la hora límite,bajista,"{'sh1': ('2023-05-25 13:00:00+01:00', 1963.8), 'sh2': ('2023-05-25 23:00:00+01:00', 1943.4), 'sl1': ('2023-05-25 20:00:00+01:00', 1939.0), 'sl2': ('2023-05-26 01:00:00+01:00', 1936.0), 'sh2_confirmado': '2023-05-26 02:00:00+01:00', 'sl2_confirmado': '2023-05-26 04:00:00+01:00'}",1957.1,1950.2,validacion
2023-05-29,invalida,festivo XLON (sin sesión regular),,,,,validacion
2023-05-30,invalida,rango incompleto (11/12 velas),,,,,validacion
2023-05-31,invalida,rango incompleto (2/12 velas),,,,,validacion
2023-07-17,descartada_hora,la vela de entrada empieza en/tras la hora límite,bajista,"{'sh1': ('2023-07-14 19:00:00+01:00', 1965.5), 'sh2': ('2023-07-17 02:00:00+01:00', 1960.0), 'sl1': ('2023-07-17 00:00:00+01:00', 1955.6), 'sl2': ('2023-07-17 04:00:00+01:00', 1954.5), 'sh2_confirmado': '2023-07-17 05:00:00+01:00', 'sl2_confirmado': '2023-07-17 07:00:00+01:00'}",1959.0,1954.3,validacion
2023-08-28,invalida,festivo XLON (sin sesión regular),,,,,validacion
2023-09-06,descartada_hora,la vela de entrada empieza en/tras la hora límite,bajista,"{'sh1': ('2023-09-05 13:00:00+01:00', 1960.4), 'sh2': ('2023-09-06 00:00:00+01:00', 1952.1), 'sl1': ('2023-09-05 20:00:00+01:00', 1950.8), 'sl2': ('2023-09-06 02:00:00+01:00', 1949.4), 'sh2_confirmado': '2023-09-06 03:00:00+01:00', 'sl2_confirmado': '2023-09-06 05:00:00+01:00'}",1951.7,1947.5,validacion
2023-10-31,descartada_hora,la vela de entrada empieza en/tras la hora límite,bajista,"{'sh1': ('2023-10-30 13:00:00+00:00', 2012.4), 'sh2': ('2023-10-31 01:00:00+00:00', 2006.5), 'sl1': ('2023-10-30 17:00:00+00:00', 2004.3), 'sl2': ('2023-10-31 04:00:00+00:00', 1999.9), 'sh2_confirmado': '2023-10-31 04:00:00+00:00', 'sl2_confirmado': '2023-10-31 07:00:00+00:00'}",2008.6,2004.2,validacion
2023-11-02,descartada_hora,la vela de entrada empieza en/tras la hora límite,bajista,"{'sh1': ('2023-11-02 01:00:00+00:00', 1996.0), 'sh2': ('2023-11-02 05:00:00+00:00', 1994.4), 'sl1': ('2023-11-01 04:00:00+00:00', 1983.7), 'sl2': ('2023-11-01 18:00:00+00:00', 1978.2), 'sh2_confirmado': '2023-11-02 08:00:00+00:00', 'sl2_confirmado': '2023-11-01 21:00:00+00:00'}",1996.2,1992.2,validacion
2023-11-29,invalida,rango incompleto (11/12 velas),,,,,validacion
2023-12-07,descartada_hora,la vela de entrada empieza en/tras la hora límite,bajista,"{'sh1': ('2023-12-06 14:00:00+00:00', 2051.0), 'sh2': ('2023-12-07 02:00:00+00:00', 2047.1), 'sl1': ('2023-12-07 01:00:00+00:00', 2042.5), 'sl2': ('2023-12-07 05:00:00+00:00', 2042.1), 'sh2_confirmado': '2023-12-07 05:00:00+00:00', 'sl2_confirmado': '2023-12-07 08:00:00+00:00'}",2051.8,2045.3,validacion
2023-12-11,descartada_hora,la vela de entrada empieza en/tras la hora límite,bajista,"{'sh1': ('2023-12-08 13:00:00+00:00', 2048.0), 'sh2': ('2023-12-11 00:00:00+00:00', 2023.7), 'sl1': ('2023-12-08 17:00:00+00:00', 2010.6), 'sl2': ('2023-12-11 04:00:00+00:00', 2009.8), 'sh2_confirmado': '2023-12-11 03:00:00+00:00', 'sl2_confirmado': '2023-12-11 07:00:00+00:00'}",2013.5,2007.4,validacion
2023-12-26,invalida,festivo XLON (sin sesión regular),,,,,validacion
2024-01-30,invalida,rango incompleto (11/12 velas),,,,,validacion
2024-02-07,descartada_hora,la vela de entrada empieza en/tras la hora límite,alcista,"{'sh1': ('2024-02-06 05:00:00+00:00', 2045.7), 'sh2': ('2024-02-06 16:00:00+00:00', 2055.3), 'sl1': ('2024-02-05 23:00:00+00:00', 2039.9), 'sl2': ('2024-02-07 02:00:00+00:00', 2050.0), 'sh2_confirmado': '2024-02-06 19:00:00+00:00', 'sl2_confirmado': '2024-02-07 05:00:00+00:00'}",2051.4,2047.0,validacion
2024-02-27,descartada_hora,la vela de entrada empieza en/tras la hora límite,bajista,"{'sh1': ('2024-02-26 13:00:00+00:00', 2044.2), 'sh2': ('2024-02-26 20:00:00+00:00', 2043.5), 'sl1': ('2024-02-26 06:00:00+00:00', 2041.3), 'sl2': ('2024-02-26 15:00:00+00:00', 2034.1), 'sh2_confirmado': '2024-02-27 00:00:00+00:00', 'sl2_confirmado': '2024-02-26 18:00:00+00:00'}",2049.1,2044.2,validacion
2024-03-07,descartada_hora,la vela de entrada empieza en/tras la hora límite,alcista,"{'sh1': ('2024-03-06 23:00:00+00:00', 2158.9), 'sh2': ('2024-03-07 04:00:00+00:00', 2169.0), 'sl1': ('2024-03-06 19:00:00+00:00', 2147.8), 'sl2': ('2024-03-07 01:00:00+00:00', 2151.7), 'sh2_confirmado': '2024-03-07 07:00:00+00:00', 'sl2_confirmado': '2024-03-07 04:00:00+00:00'}",2167.1,2161.6,validacion
2024-04-01,invalida,festivo XLON (sin sesión regular),,,,,validacion
2024-04-25,descartada_hora,la vela de entrada empieza en/tras la hora límite,bajista,"{'sh1': ('2024-04-24 16:00:00+01:00', 2350.9), 'sh2': ('2024-04-25 03:00:00+01:00', 2333.9), 'sl1': ('2024-04-24 21:00:00+01:00', 2326.7), 'sl2': ('2024-04-25 04:00:00+01:00', 2316.4), 'sh2_confirmado': '2024-04-25 06:00:00+01:00', 'sl2_confirmado': '2024-04-25 07:00:00+01:00'}",2338.6,2332.5,validacion
2024-05-03,descartada_hora,la vela de entrada empieza en/tras la hora límite,bajista,"{'sh1': ('2024-05-02 19:00:00+01:00', 2318.7), 'sh2': ('2024-05-03 02:00:00+01:00', 2315.6), 'sl1': ('2024-05-02 21:00:00+01:00', 2310.1), 'sl2': ('2024-05-03 03:00:00+01:00', 2308.6), 'sh2_confirmado': '2024-05-03 05:00:00+01:00', 'sl2_confirmado': '2024-05-03 06:00:00+01:00'}",2310.2,2306.4,validacion
2024-05-06,invalida,festivo XLON (sin sesión regular),,,,,validacion
2024-05-13,descartada_hora,la vela de entrada empieza en/tras la hora límite,bajista,"{'sh1': ('2024-05-10 19:00:00+01:00', 2377.7), 'sh2': ('2024-05-13 01:00:00+01:00', 2370.8), 'sl1': ('2024-05-10 16:00:00+01:00', 2363.1), 'sl2': ('2024-05-13 02:00:00+01:00', 2361.1), 'sh2_confirmado': '2024-05-13 04:00:00+01:00', 'sl2_confirmado': '2024-05-13 05:00:00+01:00'}",2357.4,2352.4,validacion
2024-05-15,descartada_hora,la vela de entrada empieza en/tras la hora límite,alcista,"{'sh1': ('2024-05-14 19:00:00+01:00', 2365.2), 'sh2': ('2024-05-15 04:00:00+01:00', 2366.8), 'sl1': ('2024-05-14 17:00:00+01:00', 2351.6), 'sl2': ('2024-05-15 00:00:00+01:00', 2360.3), 'sh2_confirmado': '2024-05-15 07:00:00+01:00', 'sl2_confirmado': '2024-05-15 03:00:00+01:00'}",2371.8,2363.9,validacion
2024-05-27,invalida,festivo XLON (sin sesión regular),,,,,validacion
2024-05-30,descartada_hueco,la apertura de entrada ya está más allá del stop,bajista,"{'sh1': ('2024-05-29 14:00:00+01:00', 2347.7), 'sh2': ('2024-05-30 02:00:00+01:00', 2339.1), 'sl1': ('2024-05-29 21:00:00+01:00', 2335.1), 'sl2': ('2024-05-30 03:00:00+01:00', 2326.6), 'sh2_confirmado': '2024-05-30 05:00:00+01:00', 'sl2_confirmado': '2024-05-30 06:00:00+01:00'}",2336.5,2331.4,validacion
2024-07-09,descartada_hora,la vela de entrada empieza en/tras la hora límite,bajista,"{'sh1': ('2024-07-08 15:00:00+01:00', 2387.4), 'sh2': ('2024-07-09 05:00:00+01:00', 2375.5), 'sl1': ('2024-07-08 13:00:00+01:00', 2377.3), 'sl2': ('2024-07-09 03:00:00+01:00', 2367.4), 'sh2_confirmado': '2024-07-09 08:00:00+01:00', 'sl2_confirmado': '2024-07-09 06:00:00+01:00'}",2371.3,2365.1,validacion
2024-07-16,descartada_hora,la vela de entrada empieza en/tras la hora límite,alcista,"{'sh1': ('2024-07-15 06:00:00+01:00', 2418.7), 'sh2': ('2024-07-15 17:00:00+01:00', 2445.0), 'sl1': ('2024-07-16 01:00:00+01:00', 2424.5), 'sl2': ('2024-07-16 05:00:00+01:00', 2429.9), 'sh2_confirmado': '2024-07-15 20:00:00+01:00', 'sl2_confirmado': '2024-07-16 08:00:00+01:00'}",2443.9,2437.4,validacion
2024-07-24,descartada_hora,la vela de entrada empieza en/tras la hora límite,alcista,"{'sh1': ('2024-07-23 21:00:00+01:00', 2411.0), 'sh2': ('2024-07-24 04:00:00+01:00', 2419.6), 'sl1': ('2024-07-23 15:00:00+01:00', 2400.5), 'sl2': ('2024-07-24 02:00:00+01:00', 2405.7), 'sh2_confirmado': '2024-07-24 07:00:00+01:00', 'sl2_confirmado': '2024-07-24 05:00:00+01:00'}",2418.8,2412.6,validacion
2024-08-26,invalida,festivo XLON (sin sesión regular),,,,,validacion
2024-09-16,descartada_hora,la vela de entrada empieza en/tras la hora límite,alcista,"{'sh1': ('2024-09-13 14:00:00+01:00', 2611.7), 'sh2': ('2024-09-13 18:00:00+01:00', 2614.6), 'sl1': ('2024-09-13 12:00:00+01:00', 2591.4), 'sl2': ('2024-09-15 23:00:00+01:00', 2605.5), 'sh2_confirmado': '2024-09-13 21:00:00+01:00', 'sl2_confirmado': '2024-09-16 02:00:00+01:00'}",2613.2,2607.2,validacion
2024-09-25,descartada_hora,la vela de entrada empieza en/tras la hora límite,alcista,"{'sh1': ('2024-09-24 20:00:00+01:00', 2689.4), 'sh2': ('2024-09-25 03:00:00+01:00', 2694.9), 'sl1': ('2024-09-24 12:00:00+01:00', 2647.9), 'sl2': ('2024-09-25 02:00:00+01:00', 2679.8), 'sh2_confirmado': '2024-09-25 06:00:00+01:00', 'sl2_confirmado': '2024-09-25 05:00:00+01:00'}",2681.9,2674.2,validacion
2024-10-11,descartada_hora,la vela de entrada empieza en/tras la hora límite,alcista,"{'sh1': ('2024-10-10 04:00:00+01:00', 2633.8), 'sh2': ('2024-10-10 15:00:00+01:00', 2647.2), 'sl1': ('2024-10-10 13:00:00+01:00', 2618.8), 'sl2': ('2024-10-10 18:00:00+01:00', 2633.2), 'sh2_confirmado': '2024-10-10 18:00:00+01:00', 'sl2_confirmado': '2024-10-10 21:00:00+01:00'}",2662.7,2655.5,validacion
2024-10-28,descartada_hora,la vela de entrada empieza en/tras la hora límite,alcista,"{'sh1': ('2024-10-25 18:00:00+01:00', 2757.8), 'sh2': ('2024-10-25 21:00:00+01:00', 2760.9), 'sl1': ('2024-10-28 01:00:00+00:00', 2736.9), 'sl2': ('2024-10-28 04:00:00+00:00', 2741.3), 'sh2_confirmado': '2024-10-28 00:00:00+00:00', 'sl2_confirmado': '2024-10-28 07:00:00+00:00'}",2753.4,2743.8,validacion
2024-11-28,invalida,rango incompleto (10/12 velas),,,,,validacion
2024-12-26,invalida,festivo XLON (sin sesión regular),,,,,validacion
2025-01-15,descartada_hora,la vela de entrada empieza en/tras la hora límite,alcista,"{'sh1': ('2025-01-14 16:00:00+00:00', 2688.0), 'sh2': ('2025-01-14 23:00:00+00:00', 2695.2), 'sl1': ('2025-01-14 18:00:00+00:00', 2680.0), 'sl2': ('2025-01-15 02:00:00+00:00', 2685.4), 'sh2_confirmado': '2025-01-15 02:00:00+00:00', 'sl2_confirmado': '2025-01-15 05:00:00+00:00'}",2702.7,2697.7,test
2025-02-24,descartada_hora,la vela de entrada empieza en/tras la hora límite,alcista,"{'sh1': ('2025-02-23 23:00:00+00:00', 2955.4), 'sh2': ('2025-02-24 03:00:00+00:00', 2957.5), 'sl1': ('2025-02-21 15:00:00+00:00', 2935.1), 'sl2': ('2025-02-24 01:00:00+00:00', 2936.8), 'sh2_confirmado': '2025-02-24 06:00:00+00:00', 'sl2_confirmado': '2025-02-24 04:00:00+00:00'}",2963.7,2952.0,test
2025-02-25,descartada_hora,la vela de entrada empieza en/tras la hora límite,bajista,"{'sh1': ('2025-02-24 14:00:00+00:00', 2974.0), 'sh2': ('2025-02-24 23:00:00+00:00', 2970.4), 'sl1': ('2025-02-24 10:00:00+00:00', 2949.4), 'sl2': ('2025-02-24 15:00:00+00:00', 2945.5), 'sh2_confirmado': '2025-02-25 02:00:00+00:00', 'sl2_confirmado': '2025-02-24 18:00:00+00:00'}",2956.0,2943.4,test
2025-02-26,descartada_hora,la vela de entrada empieza en/tras la hora límite,bajista,"{'sh1': ('2025-02-25 14:00:00+00:00', 2959.7), 'sh2': ('2025-02-26 01:00:00+00:00', 2942.0), 'sl1': ('2025-02-25 12:00:00+00:00', 2936.2), 'sl2': ('2025-02-25 16:00:00+00:00', 2897.0), 'sh2_confirmado': '2025-02-26 04:00:00+00:00', 'sl2_confirmado': '2025-02-25 19:00:00+00:00'}",2932.1,2922.3,test
2025-03-06,descartada_hora,la vela de entrada empieza en/tras la hora límite,alcista,"{'sh1': ('2025-03-05 20:00:00+00:00', 2932.4), 'sh2': ('2025-03-06 02:00:00+00:00', 2935.9), 'sl1': ('2025-03-05 18:00:00+00:00', 2920.1), 'sl2': ('2025-03-06 01:00:00+00:00', 2924.0), 'sh2_confirmado': '2025-03-06 05:00:00+00:00', 'sl2_confirmado': '2025-03-06 04:00:00+00:00'}",2919.0,2908.2,test
2025-03-12,descartada_hora,la vela de entrada empieza en/tras la hora límite,bajista,"{'sh1': ('2025-03-11 19:00:00+00:00', 2927.8), 'sh2': ('2025-03-12 03:00:00+00:00', 2925.8), 'sl1': ('2025-03-11 17:00:00+00:00', 2919.9), 'sl2': ('2025-03-12 01:00:00+00:00', 2917.3), 'sh2_confirmado': '2025-03-12 06:00:00+00:00', 'sl2_confirmado': '2025-03-12 04:00:00+00:00'}",2927.7,2919.2,test
2025-03-17,descartada_hora,la vela de entrada empieza en/tras la hora límite,alcista,"{'sh1': ('2025-03-14 17:00:00+00:00', 3001.5), 'sh2': ('2025-03-16 23:00:00+00:00', 3002.2), 'sl1': ('2025-03-14 20:00:00+00:00', 2990.0), 'sl2': ('2025-03-17 05:00:00+00:00', 2991.4), 'sh2_confirmado': '2025-03-17 02:00:00+00:00', 'sl2_confirmado': '2025-03-17 08:00:00+00:00'}",2995.9,2991.5,test
2025-03-31,descartada_hora,la vela de entrada empieza en/tras la hora límite,alcista,"{'sh1': ('2025-03-28 14:00:00+00:00', 3093.1), 'sh2': ('2025-03-30 23:00:00+01:00', 3128.3), 'sl1': ('2025-03-28 18:00:00+00:00', 3078.2), 'sl2': ('2025-03-31 02:00:00+01:00', 3112.4), 'sh2_confirmado': '2025-03-31 02:00:00+01:00', 'sl2_confirmado': '2025-03-31 05:00:00+01:00'}",3156.9,3149.0,test
2025-04-21,invalida,festivo XLON (sin sesión regular),,,,,test
2025-05-05,invalida,festivo XLON (sin sesión regular),,,,,test
2025-05-26,invalida,festivo XLON (sin sesión regular),,,,,test
2025-06-24,descartada_hora,la vela de entrada empieza en/tras la hora límite,bajista,"{'sh1': ('2025-06-23 17:00:00+01:00', 3410.1), 'sh2': ('2025-06-24 04:00:00+01:00', 3372.9), 'sl1': ('2025-06-23 13:00:00+01:00', 3371.1), 'sl2': ('2025-06-24 01:00:00+01:00', 3347.0), 'sh2_confirmado': '2025-06-24 07:00:00+01:00', 'sl2_confirmado': '2025-06-24 04:00:00+01:00'}",3346.0,3331.0,test
2025-07-30,invalida,rango incompleto (10/12 velas),,,,,test
2025-08-06,descartada_hora,la vela de entrada empieza en/tras la hora límite,bajista,"{'sh1': ('2025-08-05 17:00:00+01:00', 3444.9), 'sh2': ('2025-08-06 01:00:00+01:00', 3440.5), 'sl1': ('2025-08-05 20:00:00+01:00', 3432.3), 'sl2': ('2025-08-06 02:00:00+01:00', 3428.4), 'sh2_confirmado': '2025-08-06 04:00:00+01:00', 'sl2_confirmado': '2025-08-06 05:00:00+01:00'}",3432.3,3423.1,test
2025-08-21,descartada_hora,la vela de entrada empieza en/tras la hora límite,alcista,"{'sh1': ('2025-08-20 15:00:00+01:00', 3394.3), 'sh2': ('2025-08-20 23:00:00+01:00', 3394.4), 'sl1': ('2025-08-20 02:00:00+01:00', 3353.4), 'sl2': ('2025-08-20 09:00:00+01:00', 3363.6), 'sh2_confirmado': '2025-08-21 02:00:00+01:00', 'sl2_confirmado': '2025-08-20 12:00:00+01:00'}",3383.7,3377.4,test
2025-08-25,invalida,festivo XLON (sin sesión regular),,,,,test
2025-08-29,descartada_hora,la vela de entrada empieza en/tras la hora límite,alcista,"{'sh1': ('2025-08-28 01:00:00+01:00', 3453.8), 'sh2': ('2025-08-29 01:00:00+01:00', 3479.6), 'sl1': ('2025-08-28 14:00:00+01:00', 3452.1), 'sl2': ('2025-08-29 02:00:00+01:00', 3469.9), 'sh2_confirmado': '2025-08-29 04:00:00+01:00', 'sl2_confirmado': '2025-08-29 05:00:00+01:00'}",3471.7,3466.1,test
2025-09-09,descartada_hora,la vela de entrada empieza en/tras la hora límite,bajista,"{'sh1': ('2025-09-08 16:00:00+01:00', 3685.7), 'sh2': ('2025-09-08 21:00:00+01:00', 3678.8), 'sl1': ('2025-09-08 19:00:00+01:00', 3673.2), 'sl2': ('2025-09-09 00:00:00+01:00', 3669.8), 'sh2_confirmado': '2025-09-09 01:00:00+01:00', 'sl2_confirmado': '2025-09-09 03:00:00+01:00'}",3690.8,3680.9,test
2025-10-08,descartada_hora,la vela de entrada empieza en/tras la hora límite,alcista,"{'sh1': ('2025-10-07 05:00:00+01:00', 3999.2), 'sh2': ('2025-10-07 16:00:00+01:00', 4014.6), 'sl1': ('2025-10-07 16:00:00+01:00', 3983.4), 'sl2': ('2025-10-08 02:00:00+01:00', 4006.7), 'sh2_confirmado': '2025-10-07 19:00:00+01:00', 'sl2_confirmado': '2025-10-08 05:00:00+01:00'}",4061.2,4052.3,test
2025-10-29,descartada_riesgo,1 contrato arriesga 119.24 > presupuesto 89.74,alcista,"{'sh1': ('2025-10-28 17:00:00+00:00', 3985.7), 'sh2': ('2025-10-29 00:00:00+00:00', 3995.7), 'sl1': ('2025-10-29 02:00:00+00:00', 3957.2), 'sl2': ('2025-10-29 05:00:00+00:00', 3963.9), 'sh2_confirmado': '2025-10-29 03:00:00+00:00', 'sl2_confirmado': '2025-10-29 08:00:00+00:00'}",4031.2,4013.4,test
2025-11-05,descartada_riesgo,1 contrato arriesga 109.24 > presupuesto 89.61,bajista,"{'sh1': ('2025-11-04 11:00:00+00:00', 4010.7), 'sh2': ('2025-11-05 05:00:00+00:00', 3987.2), 'sl1': ('2025-11-04 14:00:00+00:00', 3937.1), 'sl2': ('2025-11-05 00:00:00+00:00', 3935.7), 'sh2_confirmado': '2025-11-05 08:00:00+00:00', 'sl2_confirmado': '2025-11-05 03:00:00+00:00'}",3997.0,3982.0,test
2025-11-28,invalida,rango incompleto (0/12 velas),,,,,test
2025-12-17,descartada_hora,la vela de entrada empieza en/tras la hora límite,alcista,"{'sh1': ('2025-12-16 19:00:00+00:00', 4346.2), 'sh2': ('2025-12-17 05:00:00+00:00', 4373.6), 'sl1': ('2025-12-16 16:00:00+00:00', 4322.9), 'sl2': ('2025-12-16 19:00:00+00:00', 4326.3), 'sh2_confirmado': '2025-12-17 08:00:00+00:00', 'sl2_confirmado': '2025-12-16 22:00:00+00:00'}",4351.0,4337.9,test
2025-12-26,invalida,festivo XLON (sin sesión regular),,,,,test
2026-01-05,descartada_hora,la vela de entrada empieza en/tras la hora límite,alcista,"{'sh1': ('2026-01-02 13:00:00+00:00', 4414.8), 'sh2': ('2026-01-05 01:00:00+00:00', 4430.7), 'sl1': ('2025-12-31 20:00:00+00:00', 4316.8), 'sl2': ('2026-01-02 18:00:00+00:00', 4319.7), 'sh2_confirmado': '2026-01-05 04:00:00+00:00', 'sl2_confirmado': '2026-01-02 21:00:00+00:00'}",4444.0,4429.2,test
2026-01-20,descartada_hora,la vela de entrada empieza en/tras la hora límite,alcista,"{'sh1': ('2026-01-19 06:00:00+00:00', 4684.3), 'sh2': ('2026-01-19 18:00:00+00:00', 4686.2), 'sl1': ('2026-01-19 11:00:00+00:00', 4664.5), 'sl2': ('2026-01-20 00:00:00+00:00', 4665.4), 'sh2_confirmado': '2026-01-20 00:00:00+00:00', 'sl2_confirmado': '2026-01-20 03:00:00+00:00'}",4738.0,4720.4,test
2026-04-06,invalida,festivo XLON (sin sesión regular),,,,,test
2026-04-07,descartada_hora,la vela de entrada empieza en/tras la hora límite,bajista,"{'sh1': ('2026-04-07 02:00:00+01:00', 4692.0), 'sh2': ('2026-04-07 05:00:00+01:00', 4690.3), 'sl1': ('2026-04-06 18:00:00+01:00', 4671.4), 'sl2': ('2026-04-07 02:00:00+01:00', 4641.4), 'sh2_confirmado': '2026-04-07 08:00:00+01:00', 'sl2_confirmado': '2026-04-07 05:00:00+01:00'}",4682.3,4661.6,test
2026-04-27,descartada_hora,la vela de entrada empieza en/tras la hora límite,bajista,"{'sh1': ('2026-04-24 15:00:00+01:00', 4757.1), 'sh2': ('2026-04-27 05:00:00+01:00', 4745.8), 'sl1': ('2026-04-24 11:00:00+01:00', 4689.6), 'sl2': ('2026-04-27 01:00:00+01:00', 4686.6), 'sh2_confirmado': '2026-04-27 08:00:00+01:00', 'sl2_confirmado': '2026-04-27 04:00:00+01:00'}",4733.5,4725.0,test
2026-05-04,invalida,festivo XLON (sin sesión regular),,,,,test
2026-05-06,descartada_hora,la vela de entrada empieza en/tras la hora límite,alcista,"{'sh1': ('2026-05-05 03:00:00+01:00', 4556.4), 'sh2': ('2026-05-05 15:00:00+01:00', 4597.5), 'sl1': ('2026-05-05 11:00:00+01:00', 4550.0), 'sl2': ('2026-05-05 23:00:00+01:00', 4556.1), 'sh2_confirmado': '2026-05-05 18:00:00+01:00', 'sl2_confirmado': '2026-05-06 02:00:00+01:00'}",4693.2,4668.5,test
2026-05-07,descartada_hora,la vela de entrada empieza en/tras la hora límite,alcista,"{'sh1': ('2026-05-06 20:00:00+01:00', 4711.3), 'sh2': ('2026-05-07 02:00:00+01:00', 4730.5), 'sl1': ('2026-05-07 02:00:00+01:00', 4694.0), 'sl2': ('2026-05-07 05:00:00+01:00', 4700.4), 'sh2_confirmado': '2026-05-07 05:00:00+01:00', 'sl2_confirmado': '2026-05-07 08:00:00+01:00'}",4760.5,4741.0,test
2026-05-15,descartada_riesgo,1 contrato arriesga 93.24 > presupuesto 88.38,bajista,"{'sh1': ('2026-05-14 13:00:00+01:00', 4716.9), 'sh2': ('2026-05-15 00:00:00+01:00', 4670.1), 'sl1': ('2026-05-14 21:00:00+01:00', 4649.3), 'sl2': ('2026-05-15 02:00:00+01:00', 4611.0), 'sh2_confirmado': '2026-05-15 03:00:00+01:00', 'sl2_confirmado': '2026-05-15 05:00:00+01:00'}",4593.8,4569.8,test
2026-05-25,invalida,festivo XLON (sin sesión regular),,,,,test
2026-05-28,invalida,rango incompleto (11/12 velas),,,,,test
2026-06-03,descartada_hora,la vela de entrada empieza en/tras la hora límite,bajista,"{'sh1': ('2026-06-03 01:00:00+01:00', 4525.1), 'sh2': ('2026-06-03 05:00:00+01:00', 4516.1), 'sl1': ('2026-06-02 19:00:00+01:00', 4508.0), 'sl2': ('2026-06-03 00:00:00+01:00', 4490.5), 'sh2_confirmado': '2026-06-03 08:00:00+01:00', 'sl2_confirmado': '2026-06-03 03:00:00+01:00'}",4500.5,4481.1,test
2026-06-30,descartada_hora,la vela de entrada empieza en/tras la hora límite,bajista,"{'sh1': ('2026-06-29 18:00:00+01:00', 4046.7), 'sh2': ('2026-06-30 00:00:00+01:00', 4036.7), 'sl1': ('2026-06-29 20:00:00+01:00', 4019.2), 'sl2': ('2026-06-30 02:00:00+01:00', 3955.4), 'sh2_confirmado': '2026-06-30 03:00:00+01:00', 'sl2_confirmado': '2026-06-30 05:00:00+01:00'}",4048.7,4037.5,test
2026-07-10,descartada_hora,la vela de entrada empieza en/tras la hora límite,bajista,"{'sh1': ('2026-07-09 17:00:00+01:00', 4148.4), 'sh2': ('2026-07-10 04:00:00+01:00', 4144.6), 'sl1': ('2026-07-09 20:00:00+01:00', 4128.3), 'sl2': ('2026-07-10 02:00:00+01:00', 4118.3), 'sh2_confirmado': '2026-07-10 07:00:00+01:00', 'sl2_confirmado': '2026-07-10 05:00:00+01:00'}",4124.4,4113.0,test
2026-07-21,descartada_hora,la vela de entrada empieza en/tras la hora límite,bajista,"{'sh1': ('2026-07-20 16:00:00+01:00', 4023.9), 'sh2': ('2026-07-20 20:00:00+01:00', 4022.2), 'sl1': ('2026-07-20 08:00:00+01:00', 4006.5), 'sl2': ('2026-07-20 15:00:00+01:00', 4001.6), 'sh2_confirmado': '2026-07-21 00:00:00+01:00', 'sl2_confirmado': '2026-07-20 18:00:00+01:00'}",4084.8,4072.1,test
2026-07-30,invalida,rango incompleto (11/12 velas),,,,,test
2026-08-06,descartada_hora,la vela de entrada empieza en/tras la hora límite,alcista,"{'sh1': ('2026-08-05 19:00:00+01:00', 4328.2), 'sh2': ('2026-08-06 03:00:00+01:00', 4363.7), 'sl1': ('2026-08-05 11:00:00+01:00', 4209.1), 'sl2': ('2026-08-05 21:00:00+01:00', 4303.5), 'sh2_confirmado': '2026-08-06 06:00:00+01:00', 'sl2_confirmado': '2026-08-06 01:00:00+01:00'}",4324.0,4311.7,test
2026-08-31,invalida,festivo XLON (sin sesión regular),,,,,test
2026-09-28,descartada_hora,la vela de entrada empieza en/tras la hora límite,bajista,"{'sh1': ('2026-09-25 17:00:00+01:00', 4336.0), 'sh2': ('2026-09-25 20:00:00+01:00', 4332.4), 'sl1': ('2026-09-25 06:00:00+01:00', 4290.3), 'sl2': ('2026-09-25 15:00:00+01:00', 4289.2), 'sh2_confirmado': '2026-09-28 00:00:00+01:00', 'sl2_confirmado': '2026-09-25 18:00:00+01:00'}",4198.5,4182.7,test
