,operaciones,acierto_%,profit_factor,R_medio,t,neto_$,racha_perdedora,variante
2016,4.0,50.0,1.23,0.152,0.28,10.0,1.0,A_original_0930_1530
2017,2.0,50.0,4.4,0.395,0.63,17.0,1.0,A_original_0930_1530
2018,2.0,0.0,0.0,-1.053,-417.0,-100.0,2.0,A_original_0930_1530
2019,2.0,100.0,inf,1.598,9.58,102.0,0.0,A_original_0930_1530
2020,3.0,33.3,0.9,0.072,0.07,-19.0,1.0,A_original_0930_1530
2021,1.0,0.0,0.0,-1.025,,-104.0,1.0,A_original_0930_1530
2022,3.0,33.3,0.89,-0.076,-0.08,-25.0,2.0,A_original_0930_1530
2015,5.0,40.0,0.36,-0.437,-0.94,-30.0,3.0,B_london_kz_0200_0500
2016,1.0,0.0,0.0,-1.152,,-19.0,1.0,B_london_kz_0200_0500
2018,2.0,0.0,0.0,-1.265,-26.6,-24.0,2.0,B_london_kz_0200_0500
2019,1.0,0.0,0.0,-0.284,,-12.0,1.0,B_london_kz_0200_0500
2022,1.0,100.0,inf,0.895,,98.0,0.0,B_london_kz_0200_0500
2015,3.0,33.3,0.71,-0.182,-0.2,-16.0,2.0,C_ny_kz_0700_1000
2017,1.0,0.0,0.0,-1.857,,-6.0,1.0,C_ny_kz_0700_1000
2018,1.0,0.0,0.0,-1.056,,-48.0,1.0,C_ny_kz_0700_1000
2019,1.0,100.0,inf,1.765,,60.0,0.0,C_ny_kz_0700_1000
2021,1.0,0.0,0.0,-1.024,,-106.0,1.0,C_ny_kz_0700_1000
2022,1.0,0.0,0.0,-1.038,,-68.0,1.0,C_ny_kz_0700_1000
