escenario,periodo,sharpe,sortino,t_diario,rend_anual_%,dd_max_%,dd_max_usd,dd_dur_dias,en_mercado_%,largo_%,corto_%,neto_diario_usd
0,dev,0.15,0.14,0.49,2.35,-45.4,-87590.0,3731,100.0,100.0,0.0,20630.0
0,oos,0.79,0.78,1.77,14.97,-28.6,-158700.0,240,100.0,100.0,0.0,193280.0
0,total,0.38,0.37,1.5,6.32,-45.4,-158700.0,4613,100.0,100.0,0.0,213910.0
1,dev,0.14,0.14,0.48,2.26,-45.6,-88115.0,3731,100.0,100.0,0.0,19293.0
1,oos,0.78,0.78,1.76,14.92,-28.6,-158775.0,240,100.0,100.0,0.0,192655.0
1,total,0.37,0.36,1.48,6.24,-45.6,-158775.0,4616,100.0,100.0,0.0,211947.0
2,dev,0.13,0.13,0.44,2.1,-46.0,-89060.0,3731,100.0,100.0,0.0,16885.0
2,oos,0.78,0.77,1.75,14.83,-28.7,-158910.0,240,100.0,100.0,0.0,191530.0
2,total,0.36,0.35,1.45,6.11,-46.0,-158910.0,4655,100.0,100.0,0.0,208415.0
