direccion,lado,dia_senal,dia_entrada,dia_salida,entrada,salida,entrada_real,dias,dias_naturales,rolls,bruto_usd,costes_usd,neto_usd,atr_entrada,r,ret_pct,abierta_al_final,hipotesis
1,LONG,2012-02-27 00:00:00+00:00,2012-02-28 00:00:00+00:00,2012-04-12 00:00:00+00:00,2523.600000000001,2411.800000000001,1768.7,31,44,1,-11179.999999999973,50.0,-11229.999999999973,23.8,-4.718487394957972,-6.321026742805434,False,B
1,LONG,2012-09-20 00:00:00+00:00,2012-09-21 00:00:00+00:00,2013-02-20 00:00:00+00:00,2517.400000000001,2348.2000000000007,1771.6,108,152,2,-16920.00000000003,75.0,-16995.00000000003,21.565000000000122,-7.880825411546456,-9.55068864303456,False,B
1,LONG,2014-03-19 00:00:00+00:00,2014-03-20 00:00:00+00:00,2014-06-05 00:00:00+00:00,2071.6000000000013,1987.4000000000012,1328.8000000000002,54,77,2,-8420.000000000004,75.0,-8495.000000000004,19.585000000000036,-4.337503191217762,-6.336544250451539,False,B
1,LONG,2014-06-12 00:00:00+00:00,2014-06-16 00:00:00+00:00,2014-09-22 00:00:00+00:00,2019.7000000000012,1957.9000000000012,1276.8,70,98,1,-6179.999999999995,50.0,-6229.999999999995,12.149999999999988,-5.127572016460906,-4.840225563909771,False,B
1,LONG,2016-02-26 00:00:00+00:00,2016-02-29 00:00:00+00:00,2016-11-17 00:00:00+00:00,1970.0000000000014,1964.2000000000016,1223.1,187,262,3,-579.9999999999727,100.0,-679.9999999999727,25.270000000000028,-0.2690937870993162,-0.4742048892159045,False,B
1,LONG,2017-05-23 00:00:00+00:00,2017-05-24 00:00:00+00:00,2018-06-12 00:00:00+00:00,1976.8000000000015,2007.6000000000017,1250.8,273,384,6,3080.000000000018,175.0,2905.000000000018,12.695000000000016,2.2883024812918586,2.462424048608905,False,B
1,LONG,2019-01-22 00:00:00+00:00,2019-01-23 00:00:00+00:00,2021-01-20 00:00:00+00:00,1974.3000000000018,2433.1000000000013,1284.0,516,728,10,45879.99999999995,275.0,45604.99999999995,10.345000000000004,44.084098598356626,35.73208722741429,False,B
1,LONG,2021-12-17 00:00:00+00:00,2021-12-20 00:00:00+00:00,2022-01-24 00:00:00+00:00,2361.1000000000017,2396.1000000000017,1800.2,24,35,0,3500.0,25.0,3475.0,22.76499999999992,1.526466066329898,1.9442284190645482,False,B
1,LONG,2022-02-15 00:00:00+00:00,2022-02-16 00:00:00+00:00,2022-07-01 00:00:00+00:00,2412.7000000000016,2359.7000000000016,1854.5,96,135,2,-5300.0,75.0,-5375.0,22.29000000000003,-2.4113952445042584,-2.8579131841466703,False,B
1,LONG,2023-01-13 00:00:00+00:00,2023-01-16 00:00:00+00:00,2023-09-15 00:00:00+00:00,2440.800000000002,2399.600000000002,1923.8000000000002,173,242,4,-4119.999999999982,125.0,-4244.999999999982,22.580000000000062,-1.8799822852081354,-2.1415947603700913,False,B
1,LONG,2023-12-11 00:00:00+00:00,2023-12-12 00:00:00+00:00,2026-06-24 00:00:00+00:00,2447.400000000002,4181.900000000001,1998.4,658,925,13,173449.99999999985,350.0,173099.99999999985,28.785000000000036,60.13548723293369,86.79443554843867,False,B
