year,trades,win_rate_%,profit_factor,expectancy_R,t_stat_R,net_$,sample_flag,scenario
2015,129,44.2,1.259,0.1399,1.2,4556.0,OK,A
2016,116,39.7,1.165,0.0933,0.77,2886.0,OK,A
2017,108,36.1,0.919,-0.0442,-0.37,-1458.0,OK,A
2018,108,37.0,1.0,0.0038,0.03,-3.0,OK,A
2019,111,38.7,0.993,-0.0002,-0.0,-123.0,OK,A
2020,104,38.5,0.917,-0.0459,-0.38,-1446.0,OK,A
2021,109,30.3,0.764,-0.1513,-1.23,-4399.0,OK,A
2022,119,37.8,1.053,0.0366,0.29,960.0,OK,A
2023,26,26.9,0.697,-0.2016,-0.81,-1333.0,INSUFFICIENT_SAMPLE,A
2015,129,40.3,0.624,-0.2872,-2.46,-8558.0,OK,B
2016,116,36.2,0.615,-0.3011,-2.45,-6729.0,OK,B
2017,108,32.4,0.369,-0.6055,-4.91,-9727.0,OK,B
2018,108,34.3,0.434,-0.5016,-4.01,-5966.0,OK,B
2019,111,35.1,0.442,-0.4852,-4.03,-4511.0,OK,B
2020,104,38.5,0.63,-0.2772,-2.23,-1971.0,OK,B
2021,109,30.3,0.476,-0.444,-3.67,-2683.0,OK,B
2022,119,37.0,0.671,-0.2581,-2.03,-1401.0,OK,B
2023,26,26.9,0.467,-0.4562,-1.84,-477.0,INSUFFICIENT_SAMPLE,B
2015,129,37.2,0.395,-0.6351,-4.77,-16915.0,OK,C
2016,116,33.6,0.407,-0.6384,-4.59,-10296.0,OK,C
2017,108,25.0,0.218,-1.0967,-7.29,-10222.0,OK,C
2018,108,31.5,0.25,-0.95,-6.49,-5053.0,OK,C
2019,111,30.6,0.262,-0.8986,-6.38,-2936.0,OK,C
2020,104,35.6,0.473,-0.488,-3.6,-1004.0,OK,C
2021,109,27.5,0.346,-0.6916,-5.28,-1090.0,OK,C
2022,119,36.1,0.493,-0.5012,-3.59,-609.0,OK,C
2023,26,23.1,0.374,-0.6785,-2.53,-136.0,INSUFFICIENT_SAMPLE,C
