session,instrument,contract,bias,or_high,or_low,side,breakout_time,retest_time,retest_close,retest_extreme,signal_time,entry_time,entry_ideal,entry,stop,target,contracts,equity_before,risk_budget,planned_risk_usd,actual_risk_usd,R_unit_usd,exit_time,exit_ideal,exit,exit_reason,gross_usd,commission_usd,slippage_usd,net_usd,net_R,bars_held,warnings,vol_regime,periodo
2018-01-03,MNQ,NQ.c.0,alcista,6528.5,6522.75,largo,2018-01-03 09:05:00+00:00,2018-01-03 09:10:00+00:00,6529.0,6529.0,2018-01-03 09:15:00+00:00,2018-01-03 09:15:00+00:00,6529.25,6529.5,6528.5,6531.5,38,50000.0,125.0,123.12,142.12,76.0,2018-01-03 09:15:00+00:00,6528.5,6528.25,stop,-57.0,47.12,38.0,-142.12,-1.87,1,riesgo real 142.12 > presupuesto 125.00 (la apertura se alejó del cierre del retesteo),sin_historial,desarrollo
2018-01-04,MNQ,NQ.c.0,alcista,6601.75,6595.75,largo,2018-01-04 12:25:00+00:00,2018-01-04 12:30:00+00:00,6602.75,6601.5,2018-01-04 12:35:00+00:00,2018-01-04 12:35:00+00:00,6602.5,6602.75,6601.0,6606.25,21,49857.88,124.6447,120.54,110.04,73.5,2018-01-04 12:55:00+00:00,6601.0,6600.75,stop,-63.0,26.04,21.0,-110.03999999999999,-1.497142857142857,5,,sin_historial,desarrollo
2018-01-09,MNQ,NQ.c.0,alcista,6693.75,6689.0,largo,2018-01-09 09:00:00+00:00,2018-01-09 09:15:00+00:00,6694.25,6694.0,2018-01-09 09:20:00+00:00,2018-01-09 09:20:00+00:00,6694.5,6694.75,6693.5,6697.25,33,49747.84,124.36959999999999,123.42,139.92000000000002,82.5,2018-01-09 09:30:00+00:00,6693.5,6693.25,stop,-66.0,40.92,33.0,-139.92000000000002,-1.6960000000000002,3,riesgo real 139.92 > presupuesto 124.37 (la apertura se alejó del cierre del retesteo),sin_historial,desarrollo
2018-01-11,MNQ,NQ.c.0,alcista,6685.25,6680.5,largo,2018-01-11 12:05:00+00:00,2018-01-11 12:10:00+00:00,6687.5,6685.75,2018-01-11 12:15:00+00:00,2018-01-11 12:15:00+00:00,6687.5,6687.75,6685.25,6692.75,18,49607.92,124.0198,121.32000000000001,121.32000000000001,90.0,2018-01-11 12:25:00+00:00,6692.75,6692.75,objetivo,189.0,22.32,9.0,157.68,1.752,3,,sin_historial,desarrollo
2018-02-26,MNQ,NQ.c.0,alcista,6924.75,6903.25,largo,2018-02-26 10:55:00+00:00,2018-02-26 11:00:00+00:00,6927.0,6924.25,2018-02-26 11:05:00+00:00,2018-02-26 11:05:00+00:00,6926.5,6926.75,6923.75,6932.75,14,49765.6,124.414,122.36,108.36,84.0,2018-02-26 12:10:00+00:00,6932.75,6932.75,objetivo_hueco,175.0,17.36,7.0,150.64,1.7933333333333332,14,,sin_historial,desarrollo
2018-03-07,MNQ,NQ.c.0,bajista,6860.5,6841.75,corto,2018-03-07 09:35:00+00:00,2018-03-07 09:40:00+00:00,6841.25,6841.75,2018-03-07 09:45:00+00:00,2018-03-07 09:45:00+00:00,6841.25,6841.0,6842.25,6838.5,29,49916.24,124.7906,122.96000000000001,122.96000000000001,72.5,2018-03-07 09:45:00+00:00,6838.5,6838.5,objetivo,159.5,35.96,14.5,109.03999999999999,1.5039999999999998,1,,sin_historial,desarrollo
2018-03-09,MNQ,NQ.c.0,alcista,6978.75,6967.25,largo,2018-03-09 10:45:00+00:00,2018-03-09 10:50:00+00:00,6980.25,6978.5,2018-03-09 10:55:00+00:00,2018-03-09 10:55:00+00:00,6980.0,6980.25,6978.0,6984.75,18,50025.28,125.0632,121.32000000000001,112.32000000000001,81.0,2018-03-09 11:05:00+00:00,6978.0,6977.75,stop,-72.0,22.32,18.0,-112.32,-1.3866666666666665,3,,sin_historial,desarrollo
2018-04-16,MNQ,NQ.c.0,alcista,6665.75,6642.25,largo,2018-04-16 09:00:00+01:00,2018-04-16 09:10:00+01:00,6672.25,6665.25,2018-04-16 09:15:00+01:00,2018-04-16 09:15:00+01:00,6672.25,6672.5,6664.75,6688.0,7,49912.96,124.7824,120.67999999999999,120.67999999999999,108.5,2018-04-16 09:25:00+01:00,6664.75,6664.5,stop,-105.0,8.68,7.0,-120.68,-1.112258064516129,3,,sin_historial,desarrollo
2018-04-17,MNQ,NQ.c.0,alcista,6746.0,6730.25,largo,2018-04-17 12:35:00+01:00,2018-04-17 12:45:00+01:00,6747.5,6746.0,2018-04-17 12:50:00+01:00,2018-04-17 12:50:00+01:00,6747.5,6747.75,6745.5,6752.25,19,49792.28,124.4807,118.56,118.56,85.5,2018-04-17 12:50:00+01:00,6745.5,6745.25,stop,-76.0,23.56,19.0,-118.56,-1.3866666666666667,1,,sin_historial,desarrollo
2018-04-18,MNQ,NQ.c.0,alcista,6847.75,6834.5,largo,2018-04-18 09:10:00+01:00,2018-04-18 09:15:00+01:00,6850.75,6847.75,2018-04-18 09:20:00+01:00,2018-04-18 09:20:00+01:00,6850.5,6850.75,6847.25,6857.75,13,49673.72,124.18430000000001,120.12,113.62,91.0,2018-04-18 09:50:00+01:00,6847.25,6847.0,stop,-84.5,16.12,13.0,-113.62,-1.2485714285714287,7,,sin_historial,desarrollo
2018-05-03,MNQ,NQ.c.0,bajista,6647.5,6632.25,corto,2018-05-03 12:05:00+01:00,2018-05-03 12:10:00+01:00,6631.0,6632.25,2018-05-03 12:15:00+01:00,2018-05-03 12:15:00+01:00,6630.75,6630.5,6632.75,6626.0,21,49560.1,123.90025,120.54,131.04,94.5,2018-05-03 12:15:00+01:00,6632.75,6633.0,stop,-84.0,26.04,21.0,-131.04,-1.3866666666666665,1,riesgo real 131.04 > presupuesto 123.90 (la apertura se alejó del cierre del retesteo),media,desarrollo
2018-05-21,MNQ,NQ.c.0,alcista,6913.25,6898.75,largo,2018-05-21 09:10:00+01:00,2018-05-21 09:15:00+01:00,6913.75,6913.0,2018-05-21 09:20:00+01:00,2018-05-21 09:20:00+01:00,6913.75,6914.0,6912.5,6917.0,26,49429.06,123.57265,123.24000000000001,123.24000000000001,78.0,2018-05-21 09:40:00+01:00,6917.0,6917.0,objetivo,169.0,32.24,13.0,123.75999999999999,1.5866666666666664,5,,baja,desarrollo
2018-05-23,MNQ,NQ.c.0,bajista,6876.0,6845.5,corto,2018-05-23 11:50:00+01:00,2018-05-23 11:55:00+01:00,6843.25,6845.25,2018-05-23 12:00:00+01:00,2018-05-23 12:00:00+01:00,6843.25,6843.0,6845.75,6837.5,17,49552.82,123.88205,123.08,123.08,93.5,2018-05-23 12:00:00+01:00,6845.75,6846.0,stop,-85.0,21.08,17.0,-123.08,-1.3163636363636364,1,,baja,desarrollo
2018-06-05,MNQ,NQ.c.0,alcista,7154.5,7138.5,largo,2018-06-05 09:05:00+01:00,2018-06-05 09:10:00+01:00,7155.25,7154.75,2018-06-05 09:15:00+01:00,2018-06-05 09:15:00+01:00,7155.5,7155.75,7154.25,7158.75,29,49429.74,123.57435,122.96000000000001,137.46,87.0,2018-06-05 09:25:00+01:00,7154.25,7154.0,stop,-72.5,35.96,29.0,-137.46,-1.58,3,riesgo real 137.46 > presupuesto 123.57 (la apertura se alejó del cierre del retesteo),baja,desarrollo
2018-06-13,MNQ,NQ.c.0,alcista,7216.25,7204.0,largo,2018-06-13 11:05:00+01:00,2018-06-13 11:10:00+01:00,7217.0,7216.75,2018-06-13 11:15:00+01:00,2018-06-13 11:15:00+01:00,7217.5,7217.75,7216.25,7220.75,32,49292.28,123.2307,119.68,151.68,96.0,2018-06-13 11:40:00+01:00,7220.75,7220.75,objetivo,208.0,39.68,16.0,152.32,1.5866666666666667,6,riesgo real 151.68 > presupuesto 123.23 (la apertura se alejó del cierre del retesteo),baja,desarrollo
2018-06-20,MNQ,NQ.c.0,alcista,7272.75,7261.75,largo,2018-06-20 10:15:00+01:00,2018-06-20 10:20:00+01:00,7273.5,7272.5,2018-06-20 10:25:00+01:00,2018-06-20 10:25:00+01:00,7273.5,7273.75,7272.0,7277.25,23,49444.6,123.61149999999999,120.52000000000001,120.52000000000001,80.5,2018-06-20 10:40:00+01:00,7277.25,7277.25,objetivo,172.5,28.52,11.5,132.48,1.6457142857142857,4,,baja,desarrollo
2018-06-25,MNQ,NQ.c.0,bajista,7187.75,7172.5,corto,2018-06-25 09:25:00+01:00,2018-06-25 09:40:00+01:00,7170.25,7172.75,2018-06-25 09:45:00+01:00,2018-06-25 09:45:00+01:00,7170.25,7170.0,7173.25,7163.5,15,49577.08,123.9427,123.60000000000001,123.60000000000001,97.5,2018-06-25 09:55:00+01:00,7163.5,7163.5,objetivo,202.5,18.6,7.5,176.4,1.8092307692307692,3,,baja,desarrollo
2018-06-29,MNQ,NQ.c.0,alcista,7109.5,7085.5,largo,2018-06-29 09:45:00+01:00,2018-06-29 09:50:00+01:00,7110.5,7109.75,2018-06-29 09:55:00+01:00,2018-06-29 09:55:00+01:00,7110.5,7110.75,7109.25,7113.75,26,49753.48,124.3837,123.24000000000001,123.24000000000001,78.0,2018-06-29 10:00:00+01:00,7109.25,7109.0,stop,-65.0,32.24,26.0,-123.24000000000001,-1.58,2,,baja,desarrollo
2018-07-10,MNQ,NQ.c.0,alcista,7320.75,7305.75,largo,2018-07-10 11:05:00+01:00,2018-07-10 11:10:00+01:00,7321.25,7320.75,2018-07-10 11:15:00+01:00,2018-07-10 11:15:00+01:00,7321.5,7321.75,7320.25,7324.75,29,49630.240000000005,124.07560000000002,122.96000000000001,137.46,87.0,2018-07-10 11:15:00+01:00,7320.25,7320.0,stop,-72.5,35.96,29.0,-137.46,-1.58,1,riesgo real 137.46 > presupuesto 124.08 (la apertura se alejó del cierre del retesteo),baja,desarrollo
2018-07-12,MNQ,NQ.c.0,alcista,7287.5,7273.5,largo,2018-07-12 11:50:00+01:00,2018-07-12 12:00:00+01:00,7290.0,7287.75,2018-07-12 12:05:00+01:00,2018-07-12 12:05:00+01:00,7289.75,7290.0,7287.25,7295.5,15,49492.780000000006,123.73195000000001,116.10000000000001,108.60000000000001,82.5,2018-07-12 13:30:00+01:00,7295.5,7295.5,objetivo,172.5,18.6,7.5,146.4,1.7745454545454546,18,,media,desarrollo
2018-07-23,MNQ,NQ.c.0,bajista,7340.5,7328.0,corto,2018-07-23 11:40:00+01:00,2018-07-23 11:50:00+01:00,7327.0,7327.75,2018-07-23 11:55:00+01:00,2018-07-23 11:55:00+01:00,7327.0,7326.75,7328.25,7323.75,26,49639.18000000001,124.09795000000003,123.24000000000001,123.24000000000001,78.0,2018-07-23 12:00:00+01:00,7328.25,7328.5,stop,-65.0,32.24,26.0,-123.24000000000001,-1.58,2,,baja,desarrollo
2018-08-02,MNQ,NQ.c.0,bajista,7253.5,7237.0,corto,2018-08-02 09:50:00+01:00,2018-08-02 10:00:00+01:00,7233.75,7237.0,2018-08-02 10:05:00+01:00,2018-08-02 10:05:00+01:00,7233.5,7233.25,7237.5,7224.75,12,49515.94000000001,123.78985000000003,116.88,122.88,102.0,2018-08-02 10:25:00+01:00,7224.75,7224.75,objetivo,210.0,14.879999999999999,6.0,189.12,1.8541176470588236,5,,baja,desarrollo
2018-08-14,MNQ,NQ.c.0,bajista,7465.0,7450.25,corto,2018-08-14 09:55:00+01:00,2018-08-14 10:00:00+01:00,7449.25,7449.75,2018-08-14 10:05:00+01:00,2018-08-14 10:05:00+01:00,7449.5,7449.25,7450.25,7447.25,29,49705.06000000001,124.26265000000004,122.96000000000001,108.46000000000001,58.0,2018-08-14 10:05:00+01:00,7450.25,7450.5,stop,-43.5,35.96,29.0,-108.46000000000001,-1.87,1,,baja,desarrollo
2018-08-17,MNQ,NQ.c.0,bajista,7391.75,7382.75,corto,2018-08-17 10:15:00+01:00,2018-08-17 10:20:00+01:00,7380.25,7383.0,2018-08-17 10:25:00+01:00,2018-08-17 10:25:00+01:00,7380.25,7380.0,7383.5,7373.0,14,49596.60000000001,123.99150000000003,122.36,122.36,98.0,2018-08-17 10:35:00+01:00,7373.0,7373.0,objetivo,203.0,17.36,7.0,178.64,1.8228571428571427,3,,baja,desarrollo
2018-08-28,MNQ,NQ.c.0,alcista,7582.25,7576.0,largo,2018-08-28 10:20:00+01:00,2018-08-28 10:25:00+01:00,7583.5,7582.25,2018-08-28 10:30:00+01:00,2018-08-28 10:30:00+01:00,7583.75,7584.0,7581.75,7588.5,21,49775.24000000001,124.43810000000003,120.54,131.04,94.5,2018-08-28 10:30:00+01:00,7581.75,7581.5,stop,-84.0,26.04,21.0,-131.04,-1.3866666666666665,1,riesgo real 131.04 > presupuesto 124.44 (la apertura se alejó del cierre del retesteo),baja,desarrollo
2018-09-13,MNQ,NQ.c.0,alcista,7494.5,7481.5,largo,2018-09-13 09:20:00+01:00,2018-09-13 09:30:00+01:00,7496.5,7494.5,2018-09-13 09:35:00+01:00,2018-09-13 09:35:00+01:00,7496.5,7496.75,7494.0,7502.25,17,49644.20000000001,124.11050000000003,123.08,123.08,93.5,2018-09-13 10:05:00+01:00,7502.25,7502.25,objetivo,195.5,21.08,8.5,165.92000000000002,1.7745454545454546,7,,media,desarrollo
2018-09-19,MNQ,NQ.c.0,bajista,7507.75,7498.25,corto,2018-09-19 09:35:00+01:00,2018-09-19 09:40:00+01:00,7497.75,7498.75,2018-09-19 09:45:00+01:00,2018-09-19 09:45:00+01:00,7497.5,7497.25,7499.25,7493.25,23,49810.12000000001,124.52530000000003,120.52000000000001,132.02,92.0,2018-09-19 10:30:00+01:00,7499.25,7499.5,stop,-80.5,28.52,23.0,-132.02,-1.435,10,riesgo real 132.02 > presupuesto 124.53 (la apertura se alejó del cierre del retesteo),media,desarrollo
2018-09-25,MNQ,NQ.c.0,alcista,7586.5,7574.25,largo,2018-09-25 10:20:00+01:00,2018-09-25 10:25:00+01:00,7587.0,7587.0,2018-09-25 10:30:00+01:00,2018-09-25 10:30:00+01:00,7587.0,7587.25,7586.5,7588.75,38,49678.10000000001,124.19525000000003,123.12,123.12,57.0,2018-09-25 10:30:00+01:00,7588.75,7588.75,objetivo,133.0,47.12,19.0,66.88,1.1733333333333333,1,,media,desarrollo
2018-10-12,MNQ,NQ.c.0,bajista,7169.0,7143.0,corto,2018-10-12 12:30:00+01:00,2018-10-12 12:35:00+01:00,7139.0,7143.5,2018-10-12 12:40:00+01:00,2018-10-12 12:40:00+01:00,7139.5,7139.25,7144.0,7129.75,10,49744.98000000001,124.36245000000002,122.4,112.4,95.0,2018-10-12 12:50:00+01:00,7129.75,7129.75,objetivo,195.0,12.4,5.0,177.6,1.8694736842105262,3,,media,desarrollo
2018-10-23,MNQ,NQ.c.0,bajista,7076.0,7047.0,corto,2018-10-23 11:30:00+01:00,2018-10-23 11:35:00+01:00,7043.75,7046.5,2018-10-23 11:40:00+01:00,2018-10-23 11:40:00+01:00,7043.5,7043.25,7047.0,7035.75,14,49922.58000000001,124.80645000000003,122.36,129.36,105.0,2018-10-23 11:40:00+01:00,7047.0,7047.25,stop,-98.0,17.36,14.0,-129.36,-1.2320000000000002,1,riesgo real 129.36 > presupuesto 124.81 (la apertura se alejó del cierre del retesteo),alta,desarrollo
2018-10-24,MNQ,NQ.c.0,alcista,7100.5,7067.25,largo,2018-10-24 12:15:00+01:00,2018-10-24 12:25:00+01:00,7107.75,7101.0,2018-10-24 12:30:00+01:00,2018-10-24 12:30:00+01:00,7107.75,7108.0,7100.5,7123.0,7,49793.22000000001,124.48305000000002,117.17999999999999,117.17999999999999,105.0,2018-10-24 12:35:00+01:00,7123.0,7123.0,objetivo,213.5,8.68,3.5,201.32,1.9173333333333333,2,,alta,desarrollo
2018-11-26,MNQ,NQ.c.0,alcista,6646.5,6597.5,largo,2018-11-26 09:35:00+00:00,2018-11-26 09:40:00+00:00,6648.25,6647.0,2018-11-26 09:45:00+00:00,2018-11-26 09:45:00+00:00,6648.0,6648.25,6646.5,6651.75,21,49994.54000000001,124.98635000000003,120.54,110.04,73.5,2018-11-26 09:45:00+00:00,6646.5,6646.25,stop,-63.0,26.04,21.0,-110.03999999999999,-1.497142857142857,1,,alta,desarrollo
2018-12-11,MNQ,NQ.c.0,alcista,6694.5,6668.25,largo,2018-12-11 09:50:00+00:00,2018-12-11 09:55:00+00:00,6700.5,6694.5,2018-12-11 10:00:00+00:00,2018-12-11 10:00:00+00:00,6700.0,6700.25,6694.0,6712.75,8,49884.50000000001,124.71125000000002,121.92,113.92,100.0,2018-12-11 10:00:00+00:00,6712.75,6712.75,objetivo,204.0,9.92,4.0,190.08,1.9008,1,,alta,desarrollo
2018-12-17,MNQ,NQ.c.0,bajista,6618.5,6591.25,corto,2018-12-17 12:20:00+00:00,2018-12-17 12:25:00+00:00,6590.0,6590.75,2018-12-17 12:30:00+00:00,2018-12-17 12:30:00+00:00,6590.5,6590.25,6591.25,6588.25,26,50074.58000000001,125.18645000000002,123.24000000000001,97.24000000000001,52.0,2018-12-17 12:30:00+00:00,6588.25,6588.25,objetivo,117.0,32.24,13.0,71.75999999999999,1.38,1,,alta,desarrollo
2018-12-24,MNQ,NQ.c.0,bajista,6123.0,6099.0,corto,2018-12-24 09:15:00+00:00,2018-12-24 09:25:00+00:00,6097.75,6098.5,2018-12-24 09:30:00+00:00,2018-12-24 09:30:00+00:00,6097.75,6097.5,6099.0,6094.5,26,50146.34000000001,125.36585000000004,123.24000000000001,123.24000000000001,78.0,2018-12-24 09:30:00+00:00,6099.0,6099.25,stop,-65.0,32.24,26.0,-123.24000000000001,-1.58,1,,alta,desarrollo
2019-01-25,MNQ,NQ.c.0,alcista,6744.25,6715.5,largo,2019-01-25 11:10:00+00:00,2019-01-25 11:25:00+00:00,6746.0,6744.75,2019-01-25 11:30:00+00:00,2019-01-25 11:30:00+00:00,6746.5,6746.75,6744.25,6751.75,21,50023.10000000001,125.05775000000004,120.54,141.54,105.0,2019-01-25 11:30:00+00:00,6744.25,6744.0,stop,-94.5,26.04,21.0,-141.54,-1.3479999999999999,1,riesgo real 141.54 > presupuesto 125.06 (la apertura se alejó del cierre del retesteo),media,desarrollo
2019-02-01,MNQ,NQ.c.0,bajista,6903.0,6888.25,corto,2019-02-01 09:30:00+00:00,2019-02-01 09:40:00+00:00,6884.75,6888.25,2019-02-01 09:45:00+00:00,2019-02-01 09:45:00+00:00,6884.75,6884.5,6888.75,6876.0,12,49881.56000000001,124.70390000000003,122.88,122.88,102.0,2019-02-01 10:00:00+00:00,6888.75,6889.0,stop,-96.0,14.879999999999999,12.0,-122.88,-1.204705882352941,4,,media,desarrollo
2019-02-20,MNQ,NQ.c.0,bajista,7078.25,7066.25,corto,2019-02-20 11:05:00+00:00,2019-02-20 11:15:00+00:00,7065.75,7066.5,2019-02-20 11:20:00+00:00,2019-02-20 11:20:00+00:00,7065.75,7065.5,7067.0,7062.5,26,49758.680000000015,124.39670000000004,123.24000000000001,123.24000000000001,78.0,2019-02-20 11:20:00+00:00,7067.0,7067.25,stop,-65.0,32.24,26.0,-123.24000000000001,-1.58,1,,media,desarrollo
2019-03-04,MNQ,NQ.c.0,bajista,7196.75,7186.0,corto,2019-03-04 09:55:00+00:00,2019-03-04 10:00:00+00:00,7185.5,7186.0,2019-03-04 10:05:00+00:00,2019-03-04 10:05:00+00:00,7185.5,7185.25,7186.5,7182.75,29,49635.44000000002,124.08860000000004,122.96000000000001,122.96000000000001,72.5,2019-03-04 10:05:00+00:00,7186.5,7186.75,stop,-58.0,35.96,29.0,-122.96000000000001,-1.6960000000000002,1,,baja,desarrollo
2019-03-11,MNQ,NQ.c.0,alcista,7048.25,7033.0,largo,2019-03-11 11:35:00+00:00,2019-03-11 11:50:00+00:00,7049.75,7048.0,2019-03-11 11:55:00+00:00,2019-03-11 11:55:00+00:00,7049.75,7050.0,7047.5,7055.0,18,49512.48000000002,123.78120000000004,121.32000000000001,121.32000000000001,90.0,2019-03-11 11:55:00+00:00,7047.5,7047.25,stop,-81.0,22.32,18.0,-121.32,-1.3479999999999999,1,,baja,desarrollo
2019-03-14,MNQ,NQ.c.0,bajista,7290.25,7274.0,corto,2019-03-14 10:25:00+00:00,2019-03-14 10:30:00+00:00,7272.5,7273.5,2019-03-14 10:35:00+00:00,2019-03-14 10:35:00+00:00,7272.0,7271.75,7274.0,7267.25,23,49391.16000000002,123.47790000000005,120.52000000000001,143.52,103.5,2019-03-14 10:40:00+00:00,7267.25,7267.25,objetivo,218.5,28.52,11.5,178.48,1.7244444444444444,2,riesgo real 143.52 > presupuesto 123.48 (la apertura se alejó del cierre del retesteo),baja,desarrollo
2019-04-08,MNQ,NQ.c.0,alcista,7597.25,7588.25,largo,2019-04-08 11:20:00+01:00,2019-04-08 11:25:00+01:00,7598.0,7597.0,2019-04-08 11:30:00+01:00,2019-04-08 11:30:00+01:00,7597.75,7598.0,7596.5,7601.0,23,49569.64000000002,123.92410000000005,120.52000000000001,109.02000000000001,69.0,2019-04-08 11:30:00+01:00,7596.5,7596.25,stop,-57.5,28.52,23.0,-109.02,-1.5799999999999998,1,,baja,desarrollo
2019-04-10,MNQ,NQ.c.0,bajista,7607.75,7600.25,corto,2019-04-10 09:50:00+01:00,2019-04-10 09:55:00+01:00,7598.25,7600.0,2019-04-10 10:00:00+01:00,2019-04-10 10:00:00+01:00,7598.5,7598.25,7600.5,7593.75,18,49460.620000000024,123.65155000000006,121.32000000000001,112.32000000000001,81.0,2019-04-10 10:05:00+01:00,7600.5,7600.75,stop,-72.0,22.32,18.0,-112.32,-1.3866666666666665,2,,baja,desarrollo
2019-04-11,MNQ,NQ.c.0,alcista,7644.25,7625.0,largo,2019-04-11 11:00:00+01:00,2019-04-11 11:05:00+01:00,7647.5,7644.75,2019-04-11 11:10:00+01:00,2019-04-11 11:10:00+01:00,7647.0,7647.25,7644.25,7653.25,14,49348.300000000025,123.37075000000006,122.36,108.36,84.0,2019-04-11 11:15:00+01:00,7644.25,7644.0,stop,-77.0,17.36,14.0,-108.36,-1.29,2,,baja,desarrollo
2019-06-06,MNQ,NQ.c.0,alcista,7257.75,7221.75,largo,2019-06-06 10:35:00+01:00,2019-06-06 10:40:00+01:00,7259.0,7258.0,2019-06-06 10:45:00+01:00,2019-06-06 10:45:00+01:00,7258.75,7259.0,7257.5,7262.0,23,49239.940000000024,123.09985000000006,120.52000000000001,109.02000000000001,69.0,2019-06-06 10:45:00+01:00,7257.5,7257.25,stop,-57.5,28.52,23.0,-109.02,-1.5799999999999998,1,,alta,desarrollo
2019-06-10,MNQ,NQ.c.0,alcista,7450.0,7437.0,largo,2019-06-10 11:40:00+01:00,2019-06-10 11:45:00+01:00,7451.25,7449.5,2019-06-10 11:50:00+01:00,2019-06-10 11:50:00+01:00,7451.25,7451.5,7449.0,7456.5,18,49130.92000000003,122.82730000000006,121.32000000000001,121.32000000000001,90.0,2019-06-10 11:55:00+01:00,7449.0,7448.75,stop,-81.0,22.32,18.0,-121.32,-1.3479999999999999,2,,alta,desarrollo
2019-06-14,MNQ,NQ.c.0,bajista,7495.75,7475.75,corto,2019-06-14 09:25:00+01:00,2019-06-14 09:35:00+01:00,7470.75,7476.0,2019-06-14 09:40:00+01:00,2019-06-14 09:40:00+01:00,7470.25,7470.0,7476.5,7457.0,8,49009.60000000003,122.52400000000007,109.92,117.92,104.0,2019-06-14 09:45:00+01:00,7476.5,7476.75,stop,-100.0,9.92,8.0,-117.92,-1.133846153846154,2,,media,desarrollo
2019-06-21,MNQ,NQ.c.0,bajista,7742.75,7721.0,corto,2019-06-21 12:40:00+01:00,2019-06-21 12:50:00+01:00,7720.75,7720.75,2019-06-21 12:55:00+01:00,2019-06-21 12:55:00+01:00,7718.0,7717.75,7721.25,7710.75,37,48891.68000000003,122.22920000000008,119.88000000000001,323.38,259.0,2019-06-21 13:15:00+01:00,7710.75,7710.75,objetivo_hueco,536.5,45.88,18.5,472.12,1.822857142857143,5,riesgo real 323.38 > presupuesto 122.23 (la apertura se alejó del cierre del retesteo),media,desarrollo
2019-07-01,MNQ,NQ.c.0,alcista,7832.5,7819.25,largo,2019-07-01 11:20:00+01:00,2019-07-01 11:25:00+01:00,7833.0,7832.0,2019-07-01 11:30:00+01:00,2019-07-01 11:30:00+01:00,7833.25,7833.5,7831.5,7837.5,23,49363.80000000003,123.40950000000008,120.52000000000001,132.02,92.0,2019-07-01 11:30:00+01:00,7831.5,7831.25,stop,-80.5,28.52,23.0,-132.02,-1.435,1,riesgo real 132.02 > presupuesto 123.41 (la apertura se alejó del cierre del retesteo),media,desarrollo
2019-07-02,MNQ,NQ.c.0,bajista,7797.0,7777.5,corto,2019-07-02 12:10:00+01:00,2019-07-02 12:15:00+01:00,7774.5,7777.25,2019-07-02 12:20:00+01:00,2019-07-02 12:20:00+01:00,7774.25,7774.0,7777.75,7766.5,14,49231.780000000035,123.0794500000001,122.36,129.36,105.0,2019-07-02 12:50:00+01:00,7777.75,7778.0,stop,-98.0,17.36,14.0,-129.36,-1.2320000000000002,7,riesgo real 129.36 > presupuesto 123.08 (la apertura se alejó del cierre del retesteo),media,desarrollo
2019-07-03,MNQ,NQ.c.0,alcista,7859.0,7834.25,largo,2019-07-03 09:05:00+01:00,2019-07-03 09:10:00+01:00,7859.75,7859.25,2019-07-03 09:15:00+01:00,2019-07-03 09:15:00+01:00,7860.25,7860.5,7858.75,7864.0,28,49102.420000000035,122.75605000000009,118.72,146.72,98.0,2019-07-03 09:15:00+01:00,7858.75,7858.5,stop,-84.0,34.72,28.0,-146.72,-1.497142857142857,1,riesgo real 146.72 > presupuesto 122.76 (la apertura se alejó del cierre del retesteo),media,desarrollo
2019-07-04,MNQ,NQ.c.0,alcista,7892.0,7883.75,largo,2019-07-04 12:00:00+01:00,2019-07-04 12:05:00+01:00,7893.0,7892.5,2019-07-04 12:10:00+01:00,2019-07-04 12:10:00+01:00,7893.25,7893.5,7892.0,7896.5,28,48955.70000000003,122.38925000000009,118.72,132.72,84.0,2019-07-04 13:20:00+01:00,7896.5,7896.5,objetivo,182.0,34.72,14.0,133.28,1.5866666666666667,15,riesgo real 132.72 > presupuesto 122.39 (la apertura se alejó del cierre del retesteo),baja,desarrollo
2019-07-11,MNQ,NQ.c.0,alcista,7955.0,7942.25,largo,2019-07-11 10:05:00+01:00,2019-07-11 10:10:00+01:00,7956.75,7955.0,2019-07-11 10:15:00+01:00,2019-07-11 10:15:00+01:00,7957.0,7957.25,7954.5,7962.75,18,49088.98000000003,122.72245000000008,121.32000000000001,130.32,99.0,2019-07-11 10:20:00+01:00,7962.75,7962.75,objetivo,207.0,22.32,9.0,175.68,1.7745454545454546,2,riesgo real 130.32 > presupuesto 122.72 (la apertura se alejó del cierre del retesteo),baja,desarrollo
2019-07-16,MNQ,NQ.c.0,alcista,7995.75,7986.75,largo,2019-07-16 09:15:00+01:00,2019-07-16 09:20:00+01:00,7996.75,7995.25,2019-07-16 09:25:00+01:00,2019-07-16 09:25:00+01:00,7996.75,7997.0,7994.75,8001.5,19,49264.66000000003,123.16165000000008,118.56,118.56,85.5,2019-07-16 09:25:00+01:00,7994.75,7994.5,stop,-76.0,23.56,19.0,-118.56,-1.3866666666666667,1,,baja,desarrollo
2019-08-16,MNQ,NQ.c.0,alcista,7569.75,7540.5,largo,2019-08-16 09:20:00+01:00,2019-08-16 09:30:00+01:00,7585.0,7569.25,2019-08-16 09:35:00+01:00,2019-08-16 09:35:00+01:00,7585.75,7586.0,7568.75,7620.5,3,49146.100000000035,122.86525000000009,104.22,108.72,103.5,2019-08-16 13:00:00+01:00,7568.75,7568.5,stop,-102.0,3.7199999999999998,3.0,-108.72,-1.0504347826086957,42,,alta,desarrollo
2019-08-30,MNQ,NQ.c.0,alcista,7737.5,7698.25,largo,2019-08-30 09:15:00+01:00,2019-08-30 09:20:00+01:00,7740.75,7737.5,2019-08-30 09:25:00+01:00,2019-08-30 09:25:00+01:00,7741.0,7741.25,7737.0,7749.75,12,49037.380000000034,122.59345000000009,116.88,122.88,102.0,2019-08-30 09:45:00+01:00,7749.75,7749.75,objetivo,210.0,14.879999999999999,6.0,189.12,1.8541176470588236,5,riesgo real 122.88 > presupuesto 122.59 (la apertura se alejó del cierre del retesteo),alta,desarrollo
2019-09-05,MNQ,NQ.c.0,alcista,7798.25,7769.0,largo,2019-09-05 09:35:00+01:00,2019-09-05 09:40:00+01:00,7800.25,7798.25,2019-09-05 09:45:00+01:00,2019-09-05 09:45:00+01:00,7800.5,7800.75,7797.75,7806.75,16,49226.50000000004,123.0662500000001,115.84,123.84,96.0,2019-09-05 09:50:00+01:00,7806.75,7806.75,objetivo,200.0,19.84,8.0,172.16,1.7933333333333332,2,riesgo real 123.84 > presupuesto 123.07 (la apertura se alejó del cierre del retesteo),alta,desarrollo
2019-09-17,MNQ,NQ.c.0,alcista,7852.75,7829.0,largo,2019-09-17 09:00:00+01:00,2019-09-17 09:05:00+01:00,7853.5,7853.0,2019-09-17 09:10:00+01:00,2019-09-17 09:10:00+01:00,7853.75,7854.0,7852.5,7857.0,29,49398.66000000004,123.4966500000001,122.96000000000001,137.46,87.0,2019-09-17 09:10:00+01:00,7857.0,7857.0,objetivo,188.5,35.96,14.5,138.04,1.5866666666666667,1,riesgo real 137.46 > presupuesto 123.50 (la apertura se alejó del cierre del retesteo),media,desarrollo
2019-09-18,MNQ,NQ.c.0,alcista,7883.75,7870.0,largo,2019-09-18 09:00:00+01:00,2019-09-18 09:10:00+01:00,7885.0,7883.25,2019-09-18 09:15:00+01:00,2019-09-18 09:15:00+01:00,7885.5,7885.75,7882.75,7891.75,18,49536.70000000004,123.8417500000001,121.32000000000001,139.32,108.0,2019-09-18 09:20:00+01:00,7882.75,7882.5,stop,-99.0,22.32,18.0,-139.32,-1.29,2,riesgo real 139.32 > presupuesto 123.84 (la apertura se alejó del cierre del retesteo),media,desarrollo
2019-09-24,MNQ,NQ.c.0,alcista,7875.75,7862.75,largo,2019-09-24 09:50:00+01:00,2019-09-24 09:55:00+01:00,7877.0,7876.0,2019-09-24 10:00:00+01:00,2019-09-24 10:00:00+01:00,7877.0,7877.25,7875.5,7880.75,23,49397.38000000004,123.49345000000011,120.52000000000001,120.52000000000001,80.5,2019-09-24 10:00:00+01:00,7875.5,7875.25,stop,-69.0,28.52,23.0,-120.52,-1.497142857142857,1,,media,desarrollo
2019-09-25,MNQ,NQ.c.0,bajista,7739.5,7709.0,corto,2019-09-25 11:20:00+01:00,2019-09-25 11:30:00+01:00,7708.25,7709.5,2019-09-25 11:35:00+01:00,2019-09-25 11:35:00+01:00,7708.5,7708.25,7710.0,7704.75,21,49276.860000000044,123.19215000000011,120.54,110.04,73.5,2019-09-25 11:40:00+01:00,7710.0,7710.25,stop,-63.0,26.04,21.0,-110.03999999999999,-1.497142857142857,2,,baja,desarrollo
2019-09-26,MNQ,NQ.c.0,alcista,7825.0,7791.5,largo,2019-09-26 10:55:00+01:00,2019-09-26 11:00:00+01:00,7826.5,7824.75,2019-09-26 11:05:00+01:00,2019-09-26 11:05:00+01:00,7826.5,7826.75,7824.25,7831.75,18,49166.82000000004,122.91705000000012,121.32000000000001,121.32000000000001,90.0,2019-09-26 11:25:00+01:00,7824.25,7824.0,stop,-81.0,22.32,18.0,-121.32,-1.3479999999999999,5,,media,desarrollo
2019-09-30,MNQ,NQ.c.0,bajista,7742.75,7730.0,corto,2019-09-30 11:55:00+01:00,2019-09-30 12:00:00+01:00,7729.0,7730.5,2019-09-30 12:05:00+01:00,2019-09-30 12:05:00+01:00,7729.0,7728.75,7731.0,7724.25,19,49045.500000000044,122.61375000000011,118.56,118.56,85.5,2019-09-30 12:15:00+01:00,7731.0,7731.25,stop,-76.0,23.56,19.0,-118.56,-1.3866666666666667,3,,baja,desarrollo
2019-10-07,MNQ,NQ.c.0,alcista,7748.5,7724.75,largo,2019-10-07 12:25:00+01:00,2019-10-07 12:30:00+01:00,7752.5,7748.75,2019-10-07 12:35:00+01:00,2019-10-07 12:35:00+01:00,7752.5,7752.75,7748.25,7761.75,11,48926.940000000046,122.31735000000012,118.14,118.14,99.0,2019-10-07 12:45:00+01:00,7748.25,7748.0,stop,-93.5,13.64,11.0,-118.14,-1.1933333333333334,3,,media,desarrollo
2019-11-19,MNQ,NQ.c.0,alcista,8364.5,8345.0,largo,2019-11-19 09:40:00+00:00,2019-11-19 09:50:00+00:00,8368.75,8364.5,2019-11-19 09:55:00+00:00,2019-11-19 09:55:00+00:00,8368.5,8368.75,8364.0,8378.25,10,48808.80000000005,122.02200000000012,117.4,112.4,95.0,2019-11-19 11:00:00+00:00,8378.25,8378.25,objetivo,195.0,12.4,5.0,177.6,1.8694736842105262,14,,baja,desarrollo
2019-11-26,MNQ,NQ.c.0,bajista,8384.25,8372.25,corto,2019-11-26 10:05:00+00:00,2019-11-26 10:10:00+00:00,8369.25,8372.75,2019-11-26 10:15:00+00:00,2019-11-26 10:15:00+00:00,8369.25,8369.0,8373.25,8360.5,11,48986.400000000045,122.46600000000012,112.64,112.64,93.5,2019-11-26 10:25:00+00:00,8373.25,8373.5,stop,-88.0,13.64,11.0,-112.64,-1.2047058823529413,3,,baja,desarrollo
2019-11-27,MNQ,NQ.c.0,alcista,8419.25,8411.5,largo,2019-11-27 09:00:00+00:00,2019-11-27 09:10:00+00:00,8421.75,8419.25,2019-11-27 09:15:00+00:00,2019-11-27 09:15:00+00:00,8422.0,8422.25,8418.75,8429.25,14,48873.760000000046,122.18440000000011,115.36,122.36,98.0,2019-11-27 10:05:00+00:00,8429.25,8429.25,objetivo,203.0,17.36,7.0,178.64,1.8228571428571427,11,riesgo real 122.36 > presupuesto 122.18 (la apertura se alejó del cierre del retesteo),baja,desarrollo
2019-11-29,MNQ,NQ.c.0,alcista,8429.25,8414.75,largo,2019-11-29 09:05:00+00:00,2019-11-29 09:10:00+00:00,8430.0,8429.75,2019-11-29 09:15:00+00:00,2019-11-29 09:15:00+00:00,8430.25,8430.5,8429.25,8433.0,32,49052.400000000045,122.63100000000011,119.68,135.68,80.0,2019-11-29 09:15:00+00:00,8429.25,8429.0,stop,-64.0,39.68,32.0,-135.68,-1.6960000000000002,1,riesgo real 135.68 > presupuesto 122.63 (la apertura se alejó del cierre del retesteo),baja,desarrollo
2019-12-20,MNQ,NQ.c.0,alcista,8647.0,8640.0,largo,2019-12-20 10:50:00+00:00,2019-12-20 10:55:00+00:00,8648.0,8647.0,2019-12-20 11:00:00+00:00,2019-12-20 11:00:00+00:00,8648.25,8648.5,8646.5,8652.5,23,48916.720000000045,122.29180000000011,120.52000000000001,132.02,92.0,2019-12-20 11:05:00+00:00,8652.5,8652.5,objetivo,195.5,28.52,11.5,155.48,1.69,2,riesgo real 132.02 > presupuesto 122.29 (la apertura se alejó del cierre del retesteo),baja,desarrollo
2019-12-27,MNQ,NQ.c.0,alcista,8833.5,8824.25,largo,2019-12-27 10:30:00+00:00,2019-12-27 10:35:00+00:00,8835.25,8834.0,2019-12-27 10:40:00+00:00,2019-12-27 10:40:00+00:00,8835.25,8835.5,8833.5,8839.5,21,49072.20000000005,122.68050000000012,120.54,120.54,84.0,2019-12-27 10:45:00+00:00,8833.5,8833.25,stop,-73.5,26.04,21.0,-120.53999999999999,-1.4349999999999998,2,,baja,desarrollo
2020-01-14,MNQ,NQ.c.0,alcista,9072.5,9040.75,largo,2020-01-14 09:15:00+00:00,2020-01-14 09:20:00+00:00,9076.5,9072.25,2020-01-14 09:25:00+00:00,2020-01-14 09:25:00+00:00,9076.75,9077.0,9071.75,9087.5,10,48951.66000000005,122.37915000000012,117.4,122.4,105.0,2020-01-14 09:35:00+00:00,9087.5,9087.5,objetivo,215.0,12.4,5.0,197.6,1.8819047619047617,3,riesgo real 122.40 > presupuesto 122.38 (la apertura se alejó del cierre del retesteo),baja,desarrollo
2020-01-15,MNQ,NQ.c.0,alcista,9059.5,9041.25,largo,2020-01-15 11:55:00+00:00,2020-01-15 12:05:00+00:00,9061.75,9059.75,2020-01-15 12:10:00+00:00,2020-01-15 12:10:00+00:00,9061.75,9062.0,9059.25,9067.5,16,49149.260000000046,122.87315000000012,115.84,115.84,88.0,2020-01-15 12:20:00+00:00,9059.25,9059.0,stop,-80.0,19.84,16.0,-115.84,-1.3163636363636364,3,,baja,desarrollo
2020-01-22,MNQ,NQ.c.0,alcista,9235.25,9221.75,largo,2020-01-22 12:05:00+00:00,2020-01-22 12:10:00+00:00,9239.25,9235.25,2020-01-22 12:15:00+00:00,2020-01-22 12:15:00+00:00,9239.5,9239.75,9234.75,9249.75,10,49033.42000000005,122.58355000000013,112.4,117.4,100.0,2020-01-22 12:15:00+00:00,9234.75,9234.5,stop,-95.0,12.4,10.0,-117.4,-1.1740000000000002,1,,baja,desarrollo
2020-01-29,MNQ,NQ.c.0,alcista,9142.25,9116.25,largo,2020-01-29 11:25:00+00:00,2020-01-29 11:35:00+00:00,9145.25,9142.5,2020-01-29 11:40:00+00:00,2020-01-29 11:40:00+00:00,9145.25,9145.5,9142.0,9152.5,13,48916.02000000005,122.29005000000012,113.62,113.62,91.0,2020-01-29 11:55:00+00:00,9152.5,9152.5,objetivo,188.5,16.12,6.5,165.88,1.8228571428571427,4,,baja,desarrollo
2020-02-04,MNQ,NQ.c.0,alcista,9228.0,9182.5,largo,2020-02-04 11:10:00+00:00,2020-02-04 11:15:00+00:00,9229.0,9228.5,2020-02-04 11:20:00+00:00,2020-02-04 11:20:00+00:00,9229.0,9229.25,9228.0,9231.75,28,49081.900000000045,122.70475000000012,118.72,118.72,70.0,2020-02-04 11:20:00+00:00,9228.0,9227.75,stop,-56.0,34.72,28.0,-118.72,-1.696,1,,baja,desarrollo
2020-02-11,MNQ,NQ.c.0,bajista,9567.75,9552.25,corto,2020-02-11 09:00:00+00:00,2020-02-11 09:10:00+00:00,9549.25,9552.75,2020-02-11 09:15:00+00:00,2020-02-11 09:15:00+00:00,9549.0,9548.75,9553.25,9539.75,11,48963.180000000044,122.40795000000011,112.64,118.14,99.0,2020-02-11 09:15:00+00:00,9553.25,9553.5,stop,-93.5,13.64,11.0,-118.14,-1.1933333333333334,1,,media,desarrollo
2020-04-08,MNQ,NQ.c.0,bajista,8072.25,8018.5,corto,2020-04-08 10:05:00+01:00,2020-04-08 10:20:00+01:00,8002.5,8018.75,2020-04-08 10:25:00+01:00,2020-04-08 10:25:00+01:00,8003.25,8003.0,8019.25,7970.5,3,48845.040000000045,122.11260000000011,107.22,102.72,97.5,2020-04-08 10:25:00+01:00,8019.25,8019.5,stop,-96.0,3.7199999999999998,3.0,-102.72,-1.0535384615384615,1,,alta,desarrollo
2020-04-29,MNQ,NQ.c.0,bajista,8834.0,8792.0,corto,2020-04-29 12:20:00+01:00,2020-04-29 12:30:00+01:00,8787.25,8791.5,2020-04-29 12:35:00+01:00,2020-04-29 12:35:00+01:00,8788.25,8788.0,8792.0,8780.0,10,48742.32000000004,121.85580000000012,117.4,97.4,80.0,2020-04-29 12:35:00+01:00,8792.0,8792.25,stop,-75.0,12.4,10.0,-97.4,-1.2175,1,,alta,desarrollo
2020-05-12,MNQ,NQ.c.0,alcista,9293.5,9244.5,largo,2020-05-12 11:20:00+01:00,2020-05-12 11:25:00+01:00,9298.5,9293.0,2020-05-12 11:30:00+01:00,2020-05-12 11:30:00+01:00,9298.5,9298.75,9292.5,9311.25,8,48644.92000000004,121.6123000000001,113.92,113.92,100.0,2020-05-12 11:30:00+01:00,9292.5,9292.25,stop,-96.0,9.92,8.0,-113.92,-1.1392,1,,alta,desarrollo
2020-06-03,MNQ,NQ.c.0,alcista,9688.0,9662.0,largo,2020-06-03 10:45:00+01:00,2020-06-03 10:50:00+01:00,9692.5,9688.25,2020-06-03 10:55:00+01:00,2020-06-03 10:55:00+01:00,9693.0,9693.25,9687.75,9704.25,10,48531.000000000044,121.32750000000011,117.4,127.4,110.0,2020-06-03 11:00:00+01:00,9687.75,9687.5,stop,-105.0,12.4,10.0,-127.4,-1.1581818181818182,2,riesgo real 127.40 > presupuesto 121.33 (la apertura se alejó del cierre del retesteo),alta,desarrollo
2020-06-04,MNQ,NQ.c.0,bajista,9686.75,9658.0,corto,2020-06-04 10:40:00+01:00,2020-06-04 10:45:00+01:00,9653.5,9658.5,2020-06-04 10:50:00+01:00,2020-06-04 10:50:00+01:00,9654.0,9653.75,9659.0,9643.25,9,48403.60000000004,121.00900000000011,119.16,110.16,94.5,2020-06-04 11:00:00+01:00,9659.0,9659.25,stop,-90.0,11.16,9.0,-110.16,-1.1657142857142857,3,,alta,desarrollo
2020-06-10,MNQ,NQ.c.0,alcista,10007.75,9986.0,largo,2020-06-10 09:25:00+01:00,2020-06-10 09:35:00+01:00,10011.75,10008.25,2020-06-10 09:40:00+01:00,2020-06-10 09:40:00+01:00,10010.5,10010.75,10007.75,10016.75,11,48293.44000000004,120.7336000000001,112.64,85.14,66.0,2020-06-10 09:40:00+01:00,10007.75,10007.5,stop,-60.5,13.64,11.0,-85.14,-1.29,1,,alta,desarrollo
2020-08-26,MNQ,NQ.c.0,alcista,11748.0,11726.75,largo,2020-08-26 09:15:00+01:00,2020-08-26 09:30:00+01:00,11756.0,11748.25,2020-08-26 09:35:00+01:00,2020-08-26 09:35:00+01:00,11756.25,11756.5,11747.75,11774.0,6,48208.30000000004,120.5207500000001,112.44,115.44,105.0,2020-08-26 11:50:00+01:00,11774.0,11774.0,objetivo,213.0,7.4399999999999995,3.0,202.56,1.9291428571428573,28,,media,desarrollo
2020-09-01,MNQ,NQ.c.0,alcista,12234.75,12186.0,largo,2020-09-01 10:20:00+01:00,2020-09-01 10:25:00+01:00,12236.0,12234.5,2020-09-01 10:30:00+01:00,2020-09-01 10:30:00+01:00,12236.25,12236.5,12234.0,12241.5,19,48410.86000000004,121.02715000000009,118.56,128.06,95.0,2020-09-01 10:30:00+01:00,12234.0,12233.75,stop,-85.5,23.56,19.0,-128.06,-1.348,1,riesgo real 128.06 > presupuesto 121.03 (la apertura se alejó del cierre del retesteo),media,desarrollo
2020-09-02,MNQ,NQ.c.0,alcista,12439.75,12390.5,largo,2020-09-02 10:15:00+01:00,2020-09-02 10:20:00+01:00,12441.0,12440.0,2020-09-02 10:25:00+01:00,2020-09-02 10:25:00+01:00,12440.5,12440.75,12439.5,12443.25,23,48282.80000000004,120.70700000000011,120.52000000000001,97.52000000000001,57.5,2020-09-02 10:25:00+01:00,12439.5,12439.25,stop,-46.0,28.52,23.0,-97.52,-1.696,1,,media,desarrollo
2020-09-14,MNQ,NQ.c.0,bajista,11273.5,11247.5,corto,2020-09-14 09:20:00+01:00,2020-09-14 09:25:00+01:00,11239.5,11248.0,2020-09-14 09:30:00+01:00,2020-09-14 09:30:00+01:00,11238.75,11238.5,11248.5,11218.5,5,48185.28000000004,120.46320000000011,101.19999999999999,108.69999999999999,100.0,2020-09-14 09:30:00+01:00,11218.5,11218.5,objetivo,202.5,6.2,2.5,193.8,1.9380000000000002,1,,alta,desarrollo
2020-09-23,MNQ,NQ.c.0,alcista,11168.75,11106.75,largo,2020-09-23 12:30:00+01:00,2020-09-23 12:35:00+01:00,11177.5,11168.75,2020-09-23 12:40:00+01:00,2020-09-23 12:40:00+01:00,11178.0,11178.25,11168.25,11198.25,5,48379.080000000045,120.94770000000011,103.69999999999999,108.69999999999999,100.0,2020-09-23 12:40:00+01:00,11168.25,11168.0,stop,-97.5,6.2,5.0,-108.7,-1.087,1,,alta,desarrollo
2020-10-07,MNQ,NQ.c.0,bajista,11358.0,11321.5,corto,2020-10-07 11:35:00+01:00,2020-10-07 11:40:00+01:00,11310.5,11321.0,2020-10-07 11:45:00+01:00,2020-10-07 11:45:00+01:00,11309.75,11309.5,11321.5,11285.5,4,48270.38000000005,120.67595000000013,96.96,102.96,96.0,2020-10-07 11:50:00+01:00,11321.5,11321.75,stop,-94.0,4.96,4.0,-102.96,-1.0725,2,,alta,desarrollo
2020-10-09,MNQ,NQ.c.0,alcista,11576.75,11558.75,largo,2020-10-09 12:20:00+01:00,2020-10-09 12:25:00+01:00,11579.75,11577.25,2020-10-09 12:30:00+01:00,2020-10-09 12:30:00+01:00,11579.5,11579.75,11576.75,11585.75,14,48167.42000000005,120.41855000000012,115.36,108.36,84.0,2020-10-09 12:30:00+01:00,11585.75,11585.75,objetivo,175.0,17.36,7.0,150.64,1.7933333333333332,1,,alta,desarrollo
2020-10-12,MNQ,NQ.c.0,alcista,11800.0,11773.25,largo,2020-10-12 09:00:00+01:00,2020-10-12 09:10:00+01:00,11811.25,11800.0,2020-10-12 09:15:00+01:00,2020-10-12 09:15:00+01:00,11810.75,11811.0,11799.5,11834.0,4,48318.06000000005,120.79515000000012,102.96,98.96,92.0,2020-10-12 09:20:00+01:00,11834.0,11834.0,objetivo,186.0,4.96,2.0,179.04,1.9460869565217391,2,,alta,desarrollo
2020-10-14,MNQ,NQ.c.0,bajista,12173.75,12124.0,corto,2020-10-14 12:30:00+01:00,2020-10-14 12:35:00+01:00,12117.0,12123.75,2020-10-14 12:40:00+01:00,2020-10-14 12:40:00+01:00,12115.5,12115.25,12124.25,12097.25,7,48497.10000000005,121.24275000000013,117.17999999999999,138.17999999999998,126.0,2020-10-14 13:00:00+01:00,12124.25,12124.5,stop,-122.5,8.68,7.0,-138.18,-1.0966666666666667,5,riesgo real 138.18 > presupuesto 121.24 (la apertura se alejó del cierre del retesteo),alta,desarrollo
2020-10-28,MNQ,NQ.c.0,bajista,11528.0,11438.5,corto,2020-10-28 12:15:00+00:00,2020-10-28 12:20:00+00:00,11436.75,11438.5,2020-10-28 12:25:00+00:00,2020-10-28 12:25:00+00:00,11437.0,11436.75,11439.0,11432.25,17,48358.92000000005,120.89730000000013,114.58,106.08,76.5,2020-10-28 12:25:00+00:00,11439.0,11439.25,stop,-68.0,21.08,17.0,-106.08,-1.3866666666666667,1,,media,desarrollo
2020-10-29,MNQ,NQ.c.0,bajista,11279.0,11230.0,corto,2020-10-29 11:05:00+00:00,2020-10-29 11:10:00+00:00,11220.25,11229.75,2020-10-29 11:15:00+00:00,2020-10-29 11:15:00+00:00,11220.25,11220.0,11230.25,11199.5,5,48252.84000000005,120.63210000000012,111.19999999999999,111.19999999999999,102.5,2020-10-29 11:35:00+00:00,11199.5,11199.5,objetivo,207.5,6.2,2.5,198.8,1.9395121951219514,5,,media,desarrollo
2020-11-05,MNQ,NQ.c.0,alcista,12048.5,11978.75,largo,2020-11-05 09:40:00+00:00,2020-11-05 09:45:00+00:00,12049.0,12048.0,2020-11-05 09:50:00+00:00,2020-11-05 09:50:00+00:00,12048.25,12048.5,12047.5,12050.5,23,48451.64000000005,121.12910000000012,120.52000000000001,86.02000000000001,46.0,2020-11-05 09:50:00+00:00,12047.5,12047.25,stop,-34.5,28.52,23.0,-86.02,-1.8699999999999999,1,,alta,desarrollo
2020-11-20,MNQ,NQ.c.0,alcista,11988.75,11962.5,largo,2020-11-20 09:25:00+00:00,2020-11-20 09:35:00+00:00,11992.25,11988.5,2020-11-20 09:40:00+00:00,2020-11-20 09:40:00+00:00,11991.75,11992.0,11988.0,12000.0,11,48365.62000000005,120.91405000000013,118.14,107.14,88.0,2020-11-20 09:50:00+00:00,11988.0,11987.75,stop,-82.5,13.64,11.0,-107.14,-1.2175,3,,alta,desarrollo
2020-12-01,MNQ,NQ.c.0,alcista,12387.5,12349.75,largo,2020-12-01 11:05:00+00:00,2020-12-01 11:10:00+00:00,12391.75,12387.75,2020-12-01 11:15:00+00:00,2020-12-01 11:15:00+00:00,12391.25,12391.5,12387.25,12400.0,10,48258.480000000054,120.64620000000014,112.4,102.4,85.0,2020-12-01 11:20:00+00:00,12387.25,12387.0,stop,-80.0,12.4,10.0,-102.4,-1.2047058823529413,2,,alta,desarrollo
2020-12-03,MNQ,NQ.c.0,alcista,12483.75,12468.25,largo,2020-12-03 12:00:00+00:00,2020-12-03 12:05:00+00:00,12484.25,12484.25,2020-12-03 12:10:00+00:00,2020-12-03 12:10:00+00:00,12485.0,12485.25,12483.75,12488.25,37,48156.08000000005,120.39020000000014,119.88000000000001,175.38,111.0,2020-12-03 12:10:00+00:00,12483.75,12483.5,stop,-92.5,45.88,37.0,-175.38,-1.5799999999999998,1,riesgo real 175.38 > presupuesto 120.39 (la apertura se alejó del cierre del retesteo),media,desarrollo
2020-12-08,MNQ,NQ.c.0,bajista,12592.0,12573.75,corto,2020-12-08 11:05:00+00:00,2020-12-08 11:10:00+00:00,12567.0,12573.75,2020-12-08 11:15:00+00:00,2020-12-08 11:15:00+00:00,12567.25,12567.0,12574.25,12552.5,7,47980.700000000055,119.95175000000015,117.17999999999999,113.68,101.5,2020-12-08 11:30:00+00:00,12552.5,12552.5,objetivo,206.5,8.68,3.5,194.32,1.9144827586206896,4,,media,desarrollo
2021-01-04,MNQ,NQ.c.0,alcista,12953.0,12922.5,largo,2021-01-04 09:30:00+00:00,2021-01-04 09:35:00+00:00,12955.75,12952.75,2021-01-04 09:40:00+00:00,2021-01-04 09:40:00+00:00,12956.5,12956.75,12952.25,12965.75,13,48175.020000000055,120.43755000000014,120.12,139.62,117.0,2021-01-04 09:45:00+00:00,12952.25,12952.0,stop,-110.5,16.12,13.0,-139.62,-1.1933333333333334,2,riesgo real 139.62 > presupuesto 120.44 (la apertura se alejó del cierre del retesteo),baja,desarrollo
2021-01-08,MNQ,NQ.c.0,alcista,12993.0,12966.0,largo,2021-01-08 12:10:00+00:00,2021-01-08 12:15:00+00:00,12996.0,12992.5,2021-01-08 12:20:00+00:00,2021-01-08 12:20:00+00:00,12996.5,12996.75,12992.0,13006.25,11,48035.40000000005,120.08850000000014,112.64,123.64,104.5,2021-01-08 12:35:00+00:00,12992.0,12991.75,stop,-99.0,13.64,11.0,-123.64,-1.1831578947368422,4,riesgo real 123.64 > presupuesto 120.09 (la apertura se alejó del cierre del retesteo),media,desarrollo
2021-01-20,MNQ,NQ.c.0,alcista,13090.0,13046.0,largo,2021-01-20 10:40:00+00:00,2021-01-20 10:50:00+00:00,13095.75,13090.0,2021-01-20 10:55:00+00:00,2021-01-20 10:55:00+00:00,13095.75,13096.0,13089.5,13109.0,8,47911.76000000005,119.77940000000014,117.92,117.92,104.0,2021-01-20 11:05:00+00:00,13089.5,13089.25,stop,-100.0,9.92,8.0,-117.92,-1.133846153846154,3,,media,desarrollo
2021-02-02,MNQ,NQ.c.0,alcista,13363.75,13301.75,largo,2021-02-02 09:40:00+00:00,2021-02-02 09:50:00+00:00,13369.5,13364.0,2021-02-02 09:55:00+00:00,2021-02-02 09:55:00+00:00,13369.25,13369.5,13363.5,13381.5,8,47793.840000000055,119.48460000000014,113.92,109.92,96.0,2021-02-02 10:00:00+00:00,13363.5,13363.25,stop,-92.0,9.92,8.0,-109.92,-1.145,2,,media,desarrollo
2021-02-15,MNQ,NQ.c.0,alcista,13844.25,13832.5,largo,2021-02-15 10:15:00+00:00,2021-02-15 10:20:00+00:00,13846.75,13844.25,2021-02-15 10:25:00+00:00,2021-02-15 10:25:00+00:00,13846.5,13846.75,13843.75,13852.75,14,47683.92000000006,119.20980000000014,115.36,108.36,84.0,2021-02-15 10:30:00+00:00,13843.75,13843.5,stop,-77.0,17.36,14.0,-108.36,-1.29,2,,media,desarrollo
2021-02-26,MNQ,NQ.c.0,bajista,12915.75,12752.25,corto,2021-02-26 11:35:00+00:00,2021-02-26 11:40:00+00:00,12735.5,12752.25,2021-02-26 11:45:00+00:00,2021-02-26 11:45:00+00:00,12735.0,12734.75,12752.75,12698.75,3,47575.560000000056,118.93890000000015,110.22,113.22,108.0,2021-02-26 11:50:00+00:00,12752.75,12753.0,stop,-106.5,3.7199999999999998,3.0,-113.22,-1.0483333333333333,2,,media,desarrollo
2021-03-02,MNQ,NQ.c.0,alcista,13245.25,13166.25,largo,2021-03-02 12:00:00+00:00,2021-03-02 12:05:00+00:00,13250.75,13245.0,2021-03-02 12:10:00+00:00,2021-03-02 12:10:00+00:00,13250.75,13251.0,13244.5,13264.0,8,47462.340000000055,118.65585000000014,117.92,117.92,104.0,2021-03-02 12:15:00+00:00,13244.5,13244.25,stop,-100.0,9.92,8.0,-117.92,-1.133846153846154,2,,media,desarrollo
2021-03-03,MNQ,NQ.c.0,bajista,13192.0,13157.0,corto,2021-03-03 09:35:00+00:00,2021-03-03 09:45:00+00:00,13150.25,13157.5,2021-03-03 09:50:00+00:00,2021-03-03 09:50:00+00:00,13150.5,13150.25,13158.0,13134.75,6,47344.42000000006,118.36105000000015,106.44,103.44,93.0,2021-03-03 10:35:00+00:00,13134.75,13134.75,objetivo,189.0,7.4399999999999995,3.0,178.56,1.92,10,,media,desarrollo
2021-03-19,MNQ,NQ.c.0,bajista,12919.0,12872.25,corto,2021-03-19 11:05:00+00:00,2021-03-19 11:10:00+00:00,12863.5,12872.25,2021-03-19 11:15:00+00:00,2021-03-19 11:15:00+00:00,12861.75,12861.5,12872.75,12839.0,5,47522.980000000054,118.80745000000013,103.69999999999999,121.19999999999999,112.5,2021-03-19 11:25:00+00:00,12839.0,12839.0,objetivo,227.5,6.2,2.5,218.8,1.944888888888889,3,riesgo real 121.20 > presupuesto 118.81 (la apertura se alejó del cierre del retesteo),alta,desarrollo
2021-03-31,MNQ,NQ.c.0,alcista,12899.25,12870.0,largo,2021-03-31 09:00:00+01:00,2021-03-31 09:05:00+01:00,12900.5,12899.75,2021-03-31 09:10:00+01:00,2021-03-31 09:10:00+01:00,12900.75,12901.0,12899.25,12904.5,25,47741.78000000006,119.35445000000014,118.5,131.0,87.5,2021-03-31 09:10:00+01:00,12899.25,12899.0,stop,-75.0,31.0,25.0,-131.0,-1.497142857142857,1,riesgo real 131.00 > presupuesto 119.35 (la apertura se alejó del cierre del retesteo),alta,desarrollo
2021-05-06,MNQ,NQ.c.0,bajista,13570.5,13515.75,corto,2021-05-06 10:25:00+01:00,2021-05-06 10:30:00+01:00,13506.5,13516.0,2021-05-06 10:35:00+01:00,2021-05-06 10:35:00+01:00,13506.5,13506.25,13516.5,13485.75,5,47610.78000000006,119.02695000000014,111.19999999999999,111.19999999999999,102.5,2021-05-06 10:55:00+01:00,13516.5,13516.75,stop,-100.0,6.2,5.0,-111.2,-1.0848780487804879,5,,media,desarrollo
2021-05-07,MNQ,NQ.c.0,alcista,13624.75,13588.25,largo,2021-05-07 10:25:00+01:00,2021-05-07 10:30:00+01:00,13627.5,13625.25,2021-05-07 10:35:00+01:00,2021-05-07 10:35:00+01:00,13627.5,13627.75,13624.75,13633.75,15,47499.58000000006,118.74895000000015,116.10000000000001,116.10000000000001,90.0,2021-05-07 10:35:00+01:00,13624.75,13624.5,stop,-82.5,18.6,15.0,-116.1,-1.29,1,,media,desarrollo
2021-05-10,MNQ,NQ.c.0,alcista,13683.0,13636.5,largo,2021-05-10 09:15:00+01:00,2021-05-10 09:20:00+01:00,13685.25,13683.5,2021-05-10 09:25:00+01:00,2021-05-10 09:25:00+01:00,13685.0,13685.25,13683.0,13689.75,17,47383.48000000006,118.45870000000015,114.58,106.08,76.5,2021-05-10 09:25:00+01:00,13683.0,13682.75,stop,-68.0,21.08,17.0,-106.08,-1.3866666666666667,1,,media,desarrollo
2021-06-01,MNQ,NQ.c.0,alcista,13717.75,13696.0,largo,2021-06-01 09:40:00+01:00,2021-06-01 09:50:00+01:00,13727.0,13717.5,2021-06-01 09:55:00+01:00,2021-06-01 09:55:00+01:00,13727.0,13727.25,13717.0,13747.75,5,47277.40000000006,118.19350000000016,111.19999999999999,111.19999999999999,102.5,2021-06-01 10:45:00+01:00,13747.75,13747.75,objetivo,207.5,6.2,2.5,198.8,1.9395121951219514,11,,media,desarrollo
2021-07-05,MNQ,NQ.c.0,alcista,14697.75,14674.5,largo,2021-07-05 10:40:00+01:00,2021-07-05 10:45:00+01:00,14699.75,14697.5,2021-07-05 10:50:00+01:00,2021-07-05 10:50:00+01:00,14699.0,14699.25,14697.0,14703.75,15,47476.20000000006,118.69050000000016,116.10000000000001,93.60000000000001,67.5,2021-07-05 10:50:00+01:00,14697.0,14696.75,stop,-60.0,18.6,15.0,-93.6,-1.3866666666666665,1,,baja,desarrollo
2021-07-06,MNQ,NQ.c.0,alcista,14700.75,14671.0,largo,2021-07-06 10:05:00+01:00,2021-07-06 10:10:00+01:00,14707.25,14700.75,2021-07-06 10:15:00+01:00,2021-07-06 10:15:00+01:00,14707.5,14707.75,14700.25,14722.75,7,47382.600000000064,118.45650000000016,113.68,117.17999999999999,105.0,2021-07-06 10:30:00+01:00,14700.25,14700.0,stop,-101.5,8.68,7.0,-117.18,-1.116,4,,baja,desarrollo
2021-07-07,MNQ,NQ.c.0,alcista,14842.25,14781.25,largo,2021-07-07 09:00:00+01:00,2021-07-07 09:05:00+01:00,14849.75,14841.75,2021-07-07 09:10:00+01:00,2021-07-07 09:10:00+01:00,14849.75,14850.0,14841.25,14867.5,6,47265.420000000064,118.16355000000016,115.44,115.44,105.0,2021-07-07 09:30:00+01:00,14841.25,14841.0,stop,-102.0,7.4399999999999995,6.0,-115.44,-1.0994285714285714,5,,baja,desarrollo
2021-08-10,MNQ,NQ.c.0,alcista,15140.75,15116.75,largo,2021-08-10 11:20:00+01:00,2021-08-10 11:25:00+01:00,15143.75,15140.25,2021-08-10 11:30:00+01:00,2021-08-10 11:30:00+01:00,15144.0,15144.25,15139.75,15153.25,11,47149.98000000006,117.87495000000015,112.64,118.14,99.0,2021-08-10 11:40:00+01:00,15139.75,15139.5,stop,-93.5,13.64,11.0,-118.14,-1.1933333333333334,3,riesgo real 118.14 > presupuesto 117.87 (la apertura se alejó del cierre del retesteo),baja,desarrollo
2021-09-14,MNQ,NQ.c.0,alcista,15437.75,15398.25,largo,2021-09-14 11:10:00+01:00,2021-09-14 11:20:00+01:00,15438.5,15438.0,2021-09-14 11:25:00+01:00,2021-09-14 11:25:00+01:00,15438.25,15438.5,15437.5,15440.5,27,47031.84000000006,117.57960000000016,114.48,100.98,54.0,2021-09-14 11:25:00+01:00,15440.5,15440.5,objetivo,121.5,33.48,13.5,74.52000000000001,1.3800000000000001,1,,baja,desarrollo
2021-09-24,MNQ,NQ.c.0,bajista,15254.75,15216.0,corto,2021-09-24 12:40:00+01:00,2021-09-24 12:45:00+01:00,15215.75,15216.25,2021-09-24 12:50:00+01:00,2021-09-24 12:50:00+01:00,15215.75,15215.5,15216.75,15213.0,27,47106.36000000006,117.76590000000014,114.48,114.48,67.5,2021-09-24 12:50:00+01:00,15213.0,15213.0,objetivo,148.5,33.48,13.5,101.52000000000001,1.5040000000000002,1,,baja,desarrollo
2021-10-05,MNQ,NQ.c.0,alcista,14538.5,14467.0,largo,2021-10-05 10:50:00+01:00,2021-10-05 10:55:00+01:00,14542.0,14538.25,2021-10-05 11:00:00+01:00,2021-10-05 11:00:00+01:00,14542.0,14542.25,14537.75,14551.25,10,47207.880000000056,118.01970000000014,107.4,107.4,90.0,2021-10-05 11:00:00+01:00,14537.75,14537.5,stop,-85.0,12.4,10.0,-107.4,-1.1933333333333334,1,,media,desarrollo
2021-10-07,MNQ,NQ.c.0,alcista,14898.25,14865.25,largo,2021-10-07 11:50:00+01:00,2021-10-07 11:55:00+01:00,14911.5,14898.25,2021-10-07 12:00:00+01:00,2021-10-07 12:00:00+01:00,14912.0,14912.25,14897.75,14941.25,3,47100.480000000054,117.75120000000014,89.22,92.22,87.0,2021-10-07 12:30:00+01:00,14941.25,14941.25,objetivo,175.5,3.7199999999999998,1.5,170.28,1.957241379310345,7,,media,desarrollo
2021-10-14,MNQ,NQ.c.0,alcista,14880.0,14848.5,largo,2021-10-14 09:05:00+01:00,2021-10-14 09:10:00+01:00,14893.5,14880.25,2021-10-14 09:15:00+01:00,2021-10-14 09:15:00+01:00,14893.5,14893.75,14879.75,14921.75,3,47270.76000000005,118.17690000000013,89.22,89.22,84.0,2021-10-14 09:25:00+01:00,14879.75,14879.5,stop,-82.5,3.7199999999999998,3.0,-89.22,-1.062142857142857,3,,media,desarrollo
2021-10-19,MNQ,NQ.c.0,alcista,15328.5,15297.25,largo,2021-10-19 10:35:00+01:00,2021-10-19 10:40:00+01:00,15335.0,15329.0,2021-10-19 10:45:00+01:00,2021-10-19 10:45:00+01:00,15334.75,15335.0,15328.5,15348.0,7,47181.54000000005,117.95385000000013,106.68,103.18,91.0,2021-10-19 10:55:00+01:00,15328.5,15328.25,stop,-87.5,8.68,7.0,-103.18,-1.133846153846154,3,,media,desarrollo
2021-11-19,MNQ,NQ.c.0,alcista,16566.0,16545.75,largo,2021-11-19 09:15:00+00:00,2021-11-19 09:20:00+00:00,16566.75,16566.0,2021-11-19 09:25:00+00:00,2021-11-19 09:25:00+00:00,16567.0,16567.25,16565.5,16570.75,24,47078.36000000005,117.69590000000014,113.76,125.76,84.0,2021-11-19 09:25:00+00:00,16565.5,16565.25,stop,-72.0,29.759999999999998,24.0,-125.75999999999999,-1.497142857142857,1,riesgo real 125.76 > presupuesto 117.70 (la apertura se alejó del cierre del retesteo),baja,desarrollo
2021-12-13,MNQ,NQ.c.0,alcista,16374.75,16343.5,largo,2021-12-13 09:00:00+00:00,2021-12-13 09:10:00+00:00,16391.0,16375.25,2021-12-13 09:15:00+00:00,2021-12-13 09:15:00+00:00,16392.5,16392.75,16374.75,16428.75,3,46952.60000000005,117.38150000000013,104.22,113.22,108.0,2021-12-13 14:00:00+00:00,16374.75,16374.5,stop,-106.5,3.7199999999999998,3.0,-113.22,-1.0483333333333333,58,,media,desarrollo
2021-12-16,MNQ,NQ.c.0,alcista,16414.75,16368.25,largo,2021-12-16 11:05:00+00:00,2021-12-16 11:10:00+00:00,16425.0,16415.0,2021-12-16 11:15:00+00:00,2021-12-16 11:15:00+00:00,16425.25,16425.5,16414.5,16447.5,5,46839.38000000005,117.09845000000013,116.19999999999999,118.69999999999999,110.0,2021-12-16 11:25:00+00:00,16447.5,16447.5,objetivo,222.5,6.2,2.5,213.8,1.9436363636363638,3,riesgo real 118.70 > presupuesto 117.10 (la apertura se alejó del cierre del retesteo),media,desarrollo
2021-12-23,MNQ,NQ.c.0,alcista,16184.0,16145.25,largo,2021-12-23 10:20:00+00:00,2021-12-23 10:30:00+00:00,16185.5,16184.5,2021-12-23 10:35:00+00:00,2021-12-23 10:35:00+00:00,16186.0,16186.25,16184.0,16190.75,22,47053.18000000005,117.63295000000014,115.28,137.28,99.0,2021-12-23 10:35:00+00:00,16190.75,16190.75,objetivo,209.0,27.28,11.0,170.72,1.7244444444444444,1,riesgo real 137.28 > presupuesto 117.63 (la apertura se alejó del cierre del retesteo),alta,desarrollo
2022-02-09,MNQ,NQ.c.0,alcista,14864.75,14770.75,largo,2022-02-09 11:15:00+00:00,2022-02-09 11:20:00+00:00,14866.25,14865.0,2022-02-09 11:25:00+00:00,2022-02-09 11:25:00+00:00,14866.0,14866.25,14864.5,14869.75,20,47223.90000000005,118.05975000000014,114.80000000000001,104.80000000000001,70.0,2022-02-09 11:25:00+00:00,14869.75,14869.75,objetivo,150.0,24.8,10.0,115.2,1.6457142857142857,1,,alta,desarrollo
2022-03-25,MNQ,NQ.c.0,alcista,14787.0,14693.25,largo,2022-03-25 11:15:00+00:00,2022-03-25 11:20:00+00:00,14806.5,14787.5,2022-03-25 11:25:00+00:00,2022-03-25 11:25:00+00:00,14807.25,14807.5,14787.0,14848.5,2,47339.10000000005,118.34775000000013,82.48,85.48,82.0,2022-03-25 13:10:00+00:00,14787.0,14786.75,stop,-81.0,2.48,2.0,-85.48,-1.042439024390244,22,,alta,desarrollo
2022-03-31,MNQ,NQ.c.0,bajista,15180.75,15136.0,corto,2022-03-31 10:00:00+01:00,2022-03-31 10:05:00+01:00,15131.25,15136.0,2022-03-31 10:10:00+01:00,2022-03-31 10:10:00+01:00,15132.0,15131.75,15136.5,15122.25,9,47253.620000000046,118.13405000000012,114.66,101.16,85.5,2022-03-31 10:15:00+01:00,15136.5,15136.75,stop,-81.0,11.16,9.0,-101.16,-1.183157894736842,2,,alta,desarrollo
2022-04-06,MNQ,NQ.c.0,bajista,14841.5,14731.5,corto,2022-04-06 10:20:00+01:00,2022-04-06 10:25:00+01:00,14722.25,14731.0,2022-04-06 10:30:00+01:00,2022-04-06 10:30:00+01:00,14722.0,14721.75,14731.5,14702.25,5,47152.46000000004,117.8811500000001,103.69999999999999,106.19999999999999,97.5,2022-04-06 10:40:00+01:00,14702.25,14702.25,objetivo,197.5,6.2,2.5,188.8,1.9364102564102565,3,,alta,desarrollo
2022-05-12,MNQ,NQ.c.0,bajista,11972.0,11845.0,corto,2022-05-12 09:45:00+01:00,2022-05-12 09:50:00+01:00,11839.5,11844.75,2022-05-12 09:55:00+01:00,2022-05-12 09:55:00+01:00,11839.25,11839.0,11845.25,11826.5,8,47341.260000000046,118.35315000000011,109.92,113.92,100.0,2022-05-12 09:55:00+01:00,11845.25,11845.5,stop,-96.0,9.92,8.0,-113.92,-1.1392,1,,alta,desarrollo
2022-05-24,MNQ,NQ.c.0,alcista,11822.25,11755.75,largo,2022-05-24 10:50:00+01:00,2022-05-24 10:55:00+01:00,11825.75,11822.25,2022-05-24 11:00:00+01:00,2022-05-24 11:00:00+01:00,11826.5,11826.75,11821.75,11836.75,11,47227.34000000005,118.06835000000012,112.64,129.14000000000001,110.0,2022-05-24 11:00:00+01:00,11821.75,11821.5,stop,-104.5,13.64,11.0,-129.14,-1.174,1,riesgo real 129.14 > presupuesto 118.07 (la apertura se alejó del cierre del retesteo),alta,desarrollo
2022-05-30,MNQ,NQ.c.0,alcista,12863.5,12831.25,largo,2022-05-30 10:25:00+01:00,2022-05-30 10:30:00+01:00,12864.25,12863.25,2022-05-30 10:35:00+01:00,2022-05-30 10:35:00+01:00,12865.25,12865.5,12862.75,12871.0,22,47098.20000000005,117.74550000000012,115.28,159.28,121.0,2022-05-30 10:35:00+01:00,12871.0,12871.0,objetivo,253.0,27.28,11.0,214.72,1.7745454545454544,1,riesgo real 159.28 > presupuesto 117.75 (la apertura se alejó del cierre del retesteo),alta,desarrollo
2022-06-14,MNQ,NQ.c.0,bajista,11491.75,11410.0,corto,2022-06-14 09:45:00+01:00,2022-06-14 09:50:00+01:00,11395.75,11410.0,2022-06-14 09:55:00+01:00,2022-06-14 09:55:00+01:00,11396.75,11396.5,11410.5,11368.5,3,47312.92000000005,118.28230000000012,95.22,89.22,84.0,2022-06-14 11:00:00+01:00,11368.5,11368.5,objetivo,169.5,3.7199999999999998,1.5,164.28,1.9557142857142857,14,,alta,desarrollo
2022-07-04,MNQ,NQ.c.0,alcista,11569.0,11513.0,largo,2022-07-04 10:45:00+01:00,2022-07-04 10:50:00+01:00,11574.25,11569.0,2022-07-04 10:55:00+01:00,2022-07-04 10:55:00+01:00,11575.5,11575.75,11568.5,11590.25,8,47477.20000000005,118.69300000000013,109.92,129.92000000000002,116.0,2022-07-04 10:55:00+01:00,11568.5,11568.25,stop,-112.0,9.92,8.0,-129.92,-1.1199999999999999,1,riesgo real 129.92 > presupuesto 118.69 (la apertura se alejó del cierre del retesteo),alta,desarrollo
2022-07-07,MNQ,NQ.c.0,alcista,11939.25,11894.25,largo,2022-07-07 09:20:00+01:00,2022-07-07 09:30:00+01:00,11940.25,11939.25,2022-07-07 09:35:00+01:00,2022-07-07 09:35:00+01:00,11940.0,11940.25,11938.75,11943.25,22,47347.28000000005,118.36820000000013,115.28,104.28,66.0,2022-07-07 09:35:00+01:00,11938.75,11938.5,stop,-55.0,27.28,22.0,-104.28,-1.58,1,,alta,desarrollo
2022-09-09,MNQ,NQ.c.0,alcista,12455.0,12377.0,largo,2022-09-09 11:30:00+01:00,2022-09-09 11:35:00+01:00,12464.75,12455.5,2022-09-09 11:40:00+01:00,2022-09-09 11:40:00+01:00,12464.25,12464.5,12455.0,12483.5,5,47243.00000000005,118.10750000000013,108.69999999999999,103.69999999999999,95.0,2022-09-09 12:00:00+01:00,12455.0,12454.75,stop,-92.5,6.2,5.0,-103.7,-1.091578947368421,5,,alta,desarrollo
2022-09-12,MNQ,NQ.c.0,alcista,12668.0,12620.75,largo,2022-09-12 12:40:00+01:00,2022-09-12 12:50:00+01:00,12675.5,12667.75,2022-09-12 12:55:00+01:00,2022-09-12 12:55:00+01:00,12676.25,12676.5,12667.25,12695.0,6,47139.300000000054,117.84825000000014,112.44,121.44,111.0,2022-09-12 13:00:00+01:00,12667.25,12667.0,stop,-108.0,7.4399999999999995,6.0,-121.44,-1.094054054054054,2,riesgo real 121.44 > presupuesto 117.85 (la apertura se alejó del cierre del retesteo),alta,desarrollo
2022-09-16,MNQ,NQ.c.0,bajista,11832.5,11806.75,corto,2022-09-16 09:20:00+01:00,2022-09-16 09:25:00+01:00,11794.25,11806.5,2022-09-16 09:30:00+01:00,2022-09-16 09:30:00+01:00,11796.75,11796.5,11807.0,11775.5,4,47017.86000000005,117.54465000000013,110.96,90.96,84.0,2022-09-16 10:00:00+01:00,11807.0,11807.25,stop,-82.0,4.96,4.0,-90.96,-1.0828571428571427,7,,alta,desarrollo
2022-10-19,MNQ,NQ.c.0,bajista,11261.0,11202.0,corto,2022-10-19 09:15:00+01:00,2022-10-19 09:20:00+01:00,11185.0,11202.5,2022-10-19 09:25:00+01:00,2022-10-19 09:25:00+01:00,11185.25,11185.0,11203.0,11149.0,3,46926.90000000005,117.31725000000013,114.72,113.22,108.0,2022-10-19 09:30:00+01:00,11203.0,11203.25,stop,-106.5,3.7199999999999998,3.0,-113.22,-1.0483333333333333,2,,alta,desarrollo
2022-11-28,MNQ,NQ.c.0,bajista,11729.25,11683.25,corto,2022-11-28 11:15:00+00:00,2022-11-28 11:20:00+00:00,11680.0,11683.75,2022-11-28 11:25:00+00:00,2022-11-28 11:25:00+00:00,11680.0,11679.75,11684.25,11670.75,10,46813.68000000005,117.03420000000013,107.4,107.4,90.0,2022-11-28 11:25:00+00:00,11684.25,11684.5,stop,-85.0,12.4,10.0,-107.4,-1.1933333333333334,1,,alta,desarrollo
2022-12-16,MNQ,NQ.c.0,bajista,11326.0,11221.25,corto,2022-12-16 09:10:00+00:00,2022-12-16 09:15:00+00:00,11220.25,11221.5,2022-12-16 09:20:00+00:00,2022-12-16 09:20:00+00:00,11219.5,11219.25,11222.0,11213.75,20,46706.28000000005,116.76570000000012,114.80000000000001,144.8,110.0,2022-12-16 09:20:00+00:00,11222.0,11222.25,stop,-100.0,24.8,20.0,-144.8,-1.3163636363636364,1,riesgo real 144.80 > presupuesto 116.77 (la apertura se alejó del cierre del retesteo),alta,desarrollo
2023-01-03,MNQ,NQ.c.0,alcista,11133.0,11064.25,largo,2023-01-03 10:30:00+00:00,2023-01-03 10:40:00+00:00,11141.0,11133.5,2023-01-03 10:45:00+00:00,2023-01-03 10:45:00+00:00,11141.0,11141.25,11133.0,11157.75,6,46561.48000000005,116.40370000000011,109.44,109.44,99.0,2023-01-03 11:10:00+00:00,11133.0,11132.75,stop,-96.0,7.4399999999999995,6.0,-109.44,-1.1054545454545455,6,,alta,desarrollo
2023-01-06,MNQ,NQ.c.0,bajista,10835.25,10811.0,corto,2023-01-06 10:25:00+00:00,2023-01-06 10:30:00+00:00,10808.5,10811.5,2023-01-06 10:35:00+00:00,2023-01-06 10:35:00+00:00,10808.25,10808.0,10812.0,10800.0,12,46452.040000000045,116.13010000000011,110.88,116.88,96.0,2023-01-06 10:35:00+00:00,10812.0,10812.25,stop,-90.0,14.879999999999999,12.0,-116.88,-1.2175,1,riesgo real 116.88 > presupuesto 116.13 (la apertura se alejó del cierre del retesteo),alta,desarrollo
2023-01-12,MNQ,NQ.c.0,alcista,11473.5,11451.0,largo,2023-01-12 12:10:00+00:00,2023-01-12 12:20:00+00:00,11478.5,11473.5,2023-01-12 12:25:00+00:00,2023-01-12 12:25:00+00:00,11478.75,11479.0,11473.0,11491.0,8,46335.16000000005,115.83790000000012,105.92,109.92,96.0,2023-01-12 12:50:00+00:00,11491.0,11491.0,objetivo,196.0,9.92,4.0,182.08,1.8966666666666667,6,,alta,desarrollo
2023-01-18,MNQ,NQ.c.0,alcista,11662.0,11614.0,largo,2023-01-18 12:40:00+00:00,2023-01-18 12:45:00+00:00,11663.0,11662.0,2023-01-18 12:50:00+00:00,2023-01-18 12:50:00+00:00,11662.25,11662.5,11661.5,11664.5,22,46517.24000000005,116.29310000000012,115.28,82.28,44.0,2023-01-18 12:50:00+00:00,11664.5,11664.5,objetivo,99.0,27.28,11.0,60.72,1.38,1,,alta,desarrollo
2023-02-06,MNQ,NQ.c.0,bajista,12576.25,12530.5,corto,2023-02-06 09:10:00+00:00,2023-02-06 09:25:00+00:00,12522.75,12530.25,2023-02-06 09:30:00+00:00,2023-02-06 09:30:00+00:00,12523.0,12522.75,12530.75,12506.75,6,46577.96000000005,116.44490000000013,109.44,106.44,96.0,2023-02-06 09:30:00+00:00,12530.75,12531.0,stop,-93.0,7.4399999999999995,6.0,-106.44,-1.10875,1,,alta,desarrollo
2023-02-14,MNQ,NQ.c.0,alcista,12559.0,12523.5,largo,2023-02-14 09:50:00+00:00,2023-02-14 09:55:00+00:00,12561.0,12558.75,2023-02-14 10:00:00+00:00,2023-02-14 10:00:00+00:00,12561.0,12561.25,12558.25,12567.25,15,46471.52000000005,116.17880000000012,116.10000000000001,116.10000000000001,90.0,2023-02-14 10:00:00+00:00,12558.25,12558.0,stop,-82.5,18.6,15.0,-116.1,-1.29,1,,media,desarrollo
2023-04-05,MNQ,NQ.c.0,bajista,13230.0,13193.5,corto,2023-04-05 11:10:00+01:00,2023-04-05 11:20:00+01:00,13190.25,13193.25,2023-04-05 11:25:00+01:00,2023-04-05 11:25:00+01:00,13190.5,13190.25,13193.75,13183.25,12,46355.42000000005,115.88855000000012,110.88,104.88,84.0,2023-04-05 11:25:00+01:00,13193.75,13194.0,stop,-78.0,14.879999999999999,12.0,-104.88,-1.2485714285714284,1,,media,validacion
2023-04-11,MNQ,NQ.c.0,alcista,13179.75,13152.25,largo,2023-04-11 09:10:00+01:00,2023-04-11 09:15:00+01:00,13182.0,13179.25,2023-04-11 09:20:00+01:00,2023-04-11 09:20:00+01:00,13182.0,13182.25,13178.75,13189.25,13,46250.54000000005,115.62635000000013,113.62,113.62,91.0,2023-04-11 09:25:00+01:00,13178.75,13178.5,stop,-84.5,16.12,13.0,-113.62,-1.2485714285714287,2,,media,validacion
2023-04-13,MNQ,NQ.c.0,bajista,13007.0,12982.75,corto,2023-04-13 11:10:00+01:00,2023-04-13 11:15:00+01:00,12977.0,12982.5,2023-04-13 11:20:00+01:00,2023-04-13 11:20:00+01:00,12977.0,12976.75,12983.0,12964.25,8,46136.92000000005,115.34230000000012,113.92,113.92,100.0,2023-04-13 11:30:00+01:00,12983.0,12983.25,stop,-96.0,9.92,8.0,-113.92,-1.1392,3,,media,validacion
2023-04-21,MNQ,NQ.c.0,bajista,13072.75,13037.5,corto,2023-04-21 11:30:00+01:00,2023-04-21 11:35:00+01:00,13026.0,13037.75,2023-04-21 11:40:00+01:00,2023-04-21 11:40:00+01:00,13026.25,13026.0,13038.25,13001.5,4,46023.00000000005,115.05750000000013,106.96,104.96,98.0,2023-04-21 13:10:00+01:00,13038.25,13038.5,stop,-96.0,4.96,4.0,-104.96,-1.0710204081632653,19,,media,validacion
2023-04-28,MNQ,NQ.c.0,bajista,13210.75,13180.75,corto,2023-04-28 10:05:00+01:00,2023-04-28 10:10:00+01:00,13178.25,13180.75,2023-04-28 10:15:00+01:00,2023-04-28 10:15:00+01:00,13178.0,13177.75,13181.25,13170.75,13,45918.04000000005,114.79510000000013,107.12,113.62,91.0,2023-04-28 10:15:00+01:00,13181.25,13181.5,stop,-84.5,16.12,13.0,-113.62,-1.2485714285714287,1,,baja,validacion
2023-05-10,MNQ,NQ.c.0,bajista,13285.75,13222.75,corto,2023-05-10 09:00:00+01:00,2023-05-10 09:10:00+01:00,13219.0,13223.25,2023-05-10 09:15:00+01:00,2023-05-10 09:15:00+01:00,13218.75,13218.5,13223.75,13208.0,9,45804.42000000005,114.51105000000013,105.66,110.16,94.5,2023-05-10 09:15:00+01:00,13223.75,13224.0,stop,-90.0,11.16,9.0,-110.16,-1.1657142857142857,1,,baja,validacion
2023-05-11,MNQ,NQ.c.0,alcista,13456.75,13418.75,largo,2023-05-11 10:30:00+01:00,2023-05-11 10:35:00+01:00,13457.75,13457.0,2023-05-11 10:40:00+01:00,2023-05-11 10:40:00+01:00,13457.75,13458.0,13456.5,13461.0,24,45694.260000000046,114.23565000000012,113.76,113.76,72.0,2023-05-11 10:40:00+01:00,13456.5,13456.25,stop,-60.0,29.759999999999998,24.0,-113.75999999999999,-1.5799999999999998,1,,media,validacion
2023-05-17,MNQ,NQ.c.0,alcista,13506.0,13474.25,largo,2023-05-17 10:50:00+01:00,2023-05-17 10:55:00+01:00,13510.75,13506.25,2023-05-17 11:00:00+01:00,2023-05-17 11:00:00+01:00,13511.25,13511.5,13505.75,13523.0,9,45580.500000000044,113.95125000000012,110.16,119.16,103.5,2023-05-17 11:00:00+01:00,13505.75,13505.5,stop,-99.0,11.16,9.0,-119.16,-1.151304347826087,1,riesgo real 119.16 > presupuesto 113.95 (la apertura se alejó del cierre del retesteo),baja,validacion
2023-05-26,MNQ,NQ.c.0,alcista,13984.5,13943.75,largo,2023-05-26 09:40:00+01:00,2023-05-26 09:45:00+01:00,13989.75,13984.5,2023-05-26 09:50:00+01:00,2023-05-26 09:50:00+01:00,13989.0,13989.25,13984.0,13999.75,8,45461.34000000004,113.6533500000001,109.92,97.92,84.0,2023-05-26 10:05:00+01:00,13984.0,13983.75,stop,-80.0,9.92,8.0,-97.92,-1.1657142857142857,4,,baja,validacion
2023-06-09,MNQ,NQ.c.0,alcista,14500.0,14460.25,largo,2023-06-09 11:00:00+01:00,2023-06-09 11:05:00+01:00,14505.25,14500.0,2023-06-09 11:10:00+01:00,2023-06-09 11:10:00+01:00,14505.5,14505.75,14499.5,14518.25,8,45363.42000000004,113.4085500000001,109.92,113.92,100.0,2023-06-09 11:10:00+01:00,14499.5,14499.25,stop,-96.0,9.92,8.0,-113.92,-1.1392,1,riesgo real 113.92 > presupuesto 113.41 (la apertura se alejó del cierre del retesteo),baja,validacion
2023-06-28,MNQ,NQ.c.0,alcista,15077.5,15045.5,largo,2023-06-28 12:10:00+01:00,2023-06-28 12:20:00+01:00,15078.0,15077.0,2023-06-28 12:25:00+01:00,2023-06-28 12:25:00+01:00,15079.0,15079.25,15076.5,15084.75,21,45249.500000000044,113.12375000000011,110.04,152.04,115.5,2023-06-28 12:25:00+01:00,15076.5,15076.25,stop,-105.0,26.04,21.0,-152.04,-1.3163636363636364,1,riesgo real 152.04 > presupuesto 113.12 (la apertura se alejó del cierre del retesteo),media,validacion
2023-07-04,MNQ,NQ.c.0,bajista,15361.0,15346.75,corto,2023-07-04 11:30:00+01:00,2023-07-04 11:35:00+01:00,15346.25,15347.0,2023-07-04 11:40:00+01:00,2023-07-04 11:40:00+01:00,15346.5,15346.25,15347.5,15343.75,23,45097.46000000004,112.74365000000012,109.02000000000001,97.52000000000001,57.5,2023-07-04 11:40:00+01:00,15347.5,15347.75,stop,-46.0,28.52,23.0,-97.52,-1.696,1,,media,validacion
2023-07-05,MNQ,NQ.c.0,bajista,15310.75,15287.5,corto,2023-07-05 10:15:00+01:00,2023-07-05 10:20:00+01:00,15274.0,15287.0,2023-07-05 10:25:00+01:00,2023-07-05 10:25:00+01:00,15274.25,15274.0,15287.5,15247.0,3,44999.940000000046,112.49985000000012,87.72,86.22,81.0,2023-07-05 11:45:00+01:00,15287.5,15287.75,stop,-79.5,3.7199999999999998,3.0,-86.22,-1.0644444444444445,17,,media,validacion
2023-07-12,MNQ,NQ.c.0,alcista,15299.25,15269.0,largo,2023-07-12 10:35:00+01:00,2023-07-12 10:40:00+01:00,15300.25,15299.0,2023-07-12 10:45:00+01:00,2023-07-12 10:45:00+01:00,15300.25,15300.5,15298.5,15304.5,19,44913.720000000045,112.28430000000012,109.06,109.06,76.0,2023-07-12 10:45:00+01:00,15298.5,15298.25,stop,-66.5,23.56,19.0,-109.06,-1.435,1,,baja,validacion
2023-07-13,MNQ,NQ.c.0,alcista,15532.75,15498.25,largo,2023-07-13 09:20:00+01:00,2023-07-13 09:30:00+01:00,15537.0,15532.75,2023-07-13 09:35:00+01:00,2023-07-13 09:35:00+01:00,15537.0,15537.25,15532.25,15547.25,9,44804.66000000005,112.01165000000012,105.66,105.66,90.0,2023-07-13 10:00:00+01:00,15547.25,15547.25,objetivo,184.5,11.16,4.5,168.84,1.8760000000000001,6,,baja,validacion
2023-07-14,MNQ,NQ.c.0,alcista,15723.5,15700.75,largo,2023-07-14 09:00:00+01:00,2023-07-14 09:05:00+01:00,15734.75,15723.75,2023-07-14 09:10:00+01:00,2023-07-14 09:10:00+01:00,15735.0,15735.25,15723.25,15759.25,4,44973.500000000044,112.43375000000012,100.96,102.96,96.0,2023-07-14 09:10:00+01:00,15723.25,15723.0,stop,-94.0,4.96,4.0,-102.96,-1.0725,1,,baja,validacion
2023-07-31,MNQ,NQ.c.0,alcista,15837.25,15807.0,largo,2023-07-31 10:45:00+01:00,2023-07-31 10:50:00+01:00,15843.25,15837.0,2023-07-31 10:55:00+01:00,2023-07-31 10:55:00+01:00,15843.25,15843.5,15836.5,15857.5,7,44870.540000000045,112.17635000000011,110.18,110.18,98.0,2023-07-31 10:55:00+01:00,15836.5,15836.25,stop,-94.5,8.68,7.0,-110.18,-1.1242857142857143,1,,baja,validacion
2023-08-07,MNQ,NQ.c.0,bajista,15466.5,15412.5,corto,2023-08-07 11:20:00+01:00,2023-08-07 11:35:00+01:00,15411.0,15412.25,2023-08-07 11:40:00+01:00,2023-08-07 11:40:00+01:00,15410.0,15409.75,15412.75,15403.75,19,44760.360000000044,111.9009000000001,109.06,147.06,114.0,2023-08-07 11:40:00+01:00,15412.75,15413.0,stop,-104.5,23.56,19.0,-147.06,-1.29,1,riesgo real 147.06 > presupuesto 111.90 (la apertura se alejó del cierre del retesteo),baja,validacion
2023-09-13,MNQ,NQ.c.0,bajista,15335.0,15290.0,corto,2023-09-13 09:55:00+01:00,2023-09-13 10:10:00+01:00,15288.75,15290.25,2023-09-13 10:15:00+01:00,2023-09-13 10:15:00+01:00,15288.5,15288.25,15290.75,15283.25,17,44613.30000000005,111.53325000000012,106.08,114.58,85.0,2023-09-13 10:15:00+01:00,15290.75,15291.0,stop,-76.5,21.08,17.0,-114.58,-1.348,1,riesgo real 114.58 > presupuesto 111.53 (la apertura se alejó del cierre del retesteo),media,validacion
2023-09-14,MNQ,NQ.c.0,alcista,15423.25,15401.25,largo,2023-09-14 11:35:00+01:00,2023-09-14 11:45:00+01:00,15425.75,15423.0,2023-09-14 11:50:00+01:00,2023-09-14 11:50:00+01:00,15425.0,15425.25,15422.5,15430.75,12,44498.720000000045,111.24680000000012,104.88,86.88,66.0,2023-09-14 11:50:00+01:00,15422.5,15422.25,stop,-60.0,14.879999999999999,12.0,-86.88,-1.3163636363636364,1,,media,validacion
2023-09-21,MNQ,NQ.c.0,bajista,15112.0,15058.0,corto,2023-09-21 10:35:00+01:00,2023-09-21 10:45:00+01:00,15049.5,15058.5,2023-09-21 10:50:00+01:00,2023-09-21 10:50:00+01:00,15049.5,15049.25,15059.0,15029.75,5,44411.84000000005,111.02960000000012,106.19999999999999,106.19999999999999,97.5,2023-09-21 11:05:00+01:00,15029.75,15029.75,objetivo,197.5,6.2,2.5,188.8,1.9364102564102565,4,,media,validacion
2023-09-26,MNQ,NQ.c.0,alcista,14852.0,14795.0,largo,2023-09-26 09:00:00+01:00,2023-09-26 09:10:00+01:00,14868.0,14851.5,2023-09-26 09:15:00+01:00,2023-09-26 09:15:00+01:00,14868.75,14869.0,14851.0,14905.0,3,44600.64000000005,111.50160000000012,108.72,113.22,108.0,2023-09-26 09:40:00+01:00,14851.0,14850.75,stop,-106.5,3.7199999999999998,3.0,-113.22,-1.0483333333333333,6,riesgo real 113.22 > presupuesto 111.50 (la apertura se alejó del cierre del retesteo),baja,validacion
2023-10-11,MNQ,NQ.c.0,alcista,15317.0,15286.25,largo,2023-10-11 11:40:00+01:00,2023-10-11 11:45:00+01:00,15319.75,15316.5,2023-10-11 11:50:00+01:00,2023-10-11 11:50:00+01:00,15320.0,15320.25,15316.0,15328.75,11,44487.42000000005,111.21855000000012,107.14,112.64,93.5,2023-10-11 11:50:00+01:00,15316.0,15315.75,stop,-88.0,13.64,11.0,-112.64,-1.2047058823529413,1,riesgo real 112.64 > presupuesto 111.22 (la apertura se alejó del cierre del retesteo),media,validacion
2023-11-02,MNQ,NQ.c.0,alcista,14845.75,14807.0,largo,2023-11-02 09:15:00+00:00,2023-11-02 09:25:00+00:00,14855.5,14846.25,2023-11-02 09:30:00+00:00,2023-11-02 09:30:00+00:00,14856.0,14856.25,14845.75,14877.25,5,44374.78000000005,110.93695000000012,108.69999999999999,113.69999999999999,105.0,2023-11-02 09:40:00+00:00,14845.75,14845.5,stop,-102.5,6.2,5.0,-113.7,-1.082857142857143,3,riesgo real 113.70 > presupuesto 110.94 (la apertura se alejó del cierre del retesteo),media,validacion
2023-11-14,MNQ,NQ.c.0,bajista,15596.5,15575.0,corto,2023-11-14 11:00:00+00:00,2023-11-14 11:05:00+00:00,15569.0,15575.25,2023-11-14 11:10:00+00:00,2023-11-14 11:10:00+00:00,15569.0,15568.75,15575.75,15554.75,7,44261.08000000005,110.65270000000014,110.18,110.18,98.0,2023-11-14 11:15:00+00:00,15575.75,15576.0,stop,-94.5,8.68,7.0,-110.18,-1.1242857142857143,2,,media,validacion
2023-11-24,MNQ,NQ.c.0,alcista,16055.0,16028.75,largo,2023-11-24 09:05:00+00:00,2023-11-24 09:10:00+00:00,16062.25,16055.25,2023-11-24 09:15:00+00:00,2023-11-24 09:15:00+00:00,16062.0,16062.25,16054.75,16077.25,6,44150.90000000005,110.37725000000013,103.44,100.44,90.0,2023-11-24 09:55:00+00:00,16054.75,16054.5,stop,-87.0,7.4399999999999995,6.0,-100.44,-1.1159999999999999,9,,baja,validacion
2023-12-01,MNQ,NQ.c.0,bajista,15985.5,15947.25,corto,2023-12-01 12:05:00+00:00,2023-12-01 12:10:00+00:00,15943.5,15947.25,2023-12-01 12:15:00+00:00,2023-12-01 12:15:00+00:00,15943.5,15943.25,15947.75,15934.25,10,44050.46000000005,110.12615000000012,107.4,107.4,90.0,2023-12-01 12:20:00+00:00,15934.25,15934.25,objetivo,185.0,12.4,5.0,167.6,1.8622222222222222,2,,baja,validacion
2023-12-11,MNQ,NQ.c.0,alcista,16076.5,16058.0,largo,2023-12-11 09:05:00+00:00,2023-12-11 09:10:00+00:00,16078.0,16076.0,2023-12-11 09:15:00+00:00,2023-12-11 09:15:00+00:00,16079.0,16079.25,16075.5,16086.75,15,44218.06000000005,110.54515000000012,108.60000000000001,138.6,112.5,2023-12-11 09:20:00+00:00,16086.75,16086.75,objetivo,232.5,18.6,7.5,206.4,1.8346666666666667,2,riesgo real 138.60 > presupuesto 110.55 (la apertura se alejó del cierre del retesteo),baja,validacion
2023-12-18,MNQ,NQ.c.0,alcista,16845.25,16808.0,largo,2023-12-18 09:05:00+00:00,2023-12-18 09:10:00+00:00,16849.75,16845.25,2023-12-18 09:15:00+00:00,2023-12-18 09:15:00+00:00,16849.75,16850.0,16844.75,16860.5,9,44424.46000000005,111.06115000000013,110.16,110.16,94.5,2023-12-18 09:15:00+00:00,16844.75,16844.5,stop,-90.0,11.16,9.0,-110.16,-1.1657142857142857,1,,baja,validacion
2023-12-28,MNQ,NQ.c.0,alcista,17158.5,17145.5,largo,2023-12-28 12:25:00+00:00,2023-12-28 12:30:00+00:00,17161.75,17158.0,2023-12-28 12:35:00+00:00,2023-12-28 12:35:00+00:00,17161.75,17162.0,17157.5,17171.0,10,44314.30000000005,110.78575000000012,107.4,107.4,90.0,2023-12-28 12:35:00+00:00,17157.5,17157.25,stop,-85.0,12.4,10.0,-107.4,-1.1933333333333334,1,,baja,validacion
2024-01-04,MNQ,NQ.c.0,bajista,16584.25,16545.75,corto,2024-01-04 11:50:00+00:00,2024-01-04 11:55:00+00:00,16529.25,16546.25,2024-01-04 12:00:00+00:00,2024-01-04 12:00:00+00:00,16529.0,16528.75,16546.75,16492.75,2,44206.900000000045,110.51725000000012,74.48,75.48,72.0,2024-01-04 13:20:00+00:00,16492.75,16492.75,objetivo,145.0,2.48,1.0,141.52,1.9655555555555557,17,,baja,validacion
2024-03-20,MNQ,NQ.c.0,alcista,18278.75,18234.0,largo,2024-03-20 10:30:00+00:00,2024-03-20 10:45:00+00:00,18280.5,18278.5,2024-03-20 10:50:00+00:00,2024-03-20 10:50:00+00:00,18280.5,18280.75,18278.0,18286.25,15,44348.42000000004,110.87105000000011,108.60000000000001,108.60000000000001,82.5,2024-03-20 10:50:00+00:00,18278.0,18277.75,stop,-75.0,18.6,15.0,-108.6,-1.3163636363636364,1,,media,validacion
2024-06-14,MNQ,NQ.c.0,bajista,19658.5,19608.0,corto,2024-06-14 10:05:00+01:00,2024-06-14 10:10:00+01:00,19602.25,19608.25,2024-06-14 10:15:00+01:00,2024-06-14 10:15:00+01:00,19601.5,19601.25,19608.75,19586.25,7,44239.82000000004,110.59955000000011,106.68,117.17999999999999,105.0,2024-06-14 10:20:00+01:00,19608.75,19609.0,stop,-101.5,8.68,7.0,-117.18,-1.116,2,riesgo real 117.18 > presupuesto 110.60 (la apertura se alejó del cierre del retesteo),baja,validacion
2024-06-17,MNQ,NQ.c.0,alcista,19733.75,19700.0,largo,2024-06-17 09:05:00+01:00,2024-06-17 09:15:00+01:00,19746.75,19734.25,2024-06-17 09:20:00+01:00,2024-06-17 09:20:00+01:00,19746.0,19746.25,19733.75,19771.25,3,44122.64000000004,110.30660000000012,84.72,80.22,75.0,2024-06-17 09:20:00+01:00,19733.75,19733.5,stop,-73.5,3.7199999999999998,3.0,-80.22,-1.0695999999999999,1,,baja,validacion
2024-06-28,MNQ,NQ.c.0,alcista,20123.25,20104.25,largo,2024-06-28 10:35:00+01:00,2024-06-28 10:50:00+01:00,20129.0,20123.75,2024-06-28 10:55:00+01:00,2024-06-28 10:55:00+01:00,20129.25,20129.5,20123.25,20142.0,8,44042.42000000004,110.10605000000011,109.92,113.92,100.0,2024-06-28 11:00:00+01:00,20123.25,20123.0,stop,-96.0,9.92,8.0,-113.92,-1.1392,2,riesgo real 113.92 > presupuesto 110.11 (la apertura se alejó del cierre del retesteo),baja,validacion
2024-07-09,MNQ,NQ.c.0,alcista,20739.75,20712.25,largo,2024-07-09 10:25:00+01:00,2024-07-09 10:30:00+01:00,20742.5,20739.75,2024-07-09 10:35:00+01:00,2024-07-09 10:35:00+01:00,20742.25,20742.5,20739.25,20749.0,12,43928.500000000044,109.8212500000001,104.88,98.88,78.0,2024-07-09 11:00:00+01:00,20739.25,20739.0,stop,-72.0,14.879999999999999,12.0,-98.88,-1.2676923076923077,6,,baja,validacion
2024-07-16,MNQ,NQ.c.0,alcista,20620.25,20563.25,largo,2024-07-16 11:25:00+01:00,2024-07-16 11:35:00+01:00,20620.75,20620.0,2024-07-16 11:40:00+01:00,2024-07-16 11:40:00+01:00,20621.0,20621.25,20619.5,20624.75,23,43829.620000000046,109.57405000000011,109.02000000000001,120.52000000000001,80.5,2024-07-16 11:40:00+01:00,20624.75,20624.75,objetivo,172.5,28.52,11.5,132.48,1.6457142857142857,1,riesgo real 120.52 > presupuesto 109.57 (la apertura se alejó del cierre del retesteo),baja,validacion
2024-07-17,MNQ,NQ.c.0,bajista,20458.25,20347.0,corto,2024-07-17 10:15:00+01:00,2024-07-17 10:25:00+01:00,20337.5,20346.75,2024-07-17 10:30:00+01:00,2024-07-17 10:30:00+01:00,20337.25,20337.0,20347.25,20316.5,5,43962.10000000005,109.90525000000012,108.69999999999999,111.19999999999999,102.5,2024-07-17 10:30:00+01:00,20347.25,20347.5,stop,-100.0,6.2,5.0,-111.2,-1.0848780487804879,1,riesgo real 111.20 > presupuesto 109.91 (la apertura se alejó del cierre del retesteo),baja,validacion
2024-10-09,MNQ,NQ.c.0,alcista,20241.5,20196.0,largo,2024-10-09 09:55:00+01:00,2024-10-09 10:00:00+01:00,20247.5,20241.75,2024-10-09 10:05:00+01:00,2024-10-09 10:05:00+01:00,20248.75,20249.0,20241.25,20264.5,7,43850.90000000005,109.62725000000013,103.18,120.67999999999999,108.5,2024-10-09 10:15:00+01:00,20264.5,20264.5,objetivo,220.5,8.68,3.5,208.32,1.92,3,riesgo real 120.68 > presupuesto 109.63 (la apertura se alejó del cierre del retesteo),media,validacion
2024-11-18,MNQ,NQ.c.0,bajista,20648.25,20581.0,corto,2024-11-18 11:10:00+00:00,2024-11-18 11:15:00+00:00,20571.25,20580.75,2024-11-18 11:20:00+00:00,2024-11-18 11:20:00+00:00,20571.25,20571.0,20581.25,20550.5,4,44059.22000000005,110.14805000000013,88.96,88.96,82.0,2024-11-18 12:05:00+00:00,20581.25,20581.5,stop,-80.0,4.96,4.0,-88.96,-1.0848780487804877,10,,baja,validacion
2024-11-25,MNQ,NQ.c.0,alcista,20964.0,20931.5,largo,2024-11-25 09:40:00+00:00,2024-11-25 09:45:00+00:00,20968.0,20963.5,2024-11-25 09:50:00+00:00,2024-11-25 09:50:00+00:00,20967.75,20968.0,20963.0,20978.0,8,43970.26000000005,109.92565000000013,97.92,93.92,80.0,2024-11-25 10:00:00+00:00,20963.0,20962.75,stop,-76.0,9.92,8.0,-93.92,-1.174,3,,media,validacion
2024-12-17,MNQ,NQ.c.0,alcista,22071.75,22028.75,largo,2024-12-17 09:30:00+00:00,2024-12-17 09:35:00+00:00,22077.0,22071.25,2024-12-17 09:40:00+00:00,2024-12-17 09:40:00+00:00,22077.5,22077.75,22070.75,22091.75,7,43876.340000000055,109.69085000000014,103.18,110.18,98.0,2024-12-17 09:40:00+00:00,22070.75,22070.5,stop,-94.5,8.68,7.0,-110.18,-1.1242857142857143,1,riesgo real 110.18 > presupuesto 109.69 (la apertura se alejó del cierre del retesteo),baja,validacion
2024-12-30,MNQ,NQ.c.0,bajista,21673.25,21620.0,corto,2024-12-30 12:20:00+00:00,2024-12-30 12:25:00+00:00,21614.5,21620.25,2024-12-30 12:30:00+00:00,2024-12-30 12:30:00+00:00,21615.25,21615.0,21620.75,21603.5,7,43766.160000000054,109.41540000000013,103.18,92.68,80.5,2024-12-30 12:30:00+00:00,21620.75,21621.0,stop,-77.0,8.68,7.0,-92.68,-1.1513043478260871,1,,baja,validacion
2025-02-17,MNQ,NQ.c.0,alcista,22255.0,22229.5,largo,2025-02-17 10:45:00+00:00,2025-02-17 10:55:00+00:00,22256.5,22254.5,2025-02-17 11:00:00+00:00,2025-02-17 11:00:00+00:00,22256.75,22257.0,22254.0,22263.0,15,43673.480000000054,109.18370000000014,108.60000000000001,116.10000000000001,90.0,2025-02-17 11:00:00+00:00,22263.0,22263.0,objetivo,187.5,18.6,7.5,161.4,1.7933333333333334,1,riesgo real 116.10 > presupuesto 109.18 (la apertura se alejó del cierre del retesteo),media,test
2025-02-19,MNQ,NQ.c.0,bajista,22275.75,22246.25,corto,2025-02-19 12:10:00+00:00,2025-02-19 12:15:00+00:00,22244.25,22246.75,2025-02-19 12:20:00+00:00,2025-02-19 12:20:00+00:00,22243.0,22242.75,22247.25,22233.75,13,43834.880000000056,109.58720000000014,107.12,139.62,117.0,2025-02-19 12:25:00+00:00,22247.25,22247.5,stop,-110.5,16.12,13.0,-139.62,-1.1933333333333334,2,riesgo real 139.62 > presupuesto 109.59 (la apertura se alejó del cierre del retesteo),media,test
2025-02-20,MNQ,NQ.c.0,alcista,22185.5,22149.0,largo,2025-02-20 09:40:00+00:00,2025-02-20 09:45:00+00:00,22186.25,22185.0,2025-02-20 09:50:00+00:00,2025-02-20 09:50:00+00:00,22185.5,22185.75,22184.5,22188.25,19,43695.26000000005,109.23815000000013,109.06,80.56,47.5,2025-02-20 09:50:00+00:00,22188.25,22188.25,objetivo,104.5,23.56,9.5,71.44,1.504,1,,media,test
2025-03-26,MNQ,NQ.c.0,alcista,20484.0,20440.75,largo,2025-03-26 11:35:00+00:00,2025-03-26 11:50:00+00:00,20486.75,20484.25,2025-03-26 11:55:00+00:00,2025-03-26 11:55:00+00:00,20486.75,20487.0,20483.75,20493.5,13,43766.700000000055,109.41675000000014,107.12,107.12,84.5,2025-03-26 11:55:00+00:00,20483.75,20483.5,stop,-78.0,16.12,13.0,-107.12,-1.2676923076923077,1,,alta,test
2025-04-01,MNQ,NQ.c.0,alcista,19479.25,19380.75,largo,2025-04-01 10:15:00+01:00,2025-04-01 10:20:00+01:00,19487.75,19479.75,2025-04-01 10:25:00+01:00,2025-04-01 10:25:00+01:00,19486.75,19487.0,19479.25,19502.5,5,43659.58000000005,109.14895000000013,96.19999999999999,86.19999999999999,77.5,2025-04-01 10:25:00+01:00,19479.25,19479.0,stop,-75.0,6.2,5.0,-86.2,-1.112258064516129,1,,alta,test
2025-04-03,MNQ,NQ.c.0,bajista,19125.0,19025.25,corto,2025-04-03 11:10:00+01:00,2025-04-03 11:25:00+01:00,18989.5,19025.0,2025-04-03 11:30:00+01:00,2025-04-03 11:30:00+01:00,18988.25,18988.0,19025.5,18913.0,1,43573.380000000056,108.93345000000014,74.24,76.74,75.0,2025-04-03 11:45:00+01:00,19025.5,19025.75,stop,-74.5,1.24,1.0,-76.74,-1.0231999999999999,4,,alta,test
2025-04-28,MNQ,NQ.c.0,alcista,19518.0,19467.5,largo,2025-04-28 10:25:00+01:00,2025-04-28 10:35:00+01:00,19523.0,19517.75,2025-04-28 10:40:00+01:00,2025-04-28 10:40:00+01:00,19524.0,19524.25,19517.25,19538.25,7,43496.64000000006,108.74160000000015,96.18,110.18,98.0,2025-04-28 10:50:00+01:00,19538.25,19538.25,objetivo,199.5,8.68,3.5,187.32,1.9114285714285713,3,riesgo real 110.18 > presupuesto 108.74 (la apertura se alejó del cierre del retesteo),alta,test
2025-05-22,MNQ,NQ.c.0,bajista,21226.75,21170.75,corto,2025-05-22 12:35:00+01:00,2025-05-22 12:45:00+01:00,21146.5,21171.25,2025-05-22 12:50:00+01:00,2025-05-22 12:50:00+01:00,21148.0,21147.75,21171.75,21099.75,2,43683.96000000006,109.20990000000015,105.48,99.48,96.0,2025-05-22 12:55:00+01:00,21099.75,21099.75,objetivo,193.0,2.48,1.0,189.52,1.9741666666666668,2,,alta,test
2025-06-10,MNQ,NQ.c.0,alcista,21826.25,21732.0,largo,2025-06-10 10:05:00+01:00,2025-06-10 10:10:00+01:00,21833.0,21825.75,2025-06-10 10:15:00+01:00,2025-06-10 10:15:00+01:00,21832.75,21833.0,21825.25,21848.5,6,43873.480000000054,109.68370000000014,106.44,103.44,93.0,2025-06-10 10:50:00+01:00,21825.25,21825.0,stop,-90.0,7.4399999999999995,6.0,-103.44,-1.112258064516129,8,,media,test
2025-07-11,MNQ,NQ.c.0,bajista,22968.25,22897.5,corto,2025-07-11 10:40:00+01:00,2025-07-11 10:45:00+01:00,22895.0,22897.75,2025-07-11 10:50:00+01:00,2025-07-11 10:50:00+01:00,22895.0,22894.75,22898.25,22887.75,12,43770.04000000005,109.42510000000013,104.88,104.88,84.0,2025-07-11 10:50:00+01:00,22887.75,22887.75,objetivo,174.0,14.879999999999999,6.0,153.12,1.822857142857143,1,,baja,test
2025-07-22,MNQ,NQ.c.0,bajista,23347.5,23283.25,corto,2025-07-22 09:50:00+01:00,2025-07-22 09:55:00+01:00,23276.75,23282.75,2025-07-22 10:00:00+01:00,2025-07-22 10:00:00+01:00,23276.5,23276.25,23283.25,23262.25,7,43923.160000000054,109.80790000000013,106.68,110.18,98.0,2025-07-22 10:00:00+01:00,23283.25,23283.5,stop,-94.5,8.68,7.0,-110.18,-1.1242857142857143,1,riesgo real 110.18 > presupuesto 109.81 (la apertura se alejó del cierre del retesteo),baja,test
2025-08-06,MNQ,NQ.c.0,bajista,23224.0,23191.0,corto,2025-08-06 09:25:00+01:00,2025-08-06 09:30:00+01:00,23188.25,23191.0,2025-08-06 09:35:00+01:00,2025-08-06 09:35:00+01:00,23187.75,23187.5,23191.5,23179.5,12,43812.980000000054,109.53245000000014,104.88,116.88,96.0,2025-08-06 09:40:00+01:00,23179.5,23179.5,objetivo,198.0,14.879999999999999,6.0,177.12,1.845,2,riesgo real 116.88 > presupuesto 109.53 (la apertura se alejó del cierre del retesteo),baja,test
2025-08-13,MNQ,NQ.c.0,alcista,23991.0,23957.5,largo,2025-08-13 09:00:00+01:00,2025-08-13 09:05:00+01:00,23997.5,23991.0,2025-08-13 09:10:00+01:00,2025-08-13 09:10:00+01:00,23998.0,23998.25,23990.5,24013.75,6,43990.10000000006,109.97525000000014,97.44000000000001,103.44,93.0,2025-08-13 09:35:00+01:00,24013.75,24013.75,objetivo,189.0,7.4399999999999995,3.0,178.56,1.92,6,,baja,test
2025-08-20,MNQ,NQ.c.0,bajista,23430.5,23386.0,corto,2025-08-20 09:20:00+01:00,2025-08-20 09:25:00+01:00,23378.75,23385.75,2025-08-20 09:30:00+01:00,2025-08-20 09:30:00+01:00,23378.75,23378.5,23386.25,23363.0,6,44168.660000000054,110.42165000000014,103.44,103.44,93.0,2025-08-20 09:30:00+01:00,23386.25,23386.5,stop,-90.0,7.4399999999999995,6.0,-103.44,-1.112258064516129,1,,baja,test
2025-09-04,MNQ,NQ.c.0,alcista,23505.5,23451.0,largo,2025-09-04 10:35:00+01:00,2025-09-04 10:40:00+01:00,23506.0,23505.0,2025-09-04 10:45:00+01:00,2025-09-04 10:45:00+01:00,23505.25,23505.5,23504.5,23507.5,21,44065.22000000005,110.16305000000013,110.04,78.54,42.0,2025-09-04 10:45:00+01:00,23504.5,23504.25,stop,-31.5,26.04,21.0,-78.53999999999999,-1.8699999999999999,1,,baja,test
2025-10-02,MNQ,NQ.c.0,alcista,25088.0,25053.75,largo,2025-10-02 10:40:00+01:00,2025-10-02 10:45:00+01:00,25092.0,25088.25,2025-10-02 10:50:00+01:00,2025-10-02 10:50:00+01:00,25091.25,25091.5,25087.75,25099.0,10,43986.68000000005,109.96670000000013,107.4,92.4,75.0,2025-10-02 11:00:00+01:00,25099.0,25099.0,objetivo,155.0,12.4,5.0,137.6,1.8346666666666667,3,,baja,test
2025-11-07,MNQ,NQ.c.0,bajista,25354.75,25272.0,corto,2025-11-07 09:30:00+00:00,2025-11-07 09:35:00+00:00,25258.5,25271.5,2025-11-07 09:40:00+00:00,2025-11-07 09:40:00+00:00,25258.5,25258.25,25272.0,25230.75,3,44124.28000000005,110.31070000000012,87.72,87.72,82.5,2025-11-07 09:45:00+00:00,25272.0,25272.25,stop,-81.0,3.7199999999999998,3.0,-87.72,-1.0632727272727274,2,,media,test
2025-11-12,MNQ,NQ.c.0,alcista,25810.75,25764.0,largo,2025-11-12 09:35:00+00:00,2025-11-12 09:45:00+00:00,25811.0,25810.5,2025-11-12 09:50:00+00:00,2025-11-12 09:50:00+00:00,25812.5,25812.75,25810.0,25818.25,25,44036.56000000005,110.09140000000012,106.0,181.0,137.5,2025-11-12 09:50:00+00:00,25818.25,25818.25,objetivo,287.5,31.0,12.5,244.0,1.7745454545454546,1,riesgo real 181.00 > presupuesto 110.09 (la apertura se alejó del cierre del retesteo),media,test
2025-12-05,MNQ,NQ.c.0,bajista,25755.75,25721.5,corto,2025-12-05 09:10:00+00:00,2025-12-05 09:15:00+00:00,25714.5,25722.0,2025-12-05 09:20:00+00:00,2025-12-05 09:20:00+00:00,25715.0,25714.75,25722.5,25699.25,6,44280.56000000005,110.70140000000012,109.44,103.44,93.0,2025-12-05 09:25:00+00:00,25722.5,25722.75,stop,-90.0,7.4399999999999995,6.0,-103.44,-1.112258064516129,2,,media,test
2025-12-22,MNQ,NQ.c.0,alcista,25716.5,25681.0,largo,2025-12-22 12:15:00+00:00,2025-12-22 12:20:00+00:00,25723.0,25716.5,2025-12-22 12:25:00+00:00,2025-12-22 12:25:00+00:00,25723.5,25723.75,25716.0,25739.25,6,44177.120000000046,110.44280000000012,97.44000000000001,103.44,93.0,2025-12-22 12:35:00+00:00,25739.25,25739.25,objetivo,189.0,7.4399999999999995,3.0,178.56,1.92,3,,media,test
2025-12-24,MNQ,NQ.c.0,alcista,25797.0,25786.75,largo,2025-12-24 12:05:00+00:00,2025-12-24 12:10:00+00:00,25802.0,25797.0,2025-12-24 12:15:00+00:00,2025-12-24 12:15:00+00:00,25802.25,25802.5,25796.5,25814.5,8,44355.680000000044,110.88920000000012,105.92,109.92,96.0,2025-12-24 12:20:00+00:00,25814.5,25814.5,objetivo,196.0,9.92,4.0,182.08,1.8966666666666667,2,,baja,test
2026-01-13,MNQ,NQ.c.0,alcista,25924.25,25895.5,largo,2026-01-13 09:10:00+00:00,2026-01-13 09:20:00+00:00,25926.75,25924.0,2026-01-13 09:25:00+00:00,2026-01-13 09:25:00+00:00,25926.0,25926.25,25923.5,25931.75,12,44537.760000000046,111.34440000000012,104.88,86.88,66.0,2026-01-13 09:25:00+00:00,25923.5,25923.25,stop,-60.0,14.879999999999999,12.0,-86.88,-1.3163636363636364,1,,baja,test
2026-01-26,MNQ,NQ.c.0,bajista,25742.0,25699.75,corto,2026-01-26 09:20:00+00:00,2026-01-26 09:25:00+00:00,25688.0,25699.5,2026-01-26 09:30:00+00:00,2026-01-26 09:30:00+00:00,25687.5,25687.25,25700.0,25661.75,4,44450.88000000005,111.12720000000013,104.96,108.96,102.0,2026-01-26 09:30:00+00:00,25661.75,25661.75,objetivo,206.0,4.96,2.0,199.04,1.9513725490196077,1,,baja,test
2026-02-24,MNQ,NQ.c.0,alcista,24834.0,24761.0,largo,2026-02-24 09:45:00+00:00,2026-02-24 09:50:00+00:00,24838.75,24834.0,2026-02-24 09:55:00+00:00,2026-02-24 09:55:00+00:00,24838.75,24839.0,24833.5,24850.0,8,44649.92000000005,111.62480000000012,101.92,101.92,88.0,2026-02-24 10:00:00+00:00,24850.0,24850.0,objetivo,180.0,9.92,4.0,166.08,1.8872727272727274,2,,alta,test
2026-04-10,MNQ,NQ.c.0,alcista,25256.0,25223.0,largo,2026-04-10 11:15:00+01:00,2026-04-10 11:30:00+01:00,25264.0,25255.5,2026-04-10 11:35:00+01:00,2026-04-10 11:35:00+01:00,25264.5,25264.75,25255.0,25284.25,5,44816.00000000005,112.04000000000013,101.19999999999999,106.19999999999999,97.5,2026-04-10 12:00:00+01:00,25284.25,25284.25,objetivo,197.5,6.2,2.5,188.8,1.9364102564102565,6,,alta,test
2026-04-14,MNQ,NQ.c.0,alcista,25643.5,25581.5,largo,2026-04-14 09:35:00+01:00,2026-04-14 09:40:00+01:00,25654.0,25644.0,2026-04-14 09:45:00+01:00,2026-04-14 09:45:00+01:00,25654.5,25654.75,25643.5,25677.25,4,45004.800000000054,112.51200000000014,92.96,96.96,90.0,2026-04-14 10:30:00+01:00,25643.5,25643.25,stop,-88.0,4.96,4.0,-96.96,-1.0773333333333333,10,,alta,test
2026-04-21,MNQ,NQ.c.0,alcista,26847.25,26806.5,largo,2026-04-21 11:05:00+01:00,2026-04-21 11:15:00+01:00,26848.75,26847.75,2026-04-21 11:20:00+01:00,2026-04-21 11:20:00+01:00,26849.5,26849.75,26847.25,26854.75,21,44907.840000000055,112.26960000000014,110.04,141.54,105.0,2026-04-21 11:20:00+01:00,26847.25,26847.0,stop,-94.5,26.04,21.0,-141.54,-1.3479999999999999,1,riesgo real 141.54 > presupuesto 112.27 (la apertura se alejó del cierre del retesteo),media,test
2026-05-19,MNQ,NQ.c.0,bajista,29125.25,29005.75,corto,2026-05-19 09:20:00+01:00,2026-05-19 09:25:00+01:00,28989.75,29006.25,2026-05-19 09:30:00+01:00,2026-05-19 09:30:00+01:00,28989.0,28988.75,29006.75,28952.75,3,44766.300000000054,111.91575000000013,108.72,113.22,108.0,2026-05-19 09:30:00+01:00,29006.75,29007.0,stop,-106.5,3.7199999999999998,3.0,-113.22,-1.0483333333333333,1,riesgo real 113.22 > presupuesto 111.92 (la apertura se alejó del cierre del retesteo),media,test
2026-05-22,MNQ,NQ.c.0,alcista,29587.5,29528.75,largo,2026-05-22 09:00:00+01:00,2026-05-22 09:05:00+01:00,29595.5,29587.5,2026-05-22 09:10:00+01:00,2026-05-22 09:10:00+01:00,29597.25,29597.5,29587.0,29618.5,5,44653.08000000005,111.63270000000013,96.19999999999999,113.69999999999999,105.0,2026-05-22 09:15:00+01:00,29618.5,29618.5,objetivo,212.5,6.2,2.5,203.8,1.940952380952381,2,riesgo real 113.70 > presupuesto 111.63 (la apertura se alejó del cierre del retesteo),media,test
2026-05-28,MNQ,NQ.c.0,bajista,29965.0,29908.5,corto,2026-05-28 11:50:00+01:00,2026-05-28 12:00:00+01:00,29895.25,29908.0,2026-05-28 12:05:00+01:00,2026-05-28 12:05:00+01:00,29896.5,29896.25,29908.5,29871.75,3,44856.880000000056,112.14220000000014,86.22,78.72,73.5,2026-05-28 12:05:00+01:00,29871.75,29871.75,objetivo,148.5,3.7199999999999998,1.5,143.28,1.9493877551020409,1,,media,test
2026-06-02,MNQ,NQ.c.0,alcista,30547.25,30509.75,largo,2026-06-02 09:30:00+01:00,2026-06-02 09:40:00+01:00,30548.5,30547.5,2026-06-02 09:45:00+01:00,2026-06-02 09:45:00+01:00,30548.5,30548.75,30547.0,30552.25,21,45000.160000000054,112.50040000000014,110.04,110.04,73.5,2026-06-02 09:45:00+01:00,30547.0,30546.75,stop,-63.0,26.04,21.0,-110.03999999999999,-1.497142857142857,1,,media,test
2026-06-25,MNQ,NQ.c.0,alcista,30186.5,30105.75,largo,2026-06-25 09:00:00+01:00,2026-06-25 09:05:00+01:00,30205.75,30186.25,2026-06-25 09:10:00+01:00,2026-06-25 09:10:00+01:00,30203.25,30203.5,30185.75,30239.0,2,44890.12000000005,112.22530000000013,84.48,74.48,71.0,2026-06-25 09:10:00+01:00,30185.75,30185.5,stop,-70.0,2.48,2.0,-74.48,-1.0490140845070424,1,,media,test
2026-06-30,MNQ,NQ.c.0,alcista,30151.25,30069.25,largo,2026-06-30 12:05:00+01:00,2026-06-30 12:10:00+01:00,30164.5,30151.0,2026-06-30 12:15:00+01:00,2026-06-30 12:15:00+01:00,30164.5,30164.75,30150.5,30193.25,3,44815.64000000005,112.03910000000013,90.72,90.72,85.5,2026-06-30 12:15:00+01:00,30150.5,30150.25,stop,-84.0,3.7199999999999998,3.0,-90.72,-1.0610526315789472,1,,alta,test
2026-08-04,MNQ,NQ.c.0,alcista,29119.25,29036.5,largo,2026-08-04 12:00:00+01:00,2026-08-04 12:10:00+01:00,29144.5,29119.75,2026-08-04 12:15:00+01:00,2026-08-04 12:15:00+01:00,29144.5,29144.75,29119.25,29195.75,2,44724.92000000005,111.81230000000012,105.48,105.48,102.0,2026-08-04 12:40:00+01:00,29195.75,29195.75,objetivo,205.0,2.48,1.0,201.52,1.975686274509804,6,,alta,test
2026-09-04,MNQ,NQ.c.0,alcista,29658.25,29575.25,largo,2026-09-04 11:00:00+01:00,2026-09-04 11:15:00+01:00,29666.5,29658.5,2026-09-04 11:20:00+01:00,2026-09-04 11:20:00+01:00,29666.75,29667.0,29658.0,29685.0,5,44926.440000000046,112.31610000000012,96.19999999999999,98.69999999999999,90.0,2026-09-04 11:25:00+01:00,29685.0,29685.0,objetivo,182.5,6.2,2.5,173.8,1.9311111111111112,2,,media,test
2026-09-10,MNQ,NQ.c.0,bajista,29478.25,29417.25,corto,2026-09-10 09:40:00+01:00,2026-09-10 09:50:00+01:00,29413.5,29416.75,2026-09-10 09:55:00+01:00,2026-09-10 09:55:00+01:00,29415.0,29414.75,29417.25,29409.75,11,45100.24000000005,112.75060000000012,107.14,74.14,55.0,2026-09-10 09:55:00+01:00,29409.75,29409.75,objetivo,115.5,13.64,5.5,96.36,1.752,1,,baja,test
2026-09-15,MNQ,NQ.c.0,bajista,29086.75,29003.75,corto,2026-09-15 09:00:00+01:00,2026-09-15 09:15:00+01:00,29002.75,29003.5,2026-09-15 09:20:00+01:00,2026-09-15 09:20:00+01:00,29003.5,29003.25,29004.0,29001.75,23,45196.60000000005,112.99150000000013,109.02000000000001,74.52000000000001,34.5,2026-09-15 09:20:00+01:00,29004.0,29004.25,stop,-23.0,28.52,23.0,-74.52,-2.1599999999999997,1,,baja,test
2026-10-02,MNQ,NQ.c.0,alcista,30990.0,30866.75,largo,2026-10-02 10:05:00+01:00,2026-10-02 10:10:00+01:00,31013.5,30990.0,2026-10-02 10:15:00+01:00,2026-10-02 10:15:00+01:00,31010.0,31010.25,30989.5,31051.75,2,45122.08000000005,112.80520000000013,100.48,86.48,83.0,2026-10-02 11:00:00+01:00,30989.5,30989.25,stop,-82.0,2.48,2.0,-86.48,-1.0419277108433735,10,,baja,test
