combo,k,TRAIN_sharpe,VALIDATION_sharpe,TEST_sharpe,TV_sharpe,TV_t_alpha_vs_BH
S1,1,0.05696392486803273,-0.5729647739003085,1.1710905890745653,-0.11260877163617863,-0.37209941192039836
S2,1,-0.08969200103503963,-0.6446254004870386,0.3170729516483549,-0.23911259264089021,-0.8245549160308244
S3,1,0.21134357212934082,-0.5269513767841155,1.0618019434534678,0.012530032880946822,0.014353722504564148
S4,1,-1.6771081925020839,-0.9782001221715221,-0.638719843226044,-1.4842535652181434,-5.125009286708189
S5,1,-0.6478764390781555,-0.9829932720590202,1.2784919035790379,-0.7392706769324923,-3.7496986695656442
S1 + S2,2,-0.02047022692979778,-0.7679661235782257,0.8885709056675318,-0.22052817828066146,-0.7609838319218772
S1 + S3,2,0.1529404479384317,-0.6162422105731379,1.2475332733990574,-0.0567768887151065,-0.20440754823984067
S1 + S4,2,-1.0000083555849641,-1.0761779911186329,0.4892704873641522,-1.0205666940748501,-3.476650636095757
S1 + S5,2,-0.44671553741808545,-1.0507097523272924,1.3339961352918934,-0.621396615083718,-2.600825962903886
S2 + S3,2,0.07128843189277906,-0.6834771230756078,0.7749364738079066,-0.13260418549188918,-0.47242655614914486
S2 + S4,2,-1.121097325411596,-1.1256709193966914,-0.18868853782890216,-1.1224799030763157,-3.921929808089518
S2 + S5,2,-0.5354786306318684,-1.1252421637185896,0.9870642801835151,-0.6997898939751971,-2.9376823681132658
S3 + S4,2,-0.8811438239326376,-1.0169893444021587,0.3960257353110661,-0.9181964801154932,-3.168106758877499
S3 + S5,2,-0.3203734180084181,-1.0075249876911374,1.3799788972945009,-0.5153967670577239,-2.273479151117563
S4 + S5,2,-1.575488602799229,-1.3961119850788066,0.5704691344453944,-1.5260539061359777,-6.214966170246513
S1 + S2 + S3,3,0.07586187648038763,-0.7347250586030951,1.02634476183513,-0.1437133418649681,-0.5050724554069035
S1 + S2 + S4,3,-0.7705310980384404,-1.142717984159745,0.5216877351408938,-0.8698133818631716,-3.030848425444873
S1 + S2 + S5,3,-0.38239518867881733,-1.1298552783093028,1.1498040294229595,-0.5949240136277063,-2.344082860229055
S1 + S3 + S4,3,-0.5586914887028669,-0.9704698786089079,0.8745857566112607,-0.670557247132924,-2.3049725554821023
S1 + S3 + S5,3,-0.2028859339693892,-0.9724082815384297,1.382485494221702,-0.4247016640457556,-1.7061974328151392
S1 + S4 + S5,3,-1.2431140969226104,-1.4083519470679569,0.9678869805856184,-1.2893057144317928,-4.88754184691094
S2 + S3 + S4,3,-0.6502920027058086,-1.037701330538043,0.4335111349218213,-0.7552136797061255,-2.62193884135939
S2 + S3 + S5,3,-0.2778110733727027,-1.0448971033867172,1.1176875684930894,-0.4938346699972401,-1.9768284316057863
S2 + S4 + S5,3,-1.3092346605101015,-1.4741510781740528,0.597380574194041,-1.3548633407802666,-5.236639551573204
S3 + S4 + S5,3,-1.1080275535513242,-1.3502207702294828,0.9696193806044207,-1.1759937981582833,-4.591943902602979
S1 + S2 + S3 + S4,4,-0.47068187875086825,-1.0171878463957404,0.7849250992370984,-0.6182955134699297,-2.1475519255156033
S1 + S2 + S3 + S5,4,-0.1954903298560627,-1.0224234899809386,1.2087103378967787,-0.4300149008391063,-1.6629684753942162
S1 + S2 + S4 + S5,4,-1.0271004134765562,-1.433337381707558,0.8984192179781114,-1.1411073876436497,-4.262025552329064
S1 + S3 + S4 + S5,4,-0.818971015903443,-1.2595866811040495,1.1333108442200948,-0.9443137187882933,-3.51677936879479
S2 + S3 + S4 + S5,4,-0.8932155928568838,-1.3324550197893799,0.8599960477478135,-1.0163016266939198,-3.8206262743351393
S1 + S2 + S3 + S4 + S5,5,-0.6972275268790138,-1.2675283569080398,1.0251449402964559,-0.8578035425724051,-3.1601302506031606
