variante,coste,periodo,n,ops_año,neto,neto_año,pf,esperanza,acierto,gan_media,perd_media,ratio_gp,R_medio,dd_max,dd_recuperacion_dias,sharpe,sortino,exposicion,coste_medio,dur_mediana_min,top10_ops_pct,top5pct_ops_pct,mejor_dia,mejor_año_pct,años_pos,racha_perdedora,ic90_bajo,ic90_alto,riesgo_mediano,salidas
"clasica, objetivo rango",bajo,desarrollo,148,37.59677419354839,1299.5,330.1149193548387,1.278086882088594,8.780405405405405,0.5405405405405406,74.65625,-68.72058823529412,1.086373849775305,-0.02096116298338949,867.0,348.0,0.543498275809019,0.7977229967979267,0.048805831265508685,2.3277027027027026,154.5,1.5205848403232012,1.1585225086571758,311.0,0.6244709503655252,4/4,5.0,,,,
"clasica, objetivo rango",bajo,validacion,105,35.7085020242915,-1685.5,-573.2064777327935,0.7549076632252436,-16.052380952380954,0.5047619047619047,97.95283018867924,-132.25,0.7406641224096729,-0.0733822347718602,1828.5,,-0.6898839455229746,-0.858278353974063,0.040516972905636876,2.323809523809524,116.0,,,260.5,,1/3,4.0,,,,
"clasica, objetivo rango",bajo,prueba,68,39.66666666666667,216.5,126.29166666666667,1.0436008458362702,3.1838235294117645,0.5,152.41176470588235,-146.0441176470588,1.0436008458362702,-0.06096983150308083,1465.0,442.0,0.10837615164717537,0.1554422280798507,0.05332977207977208,2.3676470588235294,173.5,13.884526558891455,5.018475750577367,378.5,2.1662817551963047,1/2,6.0,,,,
"clasica, objetivo rango",bajo,FM 2022-2026,173,,,,0.8759552459362465,-8.491329479768787,0.5028901734104047,,,,,,,,,,,,,,,,,,-26.419653179190753,14.405780346820814,221.0,"{'tiempo': 0.42, 'objetivo': 0.32, 'stop': 0.27}"
"clasica, objetivo rango",base,desarrollo,148,37.59677419354839,1177.0,298.9959677419355,1.248259860788863,7.952702702702703,0.5405405405405406,73.975,-69.72058823529412,1.0610208816705335,-0.03049259501930061,894.5,356.0,0.49188395369412513,0.7175312763523929,0.048805831265508685,3.1554054054054053,154.5,1.6745964316057773,1.2761257434154631,310.5,0.6677994902293968,3/4,5.0,,,,
"clasica, objetivo rango",base,validacion,105,35.7085020242915,-1772.0,-602.6234817813764,0.7442632414489825,-16.876190476190477,0.5047619047619047,97.30188679245283,-133.25,0.7302205387801338,-0.07844523043593654,1910.5,,-0.724036106359326,-0.8976132713270432,0.040516972905636876,3.1476190476190475,116.0,,,259.5,,1/3,4.0,,,,
"clasica, objetivo rango",base,prueba,68,39.66666666666667,157.5,91.875,1.0315031503150316,2.3161764705882355,0.4852941176470588,156.27272727272728,-147.0441176470588,1.0627608215366993,-0.06457661113006899,1495.0,462.0,0.07878825842582,0.11258689037640657,0.05332977207977208,3.235294117647059,173.5,19.047619047619047,6.888888888888889,378.0,2.784126984126984,1/2,6.0,,,,
"clasica, objetivo rango",base,FM 2022-2026,173,,,,0.8646518841430189,-9.332369942196532,0.49710982658959535,,,,,,,,,,,,,,,,,,-27.28106936416185,13.584248554913296,221.5,"{'tiempo': 0.42, 'objetivo': 0.32, 'stop': 0.27}"
"clasica, objetivo rango",alto,desarrollo,148,37.59677419354839,1054.5,267.87701612903226,1.219276356830942,7.125,0.5405405405405406,73.29375,-70.72058823529412,1.0363849033063008,-0.039854985870076055,922.5,365.0,0.44032096508288576,0.6384076489746561,0.048805831265508685,3.983108108108108,154.5,1.8643907064959697,1.4210526315789473,310.0,0.7211948790896159,2/4,5.0,,,,
"clasica, objetivo rango",alto,validacion,105,35.7085020242915,-1858.5,-632.0404858299595,0.7337773957885689,-17.7,0.5047619047619047,96.65094339622641,-134.25,0.7199325392642563,-0.08346253138911292,1992.5,,-0.7580478096702358,-0.9365284147513104,0.040516972905636876,3.9714285714285715,116.0,,,258.5,,1/3,4.0,,,,
"clasica, objetivo rango",alto,prueba,68,39.66666666666667,98.5,57.458333333333336,1.0195650014897208,1.4485294117647058,0.4852941176470588,155.54545454545453,-143.84285714285716,1.081356819761825,-0.0681563909898264,1525.0,462.0,0.04923954488575455,0.07010406261004799,0.05332977207977208,4.102941176470588,173.5,30.395939086294415,11.0,377.5,4.1421319796954315,1/2,6.0,,,,
"clasica, objetivo rango",alto,FM 2022-2026,173,,,,0.8535225333943656,-10.173410404624278,0.49710982658959535,,,,,,,,,,,,,,,,,,-28.14234104046243,12.757225433526012,222.0,"{'tiempo': 0.42, 'objetivo': 0.32, 'stop': 0.27}"
"clasica, objetivo 2R",bajo,desarrollo,148,37.59677419354839,1044.0,265.2096774193549,1.1924956209090072,7.054054054054054,0.4594594594594595,95.11029411764706,-67.79375,1.4029360245988318,-0.042827322084455575,1628.5,824.0,0.37344660279466274,0.597065702612246,0.05968775847808106,2.4932432432432434,175.0,2.628831417624521,2.0545977011494254,421.0,1.139367816091954,2/4,5.0,,,,
"clasica, objetivo 2R",bajo,validacion,105,35.7085020242915,-940.5,-319.8461538461538,0.8729654892956035,-8.957142857142857,0.4380952380952381,140.5,-125.48305084745763,1.1196731275747958,-0.03566350073069748,1789.0,,-0.3084409084911988,-0.4651076678009895,0.05197065642409772,2.4571428571428573,175.0,,,874.5,,2/3,6.0,,,,
"clasica, objetivo 2R",bajo,prueba,68,39.66666666666667,961.5,560.875,1.193636089014198,14.139705882352942,0.5,174.3235294117647,-146.0441176470588,1.193636089014198,-0.020511706027153426,1251.5,161.0,0.4416040265141314,0.6903358073846487,0.06242877492877493,2.4926470588235294,175.0,3.609984399375975,1.4763390535621426,527.5,1.0062402496099845,1/2,6.0,,,,
"clasica, objetivo 2R",bajo,FM 2022-2026,173,,,,1.0016977928692699,0.12138728323699421,0.4624277456647399,,,,,,,,,,,,,,,,,,-21.770375722543353,27.317341040462434,221.0,"{'tiempo': 0.68, 'stop': 0.27, 'objetivo': 0.06}"
"clasica, objetivo 2R",base,desarrollo,148,37.59677419354839,900.0,228.62903225806454,1.1635322976287816,6.081081081081081,0.4594594594594595,94.16911764705883,-68.79375,1.368861526622096,-0.05331907321255901,1692.5,824.0,0.3219384963882766,0.5111288995417826,0.05968775847808106,3.4864864864864864,175.0,3.0405555555555557,2.3777777777777778,420.0,1.2894444444444444,2/4,5.0,,,,
"clasica, objetivo 2R",base,validacion,105,35.7085020242915,-1027.5,-349.43319838056675,0.8623115577889447,-9.785714285714286,0.4380952380952381,139.8913043478261,-126.48305084745763,1.1060083023814726,-0.0400758945404785,1840.0,,-0.3363639039790029,-0.5054374546198726,0.05197065642409772,3.414285714285714,175.0,,,875.5,,2/3,6.0,,,,
"clasica, objetivo 2R",base,prueba,68,39.66666666666667,895.5,522.375,1.1791179117911792,13.169117647058824,0.4852941176470588,178.63636363636363,-147.0441176470588,1.2148487576030331,-0.02452693332205188,1262.5,161.0,0.411250965370918,0.640136890997283,0.06242877492877493,3.485294117647059,175.0,3.867113344500279,1.584031267448353,528.5,1.0446677833612508,1/2,6.0,,,,
"clasica, objetivo 2R",base,FM 2022-2026,173,,,,0.9894077997111218,-0.7630057803468208,0.45664739884393063,,,,,,,,,,,,,,,,,,-22.68656069364162,26.455491329479777,221.5,"{'tiempo': 0.68, 'stop': 0.27, 'objetivo': 0.06}"
"clasica, objetivo 2R",alto,desarrollo,148,37.59677419354839,756.0,192.0483870967742,1.135398943315125,5.108108108108108,0.4594594594594595,93.2279411764706,-69.79375,1.3357634627236763,-0.0636330450257014,1756.5,985.0,0.2704124951123234,0.4263579050839966,0.05968775847808106,4.47972972972973,175.0,3.6104497354497354,2.824074074074074,419.0,1.4966931216931216,1/4,5.0,,,,
"clasica, objetivo 2R",alto,validacion,105,35.7085020242915,-1114.5,-379.02024291497975,0.8518247689955462,-10.614285714285714,0.4380952380952381,139.2826086956522,-127.48305084745763,1.0925578558855917,-0.044455571498514646,1891.0,,-0.3641764824258509,-0.5453342964870281,0.05202602166164919,4.371428571428571,175.0,,,876.5,,2/3,6.0,,,,
"clasica, objetivo 2R",alto,prueba,68,39.66666666666667,829.5,483.875,1.1647631343728275,12.198529411764707,0.4852941176470588,177.6969696969697,-143.84285714285716,1.235354839486332,-0.02851347447314929,1273.5,161.0,0.3808958404285459,0.590368730304922,0.06242877492877493,4.477941176470588,175.0,4.165159734779988,1.7088607594936709,529.5,1.0892103676913802,1/2,6.0,,,,
"clasica, objetivo 2R",alto,FM 2022-2026,173,,,,0.9773016884358076,-1.6473988439306357,0.45664739884393063,,,,,,,,,,,,,,,,,,-23.579335260115606,25.593641618497116,222.0,"{'tiempo': 0.68, 'stop': 0.27, 'objetivo': 0.06}"
"cisd, objetivo rango",bajo,desarrollo,723,183.66532258064518,-1437.5,-365.17137096774195,0.9451723020004958,-1.9882434301521439,0.5463347164591977,62.73670886075949,-79.9344512195122,0.7848519368510446,-0.03788133791927998,2979.5,,-0.2790292961548279,-0.3974501426249382,0.130479735318445,2.252420470262794,25.0,,,628.0,,1/4,7.0,,,,
"cisd, objetivo rango",bajo,validacion,536,182.2834008097166,2998.5,1019.7327935222671,1.0989587630567152,5.594216417910448,0.5335820895522388,116.43006993006993,-121.202,0.9606282893852406,0.03628285594435174,2288.0,248.0,0.5265074101920787,0.8152624392610962,0.12967922765493617,2.248134328358209,25.0,1.4163748540937136,2.788560947140237,916.0,0.5842921460730365,3/3,6.0,,,,
"cisd, objetivo rango",bajo,prueba,303,176.75,-6528.5,-3808.291666666667,0.7815824690531951,-21.546204620462046,0.5148514851485149,149.75320512820514,-203.33333333333334,0.7364911727616645,-0.08882284786574153,6940.5,,-1.3140348447882464,-1.7260226732196178,0.14044990503323837,2.267326732673267,26.0,,,718.0,,0/2,8.0,,,,
"cisd, objetivo rango",bajo,FM 2022-2026,839,,,,0.9413528713002882,-4.207389749702026,0.5268176400476758,,,,,,,,,,,,,,,,,,-14.786025029797377,6.146841477949944,146.0,"{'objetivo': 0.49, 'stop': 0.43, 'tiempo': 0.08, 'cierre_sesion': 0.0}"
"cisd, objetivo rango",base,desarrollo,722,183.41129032258067,-1980.0,-502.98387096774195,0.9254082766674829,-2.742382271468144,0.5443213296398892,62.50508905852417,-80.92835365853658,0.7723509281092479,-0.05022679421435904,3273.0,,-0.38364406081486674,-0.54314958617954,0.130479735318445,3.005540166204986,25.0,,,627.5,,0/4,7.0,,,,
"cisd, objetivo rango",base,validacion,536,182.2834008097166,2597.5,883.3603238866397,1.0850231583771133,4.8460820895522385,0.5298507462686567,116.71830985915493,-122.202,0.9551260196981631,0.029424106627527112,2318.5,253.0,0.45549866090790786,0.7016095462570319,0.12967922765493617,2.996268656716418,25.0,1.6331087584215591,3.2138594802694898,915.5,0.6205967276227141,3/3,6.0,,,,
"cisd, objetivo rango",base,prueba,302,176.16666666666669,-6759.5,-3943.041666666667,0.7749421498609932,-22.382450331125828,0.5165562913907285,149.19871794871796,-205.71575342465752,0.7252663710237501,-0.09335329439643823,7152.0,,-1.3592564720558362,-1.7807136184232517,0.14044990503323837,3.0364238410596025,26.0,,,717.5,,0/2,8.0,,,,
"cisd, objetivo rango",base,FM 2022-2026,838,,,,0.9313031278369234,-4.966587112171838,0.5250596658711217,,,,,,,,,,,,,,,,,,-15.368645584725536,5.385083532219571,146.75,"{'objetivo': 0.49, 'stop': 0.43, 'tiempo': 0.08, 'cierre_sesion': 0.0}"
"cisd, objetivo rango",alto,desarrollo,721,183.15725806451613,-2522.0,-640.6693548387098,0.9061459166775208,-3.497919556171983,0.5423023578363384,62.27493606138108,-81.67629179331307,0.7624603749025687,-0.06227242846618406,3778.0,,-0.48777817405880436,-0.6864208477703576,0.130479735318445,3.759361997226075,25.0,,,627.0,,0/4,7.0,,,,
"cisd, objetivo rango",alto,validacion,536,182.2834008097166,2196.5,746.9878542510121,1.0713114621041182,4.09794776119403,0.5298507462686567,116.19014084507042,-122.22817460317461,0.9506003114444993,0.022642356982723117,2349.0,253.0,0.38467218737414227,0.5894292575440319,0.12967922765493617,3.7444029850746268,25.0,1.9289779194172547,3.7944457090826313,915.0,0.6701570680628273,3/3,6.0,,,,
"cisd, objetivo rango",alto,prueba,301,175.58333333333334,-6990.0,-4077.5,0.7683781500074557,-23.222591362126245,0.5116279069767442,150.57467532467533,-208.12758620689655,0.7234729334485783,-0.0978593079953442,7363.5,,-1.4042864292561446,-1.8348759987175443,0.14039648622981957,3.8073089700996676,26.0,,,717.0,,0/2,8.0,,,,
"cisd, objetivo rango",alto,FM 2022-2026,837,,,,0.9213922597572974,-5.7270011947431305,0.5232974910394266,,,,,,,,,,,,,,,,,,-16.05573476702509,4.751075268817205,147.5,"{'objetivo': 0.49, 'stop': 0.43, 'tiempo': 0.08, 'cierre_sesion': 0.0}"
"cisd, objetivo 2R",bajo,desarrollo,761,193.3185483870968,569.0,144.5443548387097,1.0151721195637682,0.7477003942181341,0.40867279894875164,122.41800643086816,-83.34,1.4688985652851951,0.010577039826230365,3723.0,1075.0,0.07815627315392502,0.12067081450691775,0.28622311827956987,2.3869908015768724,86.0,8.36731107205624,22.014059753954307,589.5,2.842706502636204,2/4,8.0,,,,
"cisd, objetivo 2R",bajo,validacion,554,188.40485829959513,1350.5,459.2793522267206,1.0316524673924508,2.437725631768953,0.37906137184115524,209.60476190476192,-124.03052325581395,1.6899449942047766,0.011649895299190843,3593.5,280.0,0.18244205983912537,0.30235916883206526,0.2565348281947472,2.3772563176895307,72.5,3.6542021473528323,8.222880414661237,672.5,2.0299888930025918,2/3,8.0,,,,
"cisd, objetivo 2R",bajo,prueba,321,187.25,-4652.5,-2713.9583333333335,0.8836016562214634,-14.493769470404985,0.3894080996884735,282.544,-203.93112244897958,1.3854873969552546,-0.051871796856510284,7511.5,,-0.6725621872708593,-1.0776944206656736,0.28667497625830957,2.4003115264797508,101.0,,,1785.5,,1/2,13.0,,,,
"cisd, objetivo 2R",bajo,FM 2022-2026,875,,,,0.9600421118869271,-3.7737142857142856,0.38285714285714284,,,,,,,,,,,,,,,,,,-15.2638,8.728142857142858,148.5,"{'stop': 0.53, 'tiempo': 0.23, 'objetivo': 0.23, 'cierre_sesion': 0.0}"
"cisd, objetivo 2R",base,desarrollo,761,193.3185483870968,-240.0,-60.96774193548387,0.9936955750817605,-0.31537450722733246,0.40473061760841,122.8198051948052,-84.0364238410596,1.4615068036105114,-0.0075355092027383445,4226.0,,-0.03286983895572144,-0.050528557571553064,0.2874663978494624,3.277923784494087,86.0,,,590.5,,1/4,8.0,,,,
"cisd, objetivo 2R",base,validacion,554,188.40485829959513,1068.5,363.37651821862346,1.0248427709512793,1.9287003610108304,0.37906137184115524,209.9,-125.03052325581395,1.6787900628916197,0.007721384097022997,3628.5,284.0,0.14384585960782983,0.23772676862401912,0.25781168898577805,3.2545126353790614,73.0,4.624239588207768,10.406644829199813,673.5,2.488067384183435,1/3,8.0,,,,
"cisd, objetivo 2R",base,prueba,321,187.25,-4845.5,-2826.541666666667,0.8793646446665754,-15.095015576323988,0.3894080996884735,282.568,-204.93112244897958,1.3788437628371901,-0.054748694374079664,7684.5,,-0.6991780765053738,-1.1182865403014275,0.28709045584045584,3.3006230529595015,101.0,,,1786.5,,1/2,13.0,,,,
"cisd, objetivo 2R",base,FM 2022-2026,875,,,,0.9545908123639949,-4.316571428571429,0.38285714285714284,,,,,,,,,,,,,,,,,,-15.835028571428571,8.187800000000006,149.0,"{'stop': 0.53, 'tiempo': 0.23, 'objetivo': 0.23, 'cierre_sesion': 0.0}"
"cisd, objetivo 2R",alto,desarrollo,761,193.3185483870968,-924.0,-234.72580645161293,0.9760621761658032,-1.21419185282523,0.39947437582128775,123.9342105263158,-84.46389496717724,1.4673039950913556,-0.029596190294487405,4612.5,,-0.12610672414887777,-0.193211949702596,0.2892214640198511,4.174770039421813,87.0,,,591.5,,1/4,8.0,,,,
"cisd, objetivo 2R",alto,validacion,554,188.40485829959513,761.5,258.9716599190283,1.017564497341683,1.3745487364620939,0.37725631768953066,211.08133971291866,-126.03052325581395,1.6748430004092776,0.0032377110126814664,3663.5,284.0,0.10217958576256357,0.16836847211180792,0.2585210560919063,4.134476534296029,73.0,6.496388706500328,14.621799080761654,674.5,3.3821405121470782,1/3,8.0,,,,
"cisd, objetivo 2R",alto,prueba,321,187.25,-5036.5,-2937.9583333333335,0.875218333849489,-15.690031152647975,0.3862928348909657,284.88709677419354,-205.93112244897958,1.383409624471773,-0.057568457403271656,7857.5,,-0.7253876831394959,-1.1581171589241044,0.2872922602089269,4.200934579439252,101.0,,,1787.5,,0/2,13.0,,,,
"cisd, objetivo 2R",alto,FM 2022-2026,875,,,,0.9489351027867697,-4.885714285714286,0.38057142857142856,,,,,,,,,,,,,,,,,,-16.410885714285715,7.6566000000000045,149.5,"{'stop': 0.53, 'tiempo': 0.24, 'objetivo': 0.23, 'cierre_sesion': 0.0}"
