variante,coste,periodo,n,ops_año,neto,neto_año,pf,esperanza,acierto,gan_media,perd_media,ratio_gp,R_medio,dd_max,dd_recuperacion_dias,sharpe,sortino,exposicion,coste_medio,dur_mediana_min,top10_ops_pct,top5pct_ops_pct,mejor_dia,mejor_año_pct,años_pos,racha_perdedora,ic90_bajo,ic90_alto,riesgo_mediano,hora_entrada_mediana,salidas
"C1 4:00-8:00 Italia, objetivo extremo_opuesto",bajo,desarrollo,701,178.07661290322582,-289.0,-73.41532258064517,0.9816222059711933,-0.4122681883024251,0.4122681883024251,53.41349480968858,-38.16868932038835,1.3994060514191404,-0.08458351376801172,1732.0,551.0,-0.08498059112901461,-0.1371046539349723,0.04451979472140762,2.2938659058487874,48.0,,,443.0,,1/4,9.0,,,,,
"C1 4:00-8:00 Italia, objetivo extremo_opuesto",bajo,validacion,505,171.7408906882591,169.5,57.64372469635627,1.010968389038082,0.33564356435643566,0.44554455445544555,69.43555555555555,-55.191071428571426,1.2580939952473909,-0.016610396684523597,1312.5,140.0,0.055667786092482324,0.08623524363946138,0.03664581033002086,2.278217821782178,32.0,15.398230088495575,29.041297935103245,413.0,2.5634218289085546,1/3,8.0,,,,,
"C1 4:00-8:00 Italia, objetivo extremo_opuesto",bajo,prueba,323,188.41666666666669,-2206.5,-1287.125,0.8808713961775186,-6.8312693498452015,0.3993808049535604,126.47674418604652,-95.47422680412372,1.3247213244840201,-0.08341210498786035,5128.5,,-0.6331948498082074,-0.8991138611744384,0.04732393378226712,2.3003095975232197,47.0,,,682.5,,1/2,11.0,,,,,
"C1 4:00-8:00 Italia, objetivo extremo_opuesto",bajo,FM 2022-2026,828,,,,0.9400450324498536,-2.460144927536232,0.427536231884058,,,,,,,,,,,,,,,,,,-9.308182367149758,2.504378019323672,58.5,10:00,"{'stop': 0.57, 'objetivo': 0.43, 'cierre_sesion': 0.0, 'stop_hueco': 0.0}"
"C1 4:00-8:00 Italia, objetivo extremo_opuesto",base,desarrollo,701,178.07661290322582,-845.5,-214.7842741935484,0.9476065065840433,-1.2061340941512126,0.4122681883024251,52.91349480968858,-39.16868932038835,1.3509130820506083,-0.11820161138248991,2051.5,,-0.24795056041129407,-0.39556958411700255,0.04451979472140762,3.0877318116975747,48.0,,,442.5,,1/4,9.0,,,,,
"C1 4:00-8:00 Italia, objetivo extremo_opuesto",base,validacion,505,171.7408906882591,-223.5,-76.0080971659919,0.9857946420059109,-0.4425742574257426,0.44554455445544555,68.93333333333334,-56.191071428571426,1.226766665607356,-0.03934437651783366,1346.0,144.0,-0.07322162791936158,-0.11238244346072894,0.03664581033002086,3.0564356435643565,32.0,,,412.5,,1/3,8.0,,,,,
"C1 4:00-8:00 Italia, objetivo extremo_opuesto",base,prueba,323,188.41666666666669,-2465.0,-1437.9166666666667,0.8682945073733703,-7.631578947368421,0.3993808049535604,125.97674418604652,-96.47422680412372,1.305807243646774,-0.09646518589916324,5346.5,,-0.7064689984349005,-0.9991670771004366,0.04732393378226712,3.1006191950464395,47.0,,,682.0,,1/2,11.0,,,,,
"C1 4:00-8:00 Italia, objetivo extremo_opuesto",base,FM 2022-2026,828,,,,0.9219582287115923,-3.2469806763285023,0.427536231884058,,,,,,,,,,,,,,,,,,-10.095772946859903,1.726841787439615,59.0,10:00,"{'stop': 0.57, 'objetivo': 0.43, 'cierre_sesion': 0.0, 'stop_hueco': 0.0}"
"C1 4:00-8:00 Italia, objetivo extremo_opuesto",alto,desarrollo,701,178.07661290322582,-1402.0,-356.15322580645164,0.9152844496812592,-2.0,0.4122681883024251,52.41349480968858,-40.16868932038835,1.3048345787843556,-0.14934714311429703,2386.5,,-0.4100248342497562,-0.6468833201304502,0.04451979472140762,3.8815977175463625,48.0,,,442.0,,1/4,9.0,,,,,
"C1 4:00-8:00 Italia, objetivo extremo_opuesto",alto,validacion,505,171.7408906882591,-616.5,-209.65991902834006,0.9615012333343741,-1.2207920792079208,0.44554455445544555,68.43111111111111,-57.191071428571426,1.1965348681494434,-0.060632154568844625,1520.0,,-0.20146993703678245,-0.3063996790818118,0.03664581033002086,3.8346534653465345,32.0,,,412.0,,1/3,8.0,,,,,
"C1 4:00-8:00 Italia, objetivo extremo_opuesto",alto,prueba,323,188.41666666666669,-2723.5,-1588.7083333333335,0.8559756742464305,-8.43188854489164,0.3993808049535604,125.47674418604652,-97.47422680412372,1.2872812465411434,-0.10911164093641501,5564.5,,-0.7795488920511972,-1.0981442909690595,0.04732393378226712,3.9009287925696596,47.0,,,681.5,,1/2,11.0,,,,,
"C1 4:00-8:00 Italia, objetivo extremo_opuesto",alto,FM 2022-2026,828,,,,0.9043623920855585,-4.033816425120773,0.427536231884058,,,,,,,,,,,,,,,,,,-10.891032608695653,0.9521437198067649,59.5,10:00,"{'stop': 0.57, 'objetivo': 0.43, 'cierre_sesion': 0.0, 'stop_hueco': 0.0}"
"C1 4:00-8:00 Italia, objetivo 2R",bajo,desarrollo,701,178.07661290322582,-4111.5,-1044.453629032258,0.8094233799944377,-5.865192582025678,0.3209700427960057,77.61111111111111,-45.3235294117647,1.7123801283437885,-0.13507212194247617,4668.0,,-0.9786478871427716,-1.4364095160787018,0.06303381598240469,2.3495007132667616,71.0,,,498.5,,0/4,17.0,,,,,
"C1 4:00-8:00 Italia, objetivo 2R",bajo,validacion,505,171.7408906882591,-957.0,-325.4574898785425,0.9557988083691284,-1.895049504950495,0.32673267326732675,125.41818181818182,-63.67941176470588,1.969524817245477,-0.08291305681696541,3055.0,,-0.22550706965597153,-0.3816712103214295,0.05974011368748211,2.3435643564356434,64.0,,,553.5,,1/3,12.0,,,,,
"C1 4:00-8:00 Italia, objetivo 2R",bajo,prueba,323,188.41666666666669,-1310.5,-764.4583333333334,0.941464177237806,-4.057275541795666,0.34674922600619196,188.19196428571428,-106.10426540284361,1.7736512624747949,-0.010307114616694228,4953.0,,-0.30471412390913055,-0.4845638908062263,0.06696303310886645,2.3359133126934983,67.0,,,812.5,,1/2,12.0,,,,,
"C1 4:00-8:00 Italia, objetivo 2R",bajo,FM 2022-2026,828,,,,0.9485115465837098,-2.7385265700483092,0.33454106280193235,,,,,,,,,,,,,,,,,,-10.721044685990337,3.5543780193236736,58.5,10:00,"{'stop': 0.66, 'objetivo': 0.32, 'cierre_sesion': 0.02, 'stop_hueco': 0.0}"
"C1 4:00-8:00 Italia, objetivo 2R",base,desarrollo,701,178.07661290322582,-4599.5,-1168.421370967742,0.7921458752287773,-6.5613409415121255,0.3152639087018545,79.31674208144797,-46.10104166666667,1.7204978285511907,-0.16432311263979824,5120.0,,-1.0873855948670947,-1.5896809976871973,0.06351799242424243,3.204707560627675,72.0,,,497.5,,0/4,17.0,,,,,
"C1 4:00-8:00 Italia, objetivo 2R",base,validacion,505,171.7408906882591,-1147.0,-390.0728744939271,0.9478422991223683,-2.271287128712871,0.32673267326732675,126.32727272727273,-64.67941176470588,1.9531295860703348,-0.0905420174910649,3227.0,,-0.2685545616396698,-0.4528487640852356,0.059939475728949414,3.1871287128712873,64.0,,,554.5,,1/3,12.0,,,,,
"C1 4:00-8:00 Italia, objetivo 2R",base,prueba,323,188.41666666666669,-1496.0,-872.6666666666667,0.9338813754088217,-4.631578947368421,0.34365325077399383,190.36036036036037,-106.72641509433963,1.7836292935736056,-0.024792487270480244,5025.5,,-0.34659447712097147,-0.5502136087602298,0.06772236251402917,3.174922600619195,67.0,,,813.5,,1/2,12.0,,,,,
"C1 4:00-8:00 Italia, objetivo 2R",base,FM 2022-2026,828,,,,0.940762489633996,-3.1920289855072466,0.3333333333333333,,,,,,,,,,,,,,,,,,-11.240398550724636,3.135688405797103,59.0,10:00,"{'stop': 0.66, 'objetivo': 0.32, 'cierre_sesion': 0.02, 'stop_hueco': 0.0}"
"C1 4:00-8:00 Italia, objetivo 2R",alto,desarrollo,701,178.07661290322582,-5418.5,-1376.4737903225807,0.7623256426002281,-7.729671897289586,0.30813124108416545,80.46064814814815,-47.00618556701031,1.7117034104681046,-0.19734474679767058,5852.0,,-1.2751065436792712,-1.8497863209294787,0.06472919721407625,4.067760342368046,73.0,,,496.5,,0/4,17.0,,,,,
"C1 4:00-8:00 Italia, objetivo 2R",alto,validacion,505,171.7408906882591,-1335.0,-454.00809716599184,0.9402176346782499,-2.6435643564356437,0.32673267326732675,127.24848484848485,-65.67941176470588,1.9374181563066972,-0.09774872415379411,3397.0,,-0.3105760543878173,-0.521799791954911,0.06017359833149307,4.03069306930693,65.0,,,555.5,,1/3,12.0,,,,,
"C1 4:00-8:00 Italia, objetivo 2R",alto,prueba,323,188.41666666666669,-1660.0,-968.3333333333334,0.9273840769903762,-5.139318885448916,0.33746130030959753,194.4954128440367,-106.82242990654206,1.8207357107884452,-0.04980947884833496,5099.5,,-0.38318305856882123,-0.6073194873311363,0.06782582772166106,4.021671826625387,67.0,,,814.5,,1/2,12.0,,,,,
"C1 4:00-8:00 Italia, objetivo 2R",alto,FM 2022-2026,828,,,,0.9337257418512536,-3.617149758454106,0.3309178743961353,,,,,,,,,,,,,,,,,,-11.707246376811593,2.769444444444445,59.5,10:00,"{'stop': 0.66, 'objetivo': 0.32, 'cierre_sesion': 0.02, 'stop_hueco': 0.0}"
"C1 0:00-4:00 Italia, objetivo extremo_opuesto",bajo,desarrollo,817,207.5443548387097,-1130.0,-287.05645161290323,0.9428296779742481,-1.383108935128519,0.2937576499388005,77.64791666666666,-34.255632582322356,2.2667196841297548,-0.10027065964974768,1884.0,,-0.2740485729019039,-0.5005328199599796,0.08507529936461387,2.357405140758874,95.0,,,783.5,,1/4,16.0,,,,,
"C1 0:00-4:00 Italia, objetivo extremo_opuesto",bajo,validacion,597,203.02834008097165,-310.0,-105.4251012145749,0.9832450545886932,-0.5192629815745393,0.3417085427135678,89.17647058823529,-47.07888040712468,1.8941926786929235,-0.07050105022116591,3223.5,,-0.08830193762664443,-0.15363138790572783,0.06936572199730094,2.3299832495812396,78.0,,,698.5,,1/3,14.0,,,,,
"C1 0:00-4:00 Italia, objetivo extremo_opuesto",bajo,prueba,359,209.41666666666669,-3704.5,-2160.9583333333335,0.8270218528203213,-10.318941504178273,0.27298050139275765,180.7295918367347,-82.0536398467433,2.2025786080214678,-0.07699534786943041,3728.5,,-0.9842378151284835,-1.5541108701497743,0.07536651234567901,2.364902506963788,72.0,,,686.5,,0/2,15.0,,,,,
"C1 0:00-4:00 Italia, objetivo extremo_opuesto",bajo,FM 2022-2026,956,,,,0.8994313342351822,-4.199267782426778,0.3158995815899582,,,,,,,,,,,,,,,,,,-9.336401673640166,1.6929916317991651,48.0,8:00,"{'stop': 0.68, 'objetivo': 0.31, 'stop_hueco': 0.01, 'cierre_sesion': 0.0}"
"C1 0:00-4:00 Italia, objetivo extremo_opuesto",base,desarrollo,817,207.5443548387097,-1830.5,-465.0060483870968,0.9100159764040802,-2.240514075887393,0.2937576499388005,77.13333333333334,-35.255632582322356,2.1878300766048095,-0.1400535424012114,2332.5,,-0.4429735424093705,-0.7985446333892298,0.08507529936461387,3.2148102815177477,95.0,,,783.0,,1/4,16.0,,,,,
"C1 0:00-4:00 Italia, objetivo extremo_opuesto",base,validacion,597,203.02834008097165,-805.5,-273.93522267206475,0.957369674517068,-1.349246231155779,0.3417085427135678,88.67401960784314,-48.07888040712468,1.8443445200255282,-0.09844112400470184,3556.0,,-0.22893735597413142,-0.39390991366026873,0.06936572199730094,3.159966499162479,78.0,,,698.0,,1/3,14.0,,,,,
"C1 0:00-4:00 Italia, objetivo extremo_opuesto",base,prueba,359,209.41666666666669,-4015.0,-2342.0833333333335,0.8147806430779166,-11.183844011142062,0.27298050139275765,180.22448979591837,-83.0536398467433,2.1699770188095537,-0.09625453857085664,4016.5,,-1.0654628478857926,-1.6735276656087448,0.07536651234567901,3.2298050139275767,72.0,,,686.0,,0/2,15.0,,,,,
"C1 0:00-4:00 Italia, objetivo extremo_opuesto",base,FM 2022-2026,956,,,,0.8811865325840481,-5.042364016736402,0.3158995815899582,,,,,,,,,,,,,,,,,,-10.19003661087866,0.8587081589958174,48.5,8:00,"{'stop': 0.68, 'objetivo': 0.31, 'stop_hueco': 0.01, 'cierre_sesion': 0.0}"
"C1 0:00-4:00 Italia, objetivo extremo_opuesto",alto,desarrollo,817,207.5443548387097,-2531.0,-642.9556451612904,0.8790124046941848,-3.097919216646267,0.2937576499388005,76.61875,-36.255632582322356,2.1132923229522698,-0.1768153493643319,2935.5,,-0.6111509429436207,-1.0874540408658928,0.08507529936461387,4.072215422276622,95.0,,,782.5,,0/4,16.0,,,,,
"C1 0:00-4:00 Italia, objetivo extremo_opuesto",alto,validacion,597,203.02834008097165,-1301.0,-442.4453441295546,0.9325487349647449,-2.1792294807370185,0.3417085427135678,88.17156862745098,-49.07888040712468,1.7965277100056116,-0.12469258855193077,3920.5,,-0.36894661663366457,-0.6278488145117054,0.06936572199730094,3.9899497487437188,78.0,,,697.5,,1/3,14.0,,,,,
"C1 0:00-4:00 Italia, objetivo extremo_opuesto",alto,prueba,359,209.41666666666669,-4325.5,-2523.2083333333335,0.8028307047132829,-12.04874651810585,0.27298050139275765,179.71938775510205,-84.0536398467433,2.138151162552723,-0.11472743567714104,4304.5,,-1.1464874762942106,-1.7913525003028705,0.07536651234567901,4.094707520891365,72.0,,,685.5,,0/2,15.0,,,,,
"C1 0:00-4:00 Italia, objetivo extremo_opuesto",alto,FM 2022-2026,956,,,,0.8635205938000291,-5.885460251046025,0.3158995815899582,,,,,,,,,,,,,,,,,,-11.04411610878661,0.026202928870293078,49.0,8:00,"{'stop': 0.68, 'objetivo': 0.31, 'stop_hueco': 0.01, 'cierre_sesion': 0.0}"
"C1 0:00-4:00 Italia, objetivo 2R",bajo,desarrollo,817,207.5443548387097,-4581.5,-1163.8487903225807,0.7914134171048738,-5.6077111383108935,0.31946144430844553,66.6015325670498,-39.5044964028777,1.6859228349054014,-0.15266955671004565,5336.5,,-1.1775548692253779,-1.7127500084225529,0.08292094330400782,2.347613219094247,87.0,,,346.5,,1/4,13.0,,,,,
"C1 0:00-4:00 Italia, objetivo 2R",bajo,validacion,597,203.02834008097165,-208.5,-70.90688259109311,0.9902540491270713,-0.3492462311557789,0.3500837520938023,101.36363636363636,-55.13788659793814,1.8383663687143716,-0.023863241726390306,3119.0,,-0.04764071916464849,-0.08895515081470054,0.07463092463092463,2.3299832495812396,87.0,,,1126.5,,2/3,11.0,,,,,
"C1 0:00-4:00 Italia, objetivo 2R",bajo,prueba,359,209.41666666666669,-2458.5,-1434.125,0.8860460265591323,-6.848189415041783,0.2924791086350975,182.05714285714285,-84.93897637795276,2.1433875309144725,-0.18067893966186996,2973.5,,-0.6250458801261366,-1.0294030536419816,0.07312184343434343,2.363509749303621,71.0,,,706.5,,0/2,17.0,,,,,
"C1 0:00-4:00 Italia, objetivo 2R",bajo,FM 2022-2026,956,,,,0.9379305529696519,-2.7897489539748954,0.3284518828451883,,,,,,,,,,,,,,,,,,-8.328216527196652,3.643671548117156,48.0,8:00,"{'stop': 0.66, 'objetivo': 0.31, 'cierre_sesion': 0.02, 'stop_hueco': 0.0}"
"C1 0:00-4:00 Italia, objetivo 2R",base,desarrollo,817,207.5443548387097,-5225.5,-1327.445564516129,0.7691916961130743,-6.3959608323133414,0.31334149326805383,68.025390625,-40.35650623885918,1.6856114903102914,-0.18453477774969346,5940.5,,-1.3331663249463106,-1.9274279225447806,0.08431314149560118,3.201346389228886,90.0,,,347.5,,0/4,13.0,,,,,
"C1 0:00-4:00 Italia, objetivo 2R",base,validacion,597,203.02834008097165,-466.5,-158.6477732793522,0.9786092578581745,-0.7814070351758794,0.34673366834170855,103.10144927536231,-55.91923076923077,1.8437565727762708,-0.04349799089406677,3372.0,,-0.10591508260198959,-0.196744778225539,0.07531693452746084,3.163316582914573,88.0,,,1127.5,,2/3,11.0,,,,,
"C1 0:00-4:00 Italia, objetivo 2R",base,prueba,359,209.41666666666669,-2736.0,-1596.0,0.8748913987836664,-7.621169916434541,0.28969359331476324,183.97115384615384,-85.7607843137255,2.145166410479182,-0.19627946602140808,3208.0,,-0.6929713678844491,-1.1379191042909544,0.07344802188552188,3.2298050139275767,71.0,,,707.5,,0/2,17.0,,,,,
"C1 0:00-4:00 Italia, objetivo 2R",base,FM 2022-2026,956,,,,0.9266784957930284,-3.3498953974895396,0.3253138075313807,,,,,,,,,,,,,,,,,,-8.978242677824268,3.119508368200838,48.5,8:00,"{'stop': 0.66, 'objetivo': 0.31, 'cierre_sesion': 0.02, 'stop_hueco': 0.0}"
"C1 0:00-4:00 Italia, objetivo 2R",alto,desarrollo,817,207.5443548387097,-5836.0,-1482.532258064516,0.7496568291008923,-7.1432068543451654,0.3047735618115055,70.18473895582329,-41.04225352112676,1.7100605579490233,-0.22410302292821696,6472.0,,-1.4761268510742283,-2.125601780884775,0.08556634897360704,4.064871481028152,92.0,,,348.5,,0/4,13.0,,,,,
"C1 0:00-4:00 Italia, objetivo 2R",alto,validacion,597,203.02834008097165,-850.0,-289.06882591093114,0.9618252043474356,-1.423785594639866,0.34338358458961477,104.46829268292683,-56.80102040816327,1.8391974639229012,-0.06303388832800662,3751.0,,-0.19188721127480723,-0.35410280635685676,0.07599681020733652,4.0,88.0,,,1128.5,,1/3,11.0,,,,,
"C1 0:00-4:00 Italia, objetivo 2R",alto,prueba,359,209.41666666666669,-3045.0,-1776.25,0.8626924897977589,-8.481894150417828,0.28690807799442897,185.74271844660194,-86.626953125,2.144167741633265,-0.2111477081131065,3479.0,,-0.7684463716339724,-1.2577462050358363,0.0741091470258137,4.098885793871866,72.0,,,708.5,,0/2,17.0,,,,,
"C1 0:00-4:00 Italia, objetivo 2R",alto,FM 2022-2026,956,,,,0.912358665691624,-4.074267782426778,0.32217573221757323,,,,,,,,,,,,,,,,,,-9.73739539748954,2.4787918410041847,49.0,8:00,"{'stop': 0.67, 'objetivo': 0.31, 'cierre_sesion': 0.02, 'stop_hueco': 0.0}"
