entry_hour_rome,trades,win_rate_%,profit_factor,expectancy_R,t_stat_R,net_$,sample_flag,scenario
0,1,0.0,0.0,-1.0,,-251.0,INSUFFICIENT_SAMPLE,A
1,2,100.0,inf,2.0,,999.0,INSUFFICIENT_SAMPLE,A
2,1,100.0,inf,2.0,,519.0,INSUFFICIENT_SAMPLE,A
3,1,0.0,0.0,-1.0,,-252.0,INSUFFICIENT_SAMPLE,A
5,2,50.0,2.057,0.5,0.33,262.0,INSUFFICIENT_SAMPLE,A
6,5,20.0,0.495,-0.4,-0.67,-516.0,INSUFFICIENT_SAMPLE,A
7,3,33.3,0.969,0.0,0.0,-16.0,INSUFFICIENT_SAMPLE,A
8,2,0.0,0.0,-1.0,,-511.0,INSUFFICIENT_SAMPLE,A
9,2,0.0,0.0,-1.0,,-502.0,INSUFFICIENT_SAMPLE,A
11,1,100.0,inf,2.0,,510.0,INSUFFICIENT_SAMPLE,A
12,2,50.0,1.956,0.5,0.33,246.0,INSUFFICIENT_SAMPLE,A
13,2,0.0,0.0,-1.0,,-515.0,INSUFFICIENT_SAMPLE,A
14,6,33.3,1.0,0.0,0.0,0.0,INSUFFICIENT_SAMPLE,A
15,1,0.0,0.0,-1.0,,-258.0,INSUFFICIENT_SAMPLE,A
16,3,33.3,1.003,0.0,0.0,2.0,INSUFFICIENT_SAMPLE,A
17,1,0.0,0.0,-1.0,,-254.0,INSUFFICIENT_SAMPLE,A
18,2,0.0,0.0,-1.0,,-506.0,INSUFFICIENT_SAMPLE,A
19,2,100.0,inf,2.0,,1008.0,INSUFFICIENT_SAMPLE,A
22,2,50.0,1.95,0.5,0.33,245.0,INSUFFICIENT_SAMPLE,A
0,1,0.0,0.0,-1.0324,,-259.0,INSUFFICIENT_SAMPLE,B
1,2,100.0,inf,1.9509,66.08,974.0,INSUFFICIENT_SAMPLE,B
2,1,100.0,inf,1.8588,,477.0,INSUFFICIENT_SAMPLE,B
3,1,0.0,0.0,-1.0544,,-258.0,INSUFFICIENT_SAMPLE,B
5,2,50.0,1.858,0.4207,0.29,217.0,INSUFFICIENT_SAMPLE,B
6,5,20.0,0.434,-0.4827,-0.81,-621.0,INSUFFICIENT_SAMPLE,B
7,3,33.3,0.865,-0.09,-0.09,-75.0,INSUFFICIENT_SAMPLE,B
8,2,0.0,0.0,-1.0843,-21.86,-547.0,INSUFFICIENT_SAMPLE,B
9,2,0.0,0.0,-1.0943,-66.16,-546.0,INSUFFICIENT_SAMPLE,B
11,1,100.0,inf,1.9246,,491.0,INSUFFICIENT_SAMPLE,B
12,2,50.0,1.762,0.4215,0.28,210.0,INSUFFICIENT_SAMPLE,B
13,2,0.0,0.0,-1.1063,-123.71,-566.0,INSUFFICIENT_SAMPLE,B
14,6,33.3,0.87,-0.0965,-0.16,-140.0,INSUFFICIENT_SAMPLE,B
15,1,0.0,0.0,-1.1318,,-292.0,INSUFFICIENT_SAMPLE,B
16,3,33.3,0.928,-0.0572,-0.06,-37.0,INSUFFICIENT_SAMPLE,B
17,1,0.0,0.0,-1.0407,,-265.0,INSUFFICIENT_SAMPLE,B
18,2,0.0,0.0,-1.0764,-64.58,-540.0,INSUFFICIENT_SAMPLE,B
19,2,100.0,inf,1.9327,48.65,947.0,INSUFFICIENT_SAMPLE,B
22,2,50.0,1.721,0.4019,0.27,200.0,INSUFFICIENT_SAMPLE,B
0,1,0.0,0.0,-1.0675,,-268.0,INSUFFICIENT_SAMPLE,C
1,2,100.0,inf,1.9376,51.67,967.0,INSUFFICIENT_SAMPLE,C
2,1,100.0,inf,1.8207,,468.0,INSUFFICIENT_SAMPLE,C
3,1,0.0,0.0,-1.1132,,-273.0,INSUFFICIENT_SAMPLE,C
5,2,50.0,1.784,0.3915,0.27,202.0,INSUFFICIENT_SAMPLE,C
6,5,20.0,0.4,-0.5579,-0.91,-705.0,INSUFFICIENT_SAMPLE,C
7,3,33.3,0.784,-0.1674,-0.16,-131.0,INSUFFICIENT_SAMPLE,C
8,2,0.0,0.0,-1.1754,-11.39,-589.0,INSUFFICIENT_SAMPLE,C
9,2,0.0,0.0,-1.1963,-34.76,-587.0,INSUFFICIENT_SAMPLE,C
11,1,100.0,inf,1.9042,,476.0,INSUFFICIENT_SAMPLE,C
12,2,50.0,1.592,0.3635,0.23,175.0,INSUFFICIENT_SAMPLE,C
13,2,0.0,0.0,-1.2213,-65.62,-621.0,INSUFFICIENT_SAMPLE,C
14,6,33.3,0.8,-0.1593,-0.26,-229.0,INSUFFICIENT_SAMPLE,C
15,1,0.0,0.0,-1.2744,,-325.0,INSUFFICIENT_SAMPLE,C
16,3,33.3,0.871,-0.1026,-0.1,-71.0,INSUFFICIENT_SAMPLE,C
17,1,0.0,0.0,-1.0847,,-266.0,INSUFFICIENT_SAMPLE,C
18,2,0.0,0.0,-1.1591,-33.41,-582.0,INSUFFICIENT_SAMPLE,C
19,2,100.0,inf,1.9145,37.93,938.0,INSUFFICIENT_SAMPLE,C
22,2,50.0,1.556,0.3388,0.22,168.0,INSUFFICIENT_SAMPLE,C
