variant,scenario,trades,win_rate_%,profit_factor,expectancy_R,t_stat_R,net_$,max_dd_%,sample_flag
v1.0 (oficial),A,41,34.1,1.03,0.0244,0.11,209.0,-4.87,INSUFFICIENT_SAMPLE
v1.0 (oficial),B,41,34.1,0.914,-0.058,-0.26,-631.0,-5.61,INSUFFICIENT_SAMPLE
v1.0 (oficial),C,41,34.1,0.84,-0.1215,-0.53,-1253.0,-6.28,INSUFFICIENT_SAMPLE
swing 3 velas,A,28,32.1,0.943,-0.0357,-0.13,-270.0,-4.36,INSUFFICIENT_SAMPLE
swing 3 velas,B,28,32.1,0.826,-0.1278,-0.47,-892.0,-4.88,INSUFFICIENT_SAMPLE
swing 3 velas,C,28,32.1,0.746,-0.2032,-0.73,-1417.0,-5.42,INSUFFICIENT_SAMPLE
"TP 1,5R",A,41,43.9,1.168,0.0976,0.5,981.0,-2.45,INSUFFICIENT_SAMPLE
"TP 1,5R",B,41,43.9,1.016,0.0152,0.08,99.0,-3.03,INSUFFICIENT_SAMPLE
"TP 1,5R",C,41,43.9,0.929,-0.0428,-0.21,-479.0,-3.65,INSUFFICIENT_SAMPLE
"TP 2,5R",A,40,27.5,0.939,-0.0375,-0.15,-446.0,-4.02,INSUFFICIENT_SAMPLE
"TP 2,5R",B,40,27.5,0.846,-0.1185,-0.48,-1192.0,-5.31,INSUFFICIENT_SAMPLE
"TP 2,5R",C,40,27.5,0.78,-0.1854,-0.73,-1824.0,-6.47,INSUFFICIENT_SAMPLE
entrada borde cercano,A,49,28.6,0.8,-0.1429,-0.73,-1703.0,-6.65,INSUFFICIENT_SAMPLE
entrada borde cercano,B,49,28.6,0.717,-0.208,-1.07,-2542.0,-8.14,INSUFFICIENT_SAMPLE
entrada borde cercano,C,49,28.6,0.669,-0.2622,-1.32,-3148.0,-9.27,INSUFFICIENT_SAMPLE
entrada borde lejano,A,38,31.6,0.901,-0.0612,-0.27,-648.0,-5.07,INSUFFICIENT_SAMPLE
entrada borde lejano,B,38,31.6,0.777,-0.1604,-0.69,-1601.0,-6.12,INSUFFICIENT_SAMPLE
entrada borde lejano,C,38,31.6,0.701,-0.2465,-1.03,-2343.0,-7.27,INSUFFICIENT_SAMPLE
buffer 0,A,41,36.6,1.134,0.0976,0.43,899.0,-3.49,INSUFFICIENT_SAMPLE
buffer 0,B,41,36.6,0.999,0.0074,0.03,-7.0,-4.3,INSUFFICIENT_SAMPLE
buffer 0,C,41,36.6,0.908,-0.0618,-0.26,-713.0,-5.09,INSUFFICIENT_SAMPLE
