weekday,trades,win_rate_%,profit_factor,expectancy_R,t_stat_R,net_$,sample_flag,scenario
jueves,15,33.3,0.991,0.0,0.0,-22.0,INSUFFICIENT_SAMPLE,A
lunes,3,33.3,0.999,0.0,0.0,-0.0,INSUFFICIENT_SAMPLE,A
martes,7,14.3,0.334,-0.5714,-1.33,-1015.0,INSUFFICIENT_SAMPLE,A
miércoles,5,80.0,7.996,1.4,2.33,1780.0,INSUFFICIENT_SAMPLE,A
viernes,11,27.3,0.739,-0.1818,-0.43,-533.0,INSUFFICIENT_SAMPLE,A
jueves,15,33.3,0.874,-0.089,-0.24,-347.0,INSUFFICIENT_SAMPLE,B
lunes,3,33.3,0.904,-0.0668,-0.07,-51.0,INSUFFICIENT_SAMPLE,B
martes,7,14.3,0.291,-0.6447,-1.48,-1159.0,INSUFFICIENT_SAMPLE,B
miércoles,5,80.0,7.183,1.2995,2.22,1637.0,INSUFFICIENT_SAMPLE,B
viernes,11,27.3,0.671,-0.2569,-0.61,-712.0,INSUFFICIENT_SAMPLE,B
jueves,15,33.3,0.799,-0.1592,-0.41,-591.0,INSUFFICIENT_SAMPLE,C
lunes,3,33.3,0.849,-0.1103,-0.11,-84.0,INSUFFICIENT_SAMPLE,C
martes,7,14.3,0.27,-0.7208,-1.61,-1281.0,INSUFFICIENT_SAMPLE,C
miércoles,5,80.0,7.018,1.2657,2.15,1602.0,INSUFFICIENT_SAMPLE,C
viernes,11,27.3,0.613,-0.3225,-0.75,-899.0,INSUFFICIENT_SAMPLE,C
