estrategia,tamaño,ventanas,intentos,p_aprobar,p_suspender,p_sin_resolver,dias_mediana_aprobar,ops_saltadas_por_riesgo
A1 ORB immediate + vol (2R 11:30),riesgo 50 $,2022-2026 (fuera de muestra),1113,0.0,0.0,1.0,,0.8250471994965387
A1 ORB immediate + vol (2R 11:30),riesgo 50 $,2018-2026 (todo),2105,0.0,0.0,1.0,,0.8250471994965387
A1 ORB immediate + vol (2R 11:30),riesgo 100 $,2022-2026 (fuera de muestra),1113,0.0,0.0,1.0,,0.3958464443045941
A1 ORB immediate + vol (2R 11:30),riesgo 100 $,2018-2026 (todo),2105,0.0,0.0,1.0,,0.3958464443045941
A1 ORB immediate + vol (2R 11:30),riesgo 150 $,2022-2026 (fuera de muestra),1113,0.11859838274932614,0.4339622641509434,0.4474393530997305,201.0,0.144745122718691
A1 ORB immediate + vol (2R 11:30),riesgo 150 $,2018-2026 (todo),2105,0.06270783847980997,0.5106888361045131,0.42660332541567697,201.0,0.144745122718691
A1 ORB immediate + vol (2R 11:30),riesgo 200 $,2022-2026 (fuera de muestra),1113,0.16711590296495957,0.6747529200359389,0.15813117699910154,109.5,0.05852737570799245
A1 ORB immediate + vol (2R 11:30),riesgo 200 $,2018-2026 (todo),2105,0.16389548693586697,0.6745843230403801,0.16152019002375298,108.0,0.05852737570799245
A1 ORB close + vol (2R 11:30),riesgo 50 $,2022-2026 (fuera de muestra),1113,0.0,0.0,1.0,,0.8986058301647655
A1 ORB close + vol (2R 11:30),riesgo 50 $,2018-2026 (todo),2105,0.0,0.0,1.0,,0.8986058301647655
A1 ORB close + vol (2R 11:30),riesgo 100 $,2022-2026 (fuera de muestra),1113,0.0,0.0,1.0,,0.5944233206590621
A1 ORB close + vol (2R 11:30),riesgo 100 $,2018-2026 (todo),2105,0.0,0.03467933491686461,0.9653206650831354,,0.5944233206590621
A1 ORB close + vol (2R 11:30),riesgo 150 $,2022-2026 (fuera de muestra),1113,0.036837376460017966,0.0,0.963162623539982,221.0,0.2864385297845374
A1 ORB close + vol (2R 11:30),riesgo 150 $,2018-2026 (todo),2105,0.019477434679334917,0.24275534441805224,0.7377672209026128,221.0,0.2864385297845374
A1 ORB close + vol (2R 11:30),riesgo 200 $,2022-2026 (fuera de muestra),1113,0.22371967654986524,0.1985624438454627,0.577717879604672,159.0,0.13244613434727504
A1 ORB close + vol (2R 11:30),riesgo 200 $,2018-2026 (todo),2105,0.1182897862232779,0.39667458432304037,0.4850356294536817,159.0,0.13244613434727504
A1 ORB retest (2R 11:30),riesgo 50 $,2022-2026 (fuera de muestra),1113,0.0,0.0,1.0,,0.3413705583756345
A1 ORB retest (2R 11:30),riesgo 50 $,2018-2026 (todo),2105,0.0,0.0,1.0,,0.3413705583756345
A1 ORB retest (2R 11:30),riesgo 100 $,2022-2026 (fuera de muestra),1113,0.0,0.30098831985624436,0.6990116801437556,,0.09771573604060914
A1 ORB retest (2R 11:30),riesgo 100 $,2018-2026 (todo),2105,0.0,0.21757719714964371,0.7824228028503563,,0.09771573604060914
A1 ORB retest (2R 11:30),riesgo 150 $,2022-2026 (fuera de muestra),1113,0.0,0.44025157232704404,0.559748427672956,,0.04187817258883249
A1 ORB retest (2R 11:30),riesgo 150 $,2018-2026 (todo),2105,0.0,0.4669833729216152,0.5330166270783848,,0.04187817258883249
A1 ORB retest (2R 11:30),riesgo 200 $,2022-2026 (fuera de muestra),1113,0.0,0.6540880503144654,0.34591194968553457,,0.013959390862944163
A1 ORB retest (2R 11:30),riesgo 200 $,2018-2026 (todo),2105,0.0,0.7439429928741093,0.25605700712589075,,0.013959390862944163
A1 ORB immediate salida cierre,riesgo 50 $,2022-2026 (fuera de muestra),1113,0.0,0.0,1.0,,0.8166281755196305
A1 ORB immediate salida cierre,riesgo 50 $,2018-2026 (todo),2105,0.0,0.0,1.0,,0.8166281755196305
A1 ORB immediate salida cierre,riesgo 100 $,2022-2026 (fuera de muestra),1113,0.0,0.14824797843665768,0.8517520215633423,,0.43371824480369514
A1 ORB immediate salida cierre,riesgo 100 $,2018-2026 (todo),2105,0.16389548693586697,0.25653206650831356,0.5795724465558195,159.0,0.43371824480369514
A1 ORB immediate salida cierre,riesgo 150 $,2022-2026 (fuera de muestra),1113,0.2857142857142857,0.527403414195867,0.18688230008984727,91.0,0.18475750577367206
A1 ORB immediate salida cierre,riesgo 150 $,2018-2026 (todo),2105,0.3016627078384798,0.58812351543943,0.11021377672209026,90.0,0.18475750577367206
A1 ORB immediate salida cierre,riesgo 200 $,2022-2026 (fuera de muestra),1113,0.42048517520215634,0.5795148247978437,0.0,51.0,0.0836027713625866
A1 ORB immediate salida cierre,riesgo 200 $,2018-2026 (todo),2105,0.3838479809976247,0.6161520190023753,0.0,52.0,0.0836027713625866
A2 Tendencia + VWAP,riesgo 50 $,2022-2026 (fuera de muestra),1113,0.0,0.0,1.0,,0.3866877971473851
A2 Tendencia + VWAP,riesgo 50 $,2018-2026 (todo),2105,0.0,0.0,1.0,,0.3866877971473851
A2 Tendencia + VWAP,riesgo 100 $,2022-2026 (fuera de muestra),1113,0.0,0.0,1.0,,0.06973058637083994
A2 Tendencia + VWAP,riesgo 100 $,2018-2026 (todo),2105,0.0,0.10831353919239906,0.891686460807601,,0.06973058637083994
A2 Tendencia + VWAP,riesgo 150 $,2022-2026 (fuera de muestra),1113,0.019766397124887692,0.20125786163522014,0.7789757412398922,199.5,0.01901743264659271
A2 Tendencia + VWAP,riesgo 150 $,2018-2026 (todo),2105,0.010451306413301662,0.3149643705463183,0.6745843230403801,199.5,0.01901743264659271
A2 Tendencia + VWAP,riesgo 200 $,2022-2026 (fuera de muestra),1113,0.1518418688230009,0.6792452830188679,0.16891284815813118,172.0,0.003169572107765452
A2 Tendencia + VWAP,riesgo 200 $,2018-2026 (todo),2105,0.0821852731591449,0.5786223277909739,0.33919239904988124,170.0,0.003169572107765452
A3 Zona de ruido,1 MNQ fijos,2022-2026 (fuera de muestra),1113,0.31356693620844567,0.6145552560646901,0.07187780772686433,150.0,0.0
A3 Zona de ruido,1 MNQ fijos,2018-2026 (todo),2105,0.37624703087885986,0.32494061757719717,0.298812351543943,188.5,0.0
A3 Zona de ruido,2 MNQ fijos,2022-2026 (fuera de muestra),1113,0.4141958670260557,0.5795148247978437,0.006289308176100629,74.0,0.0
A3 Zona de ruido,2 MNQ fijos,2018-2026 (todo),2105,0.539667458432304,0.38527315914489313,0.07505938242280286,98.0,0.0
A3 Zona de ruido,3 MNQ fijos,2022-2026 (fuera de muestra),1113,0.29290206648697215,0.7070979335130279,0.0,44.5,0.0
A3 Zona de ruido,3 MNQ fijos,2018-2026 (todo),2105,0.35914489311163894,0.640855106888361,0.0,53.0,0.0
Control: ruido con dirección aleatoria (semilla 1),1 MNQ fijos,2022-2026 (fuera de muestra),1113,0.07906558849955077,0.8059299191374663,0.11500449236298294,101.0,0.0
Control: ruido con dirección aleatoria (semilla 1),1 MNQ fijos,2018-2026 (todo),2105,0.04180522565320665,0.8009501187648456,0.15724465558194775,101.0,0.0
Control: ruido con dirección aleatoria (semilla 1),2 MNQ fijos,2022-2026 (fuera de muestra),1113,0.05121293800539083,0.9487870619946092,0.0,24.0,0.0
Control: ruido con dirección aleatoria (semilla 1),2 MNQ fijos,2018-2026 (todo),2105,0.07790973871733967,0.9220902612826604,0.0,62.5,0.0
Control: ruido con dirección aleatoria (semilla 1),3 MNQ fijos,2022-2026 (fuera de muestra),1113,0.050314465408805034,0.949685534591195,0.0,22.0,0.0
Control: ruido con dirección aleatoria (semilla 1),3 MNQ fijos,2018-2026 (todo),2105,0.10308788598574822,0.8969121140142517,0.0,42.0,0.0
Control: ruido con dirección aleatoria (semilla 2),1 MNQ fijos,2022-2026 (fuera de muestra),1113,0.14285714285714285,0.6954177897574124,0.16172506738544473,102.0,0.0
Control: ruido con dirección aleatoria (semilla 2),1 MNQ fijos,2018-2026 (todo),2105,0.07838479809976247,0.4693586698337292,0.4522565320665083,105.0,0.0
Control: ruido con dirección aleatoria (semilla 2),2 MNQ fijos,2022-2026 (fuera de muestra),1113,0.16711590296495957,0.8328840970350404,0.0,45.0,0.0
Control: ruido con dirección aleatoria (semilla 2),2 MNQ fijos,2018-2026 (todo),2105,0.2308788598574822,0.7344418052256532,0.03467933491686461,66.5,0.0
Control: ruido con dirección aleatoria (semilla 2),3 MNQ fijos,2022-2026 (fuera de muestra),1113,0.20125786163522014,0.7987421383647799,0.0,29.0,0.0
Control: ruido con dirección aleatoria (semilla 2),3 MNQ fijos,2018-2026 (todo),2105,0.20760095011876484,0.7923990498812351,0.0,33.0,0.0
Control: ruido con dirección aleatoria (semilla 3),1 MNQ fijos,2022-2026 (fuera de muestra),1113,0.005390835579514825,0.9137466307277629,0.08086253369272237,31.5,0.0
Control: ruido con dirección aleatoria (semilla 3),1 MNQ fijos,2018-2026 (todo),2105,0.0028503562945368173,0.7458432304038005,0.2513064133016627,31.5,0.0
Control: ruido con dirección aleatoria (semilla 3),2 MNQ fijos,2022-2026 (fuera de muestra),1113,0.14375561545372867,0.8562443845462714,0.0,57.0,0.0
Control: ruido con dirección aleatoria (semilla 3),2 MNQ fijos,2018-2026 (todo),2105,0.11163895486935867,0.8845605700712589,0.003800475059382423,78.0,0.0
Control: ruido con dirección aleatoria (semilla 3),3 MNQ fijos,2022-2026 (fuera de muestra),1113,0.14555256064690028,0.8526504941599281,0.0017969451931716084,23.5,0.0
Control: ruido con dirección aleatoria (semilla 3),3 MNQ fijos,2018-2026 (todo),2105,0.15914489311163896,0.8399049881235154,0.0009501187648456057,31.0,0.0
