t_senal,t_entrada,t_salida,sesiones,ret_%,neto,r,motivo
2016-03-14 20:59:00+00:00,2016-03-14 22:00:00+00:00,2016-03-16 22:00:00+00:00,2,1.9725141471301437,243.99999999999878,1.768721225546729,rsi
2016-03-23 20:59:00+00:00,2016-03-23 22:00:00+00:00,2016-03-29 22:00:00+00:00,3,1.6465962152863463,201.00000000000426,1.3608337543954652,rsi
2016-04-14 20:59:00+00:00,2016-04-14 22:00:00+00:00,2016-04-19 22:00:00+00:00,3,1.8070818070818229,222.00000000000193,1.6627551119373372,rsi
2016-04-22 20:59:00+00:00,2016-04-24 22:00:00+00:00,2016-04-27 22:00:00+00:00,3,0.9882543539894497,121.99999999999758,0.953807457651706,rsi
2016-05-09 20:59:00+00:00,2016-05-09 22:00:00+00:00,2016-05-16 22:00:00+00:00,5,0.7033349138612072,88.99999999999716,0.6999218428557008,tiempo
2016-05-18 20:59:00+00:00,2016-05-18 22:00:00+00:00,2016-05-25 22:00:00+00:00,5,-2.8671273131601747,-360.9999999999976,-2.841489570089311,tiempo
2016-05-26 20:59:00+00:00,2016-05-26 22:00:00+00:00,2016-06-02 22:00:00+00:00,5,-0.6637712038023382,-80.99999999999933,-0.6955247419102845,tiempo
2016-06-21 20:59:00+00:00,2016-06-21 22:00:00+00:00,2016-06-26 22:00:00+00:00,3,3.9562686801950866,503.0000000000033,3.9416451326877593,rsi
2016-07-12 20:59:00+00:00,2016-07-12 22:00:00+00:00,2016-07-19 22:00:00+00:00,5,-0.17991004497751198,-24.0000000000001,-0.12699609004752913,tiempo
2016-07-20 20:59:00+00:00,2016-07-20 22:00:00+00:00,2016-07-27 22:00:00+00:00,5,1.7246619054854566,226.99999999999582,1.292464530867434,rsi
2016-08-05 20:59:00+00:00,2016-08-07 22:00:00+00:00,2016-08-10 22:00:00+00:00,3,0.8499850879808958,113.99999999999775,0.9034709896554951,rsi
2016-08-22 20:59:00+00:00,2016-08-22 22:00:00+00:00,2016-08-29 22:00:00+00:00,5,-1.2801428996724908,-171.99999999999585,-1.7195420441726046,tiempo
2016-08-30 20:59:00+00:00,2016-08-30 22:00:00+00:00,2016-09-04 22:00:00+00:00,3,0.9736061458887835,127.99999999999835,1.604474985822324,rsi
2016-09-09 20:59:00+00:00,2016-09-11 22:00:00+00:00,2016-09-18 22:00:00+00:00,5,-1.4564564564564457,-193.99999999999858,-2.1769024109434483,tiempo
2016-09-27 20:59:00+00:00,2016-09-27 22:00:00+00:00,2016-10-04 22:00:00+00:00,5,-4.52597549056462,-602.0000000000001,-6.3939439630378105,tiempo
2016-10-05 20:59:00+00:00,2016-10-05 22:00:00+00:00,2016-10-12 22:00:00+00:00,5,-1.0396156572418853,-132.00000000000216,-1.173576361270251,tiempo
2017-04-24 20:59:00+00:00,2017-04-24 22:00:00+00:00,2017-05-01 22:00:00+00:00,5,-1.6511464120823358,-211.0000000000017,-2.793004772184134,tiempo
2017-06-09 20:59:00+00:00,2017-06-11 22:00:00+00:00,2017-06-18 22:00:00+00:00,5,-1.1420020477277721,-144.99999999999523,-1.443389379655737,tiempo
2017-06-19 20:59:00+00:00,2017-06-19 22:00:00+00:00,2017-06-22 22:00:00+00:00,3,0.3934478882286746,48.99999999999913,0.6306350199525258,rsi
2017-06-30 20:59:00+00:00,2017-07-02 22:00:00+00:00,2017-07-09 22:00:00+00:00,5,-2.4321494724974,-302.00000000000216,-4.602323931238717,tiempo
2017-08-04 20:59:00+00:00,2017-08-06 22:00:00+00:00,2017-08-09 22:00:00+00:00,3,1.4474412718500724,183.00000000000466,3.067506318480212,rsi
2017-08-15 20:59:00+00:00,2017-08-15 22:00:00+00:00,2017-08-17 22:00:00+00:00,2,1.2765290938992548,162.99999999999585,2.2068629742263526,rsi
2017-09-11 20:59:00+00:00,2017-09-11 22:00:00+00:00,2017-09-18 22:00:00+00:00,5,-1.6370053315311432,-218.00000000000236,-2.2971781325344303,tiempo
2017-09-20 20:59:00+00:00,2017-09-20 22:00:00+00:00,2017-09-25 22:00:00+00:00,3,0.6744328632740978,88.00000000000428,0.9058631838744787,rsi
2017-09-27 20:59:00+00:00,2017-09-27 22:00:00+00:00,2017-10-04 22:00:00+00:00,5,-0.6380826394832906,-81.99999999999767,-0.7937542243837011,tiempo
2017-10-05 20:59:00+00:00,2017-10-05 22:00:00+00:00,2017-10-09 22:00:00+00:00,2,1.2277664095703107,156.0000000000037,1.8134681730474878,rsi
2017-10-17 20:59:00+00:00,2017-10-17 22:00:00+00:00,2017-10-24 22:00:00+00:00,5,-0.738208096977242,-95.00000000000126,-1.0892002959775406,tiempo
2017-10-26 20:59:00+00:00,2017-10-26 22:00:00+00:00,2017-11-02 22:00:00+00:00,5,0.7018927444794796,88.99999999999801,1.258337352080454,tiempo
2017-11-29 21:59:00+00:00,2017-11-29 23:00:00+00:00,2017-12-06 23:00:00+00:00,5,-1.441820590756744,-184.99999999999784,-2.2253556036871145,tiempo
2018-01-17 21:59:00+00:00,2018-01-17 23:00:00+00:00,2018-01-22 23:00:00+00:00,3,0.37667620913064304,50.000000000001556,0.7214835706400764,rsi
2018-01-30 21:58:00+00:00,2018-01-30 23:00:00+00:00,2018-02-01 23:00:00+00:00,2,1.0542056074766397,141.00000000000057,1.79139296628991,rsi
2018-02-07 21:59:00+00:00,2018-02-07 23:00:00+00:00,2018-02-13 23:00:00+00:00,4,0.8026046793367116,105.99999999999952,1.135779831819257,rsi
2018-02-20 21:59:00+00:00,2018-02-20 23:00:00+00:00,2018-02-27 23:00:00+00:00,5,-0.9690504807692077,-128.99999999999693,-1.2230062134721282,tiempo
2018-02-28 21:59:00+00:00,2018-02-28 23:00:00+00:00,2018-03-06 23:00:00+00:00,4,1.4856363222921185,195.9999999999992,1.9768016100519,rsi
2018-03-15 20:59:00+00:00,2018-03-15 22:00:00+00:00,2018-03-21 22:00:00+00:00,4,1.108748481166464,145.99999999999997,1.955309034887853,rsi
2018-03-28 20:55:00+00:00,2018-03-28 22:00:00+00:00,2018-04-02 22:00:00+00:00,2,1.540785498489449,204.00000000000304,2.063613236362862,rsi
2018-04-20 20:59:00+00:00,2018-04-22 22:00:00+00:00,2018-04-29 22:30:00+00:00,5,-0.950456518485264,-127.00000000000098,-1.189390277148085,tiempo
2019-01-18 21:59:00+00:00,2019-01-20 23:00:00+00:00,2019-01-27 23:00:00+00:00,5,1.6397282736003524,209.99999999999716,2.8286571573869677,rsi
2019-02-06 21:59:00+00:00,2019-02-06 23:00:00+00:00,2019-02-10 23:00:00+00:00,2,0.503470897856436,66.00000000000018,0.8934432355762749,rsi
2019-02-27 21:59:00+00:00,2019-02-27 23:00:00+00:00,2019-03-06 23:00:00+00:00,5,-2.648104713626373,-349.9999999999977,-5.017941399803486,tiempo
2019-03-07 21:59:00+00:00,2019-03-07 23:00:00+00:00,2019-03-10 22:00:00+00:00,1,0.8471283127380127,109.00000000000009,1.3703494773579954,rsi
2019-03-29 20:58:00+00:00,2019-03-31 22:00:00+00:00,2019-04-07 22:00:00+00:00,5,-0.15417823003394568,-20.000000000003435,-0.25438784885199556,tiempo
2019-04-12 20:59:00+00:00,2019-04-14 22:00:00+00:00,2019-04-22 22:00:00+00:00,5,-1.3601236476043495,-176.00000000000284,-2.46403040124812,tiempo
2019-04-23 20:59:00+00:00,2019-04-23 22:00:00+00:00,2019-04-25 22:00:00+00:00,2,0.3217200251098567,41.00000000000014,0.6211892151332452,rsi
2019-05-02 20:59:00+00:00,2019-05-02 22:00:00+00:00,2019-05-06 22:00:00+00:00,2,0.8021390374331518,101.9999999999996,1.6555099510389275,rsi
2019-05-16 20:59:00+00:00,2019-05-16 22:00:00+00:00,2019-05-23 22:00:00+00:00,5,-0.35736482287131366,-45.999999999995495,-0.7609714962694055,rsi
2019-07-01 20:59:00+00:00,2019-07-01 22:00:00+00:00,2019-07-02 22:00:00+00:00,1,2.7340932044438304,379.00000000000375,3.2134626566560907,rsi
2019-07-05 20:59:00+00:00,2019-07-07 22:00:00+00:00,2019-07-10 22:00:00+00:00,3,1.3918629550320865,194.9999999999953,1.323354756837253,rsi
2019-08-19 20:59:00+00:00,2019-08-19 22:00:00+00:00,2019-08-25 22:00:00+00:00,4,2.5559317533028354,385.0000000000061,2.3518702888149616,rsi
2019-08-30 20:59:00+00:00,2019-09-01 22:00:00+00:00,2019-09-03 22:00:00+00:00,2,1.3157894736841884,201.99999999999662,1.4406637496593897,rsi
2019-09-05 20:59:00+00:00,2019-09-05 22:00:00+00:00,2019-09-12 22:00:00+00:00,5,-1.291295228106969,-196.9999999999992,-1.3422310042502532,tiempo
2019-09-27 20:59:00+00:00,2019-09-29 22:00:00+00:00,2019-10-02 22:00:00+00:00,3,0.2197509489245655,33.000000000002004,0.24062469243159648,rsi
2019-10-11 20:59:00+00:00,2019-10-13 22:00:00+00:00,2019-10-20 22:00:00+00:00,5,0.20107238605894365,29.999999999994394,0.23922354100933604,tiempo
2019-10-21 20:59:00+00:00,2019-10-21 22:00:00+00:00,2019-10-23 22:00:00+00:00,2,0.4705882352941301,70.00000000000185,0.5918414998665047,rsi
2019-10-29 20:59:00+00:00,2019-10-29 22:00:00+00:00,2019-10-31 22:00:00+00:00,2,1.6101979201610057,239.9999999999979,2.6865865407173977,rsi
2019-11-05 21:59:00+00:00,2019-11-05 23:00:00+00:00,2019-11-12 23:00:00+00:00,5,-1.913359832917835,-283.99999999999426,-2.87631366382916,tiempo
2019-11-21 21:59:00+00:00,2019-11-21 23:00:00+00:00,2019-11-28 23:01:00+00:00,5,-0.6760909649662252,-99.00000000000436,-0.9697975087819298,tiempo
2019-12-06 21:59:00+00:00,2019-12-08 23:00:00+00:00,2019-12-11 23:00:00+00:00,3,0.9903695102793606,145.0000000000012,1.9046134084280417,rsi
2020-02-04 21:59:00+00:00,2020-02-04 23:00:00+00:00,2020-02-09 23:00:00+00:00,3,1.227427543217024,191.0000000000011,1.7081157103830424,rsi
2020-02-28 21:59:00+00:00,2020-03-01 23:00:00+00:00,2020-03-03 23:00:00+00:00,2,2.9319437468608345,466.99999999999375,2.53951015156112,rsi
2020-03-11 20:59:00+00:00,2020-03-11 22:00:00+00:00,2020-03-18 22:00:00+00:00,5,-8.970669279284781,-1464.9999999999977,-6.194418791547035,tiempo
2020-04-17 20:59:00+00:00,2020-04-19 22:00:00+00:00,2020-04-22 22:00:00+00:00,3,2.5339633786178455,429.00000000000125,1.04278804774566,rsi
2020-04-30 20:59:00+00:00,2020-04-30 22:00:00+00:00,2020-05-07 22:00:00+00:00,5,1.9545320342486054,331.00000000000136,1.1838226669352283,rsi
2020-05-26 20:59:00+00:00,2020-05-26 22:00:00+00:00,2020-05-31 22:00:00+00:00,3,2.7068287240913995,461.00000000000625,2.3631864864963092,rsi
2020-06-03 20:59:00+00:00,2020-06-03 22:00:00+00:00,2020-06-09 22:00:00+00:00,4,0.9102654451491652,154.99999999999983,0.8151981720182987,rsi
2020-07-16 20:59:00+00:00,2020-07-16 22:00:00+00:00,2020-07-20 22:00:00+00:00,2,1.2298959318826772,220.99999999999827,2.0911808411689843,rsi
2020-08-11 20:59:00+00:00,2020-08-11 22:00:00+00:00,2020-08-17 22:00:00+00:00,4,3.7156536219816685,713.9999999999974,2.2016658341593214,rsi
2020-09-02 20:59:00+00:00,2020-09-02 22:00:00+00:00,2020-09-09 22:00:00+00:00,5,0.29760377648928266,57.9999999999963,0.156557051149542,rsi
2020-09-21 20:59:00+00:00,2020-09-21 22:00:00+00:00,2020-09-28 22:00:00+00:00,5,-1.6839580835201269,-322.99999999999557,-1.8164582987718647,tiempo
2020-10-28 20:59:00+00:00,2020-10-28 22:00:00+00:00,2020-11-02 23:00:00+00:00,3,0.9747003994673695,182.9999999999986,0.9718101468675465,rsi
2020-11-09 21:59:00+00:00,2020-11-09 23:00:00+00:00,2020-11-15 23:00:00+00:00,4,1.1748296765194899,218.9999999999981,0.8320705856497107,rsi
2020-11-18 21:59:00+00:00,2020-11-18 23:00:00+00:00,2020-11-25 23:00:00+00:00,5,-3.5523504273504702,-665.0000000000081,-2.595561607379209,tiempo
2020-12-14 21:59:00+00:00,2020-12-14 23:00:00+00:00,2020-12-15 23:00:00+00:00,1,1.4531548757170207,266.0000000000006,1.4329212255633128,rsi
2020-12-22 21:59:00+00:00,2020-12-22 23:00:00+00:00,2020-12-27 23:00:00+00:00,2,1.1149228130360123,207.99999999999844,1.1506191739770346,rsi
2021-06-03 20:59:00+00:00,2021-06-03 22:00:00+00:00,2021-06-10 22:00:00+00:00,5,1.5272067068937947,286.0000000000009,2.043762143902193,rsi
2021-06-14 20:59:00+00:00,2021-06-14 22:00:00+00:00,2021-06-21 22:00:00+00:00,5,-4.561516222293601,-851.999999999999,-6.443566601730152,tiempo
2021-11-19 21:59:00+00:00,2021-11-21 23:00:00+00:00,2021-11-28 23:00:00+00:00,5,-3.094735703078489,-571.9999999999972,-4.042464838938404,tiempo
2022-01-26 21:59:00+00:00,2022-01-26 23:00:00+00:00,2022-02-02 23:00:00+00:00,5,-0.820340184266461,-149.21987951806926,-1.0299637443860175,rsi
2022-02-25 21:59:00+00:00,2022-02-27 23:00:00+00:00,2022-02-28 23:00:00+00:00,1,-0.6871421134825542,-131.99999999999866,-1.0069598197956415,rsi
2022-03-14 20:59:00+00:00,2022-03-14 22:00:00+00:00,2022-03-21 22:00:00+00:00,5,-0.9315657470440519,-181.99999999999645,-0.6674711904842585,tiempo
2022-03-28 20:59:00+00:00,2022-03-28 22:00:00+00:00,2022-03-31 22:00:00+00:00,3,1.0091552226383862,194.00000000000335,0.6729729106390118,rsi
2022-04-19 20:59:00+00:00,2022-04-19 22:00:00+00:00,2022-04-26 22:00:00+00:00,5,-2.3505914887079187,-458.9999999999953,-3.0219599912462325,tiempo
2022-04-27 20:59:00+00:00,2022-04-27 22:00:00+00:00,2022-05-04 22:00:00+00:00,5,-0.17489930040277557,-32.999999999995694,-0.22675316611972687,tiempo
2022-05-09 20:59:00+00:00,2022-05-09 22:00:00+00:00,2022-05-16 22:00:00+00:00,5,-1.6505744646421066,-306.0000000000001,-1.910872555991425,tiempo
2023-01-30 21:45:00+00:00,2023-01-30 23:00:00+00:00,2023-02-01 23:00:00+00:00,2,2.262090483619356,435.00000000000216,2.9329539075517754,rsi
2023-02-03 21:59:00+00:00,2023-02-05 23:00:00+00:00,2023-02-12 23:00:00+00:00,5,-0.10117145899894166,-19.000000000001243,-0.09576697594751298,tiempo
2023-02-13 21:59:00+00:00,2023-02-13 23:00:00+00:00,2023-02-20 23:00:00+00:00,5,-0.7456681508502595,-138.99999999999687,-0.7428930997561862,tiempo
2023-02-21 21:59:00+00:00,2023-02-21 23:00:00+00:00,2023-02-28 23:00:00+00:00,5,-0.558659217877083,-102.99999999999778,-0.5915980834162488,rsi
2023-03-07 21:59:00+00:00,2023-03-07 23:00:00+00:00,2023-03-12 22:00:00+00:00,3,3.217821782178191,584.9999999999951,4.912119856403681,rsi
2023-04-10 20:59:00+00:00,2023-04-10 22:00:00+00:00,2023-04-12 22:00:00+00:00,2,1.0911808669655905,218.99999999999397,0.8130361052484222,rsi
2023-04-21 20:59:00+00:00,2023-04-23 22:00:00+00:00,2023-04-30 22:00:00+00:00,5,0.3815261044176269,75.99999999999129,0.41196177533555334,tiempo
2023-05-01 20:59:00+00:00,2023-05-01 22:00:00+00:00,2023-05-02 22:00:00+00:00,1,1.773423762873639,352.99999999999784,2.1199114150476666,rsi
2023-05-11 20:59:00+00:00,2023-05-11 22:00:00+00:00,2023-05-18 22:00:00+00:00,5,-2.9992576095026156,-606.0000000000035,-3.452184909897867,tiempo
2023-05-24 20:59:00+00:00,2023-05-24 22:00:00+00:00,2023-05-30 22:23:00+00:00,4,-0.09186016841029954,-17.999999999998195,-0.10621860148527847,rsi
2023-06-07 20:59:00+00:00,2023-06-07 22:00:00+00:00,2023-06-14 22:00:00+00:00,5,-0.05623146917489619,-10.999999999993193,-0.06439590042916785,tiempo
2023-06-20 20:59:00+00:00,2023-06-20 22:00:00+00:00,2023-06-27 22:00:00+00:00,5,-1.3090349075975385,-255.0000000000005,-1.5785054463769792,tiempo
2023-06-28 20:59:00+00:00,2023-06-28 22:00:00+00:00,2023-07-02 22:00:00+00:00,2,0.5583094182102942,107.00000000000288,0.7047215796743204,rsi
2023-07-06 20:59:00+00:00,2023-07-06 22:00:00+00:00,2023-07-09 22:00:00+00:00,1,0.7043723259939806,135.0000000000063,1.5692027629362357,rsi
2023-07-21 20:59:00+00:00,2023-07-23 22:00:00+00:00,2023-07-26 22:00:00+00:00,3,0.4634345080464422,90.9999999999994,0.875998464379408,rsi
2023-07-27 20:59:00+00:00,2023-07-27 22:00:00+00:00,2023-07-31 22:00:00+00:00,2,2.9863788229247086,581.000000000002,4.795712790000218,rsi
2023-08-08 20:59:00+00:00,2023-08-08 22:00:00+00:00,2023-08-15 22:00:00+00:00,5,-1.367835451436743,-268.000000000001,-1.6029679600725908,tiempo
2023-08-16 20:59:00+00:00,2023-08-16 22:00:00+00:00,2023-08-22 22:00:00+00:00,4,0.19766957969205587,38.00000000000082,0.25816710367150714,rsi
2023-09-05 20:59:00+00:00,2023-09-05 22:00:00+00:00,2023-09-12 22:00:00+00:00,5,-0.8660005124263194,-168.99999999999622,-2.0483733638307164,tiempo
2023-09-21 20:59:00+00:00,2023-09-21 22:00:00+00:00,2023-09-28 22:00:00+00:00,5,-2.985151577644853,-578.9999999999957,-7.4289820166468425,tiempo
2023-11-07 21:59:00+00:00,2023-11-07 23:00:00+00:00,2023-11-14 23:00:00+00:00,5,-0.4556269933681005,-90.00000000000088,-0.46657941844084366,rsi
2023-12-08 21:59:00+00:00,2023-12-10 23:00:00+00:00,2023-12-13 23:00:00+00:00,3,1.11881188118812,226.00000000000023,1.2861699104354345,rsi
2024-01-03 21:59:00+00:00,2024-01-03 23:00:00+00:00,2024-01-10 23:00:00+00:00,5,-1.0003415800517395,-205.00000000000296,-1.2047823359529188,tiempo
2024-01-17 21:59:00+00:00,2024-01-17 23:00:00+00:00,2024-01-24 23:00:00+00:00,5,0.25384500522621,50.999999999997854,0.38931096233021456,tiempo
2024-02-09 21:59:00+00:00,2024-02-11 23:00:00+00:00,2024-02-18 23:00:00+00:00,5,-0.544598174860183,-111.0000000000025,-0.8012129044318124,rsi
2024-04-22 20:59:00+00:00,2024-04-22 22:00:00+00:00,2024-04-29 22:00:00+00:00,5,0.17504162575250076,41.00000000000826,0.14267457677819606,tiempo
2024-04-30 20:59:00+00:00,2024-04-30 22:00:00+00:00,2024-05-06 22:00:00+00:00,4,1.566443303454914,360.00000000000836,1.3310859998070272,rsi
2024-05-22 20:59:00+00:00,2024-05-22 22:00:00+00:00,2024-05-29 22:00:00+00:00,5,-1.9597146454049346,-466.9999999999959,-1.8585654595808214,tiempo
2024-06-07 20:59:00+00:00,2024-06-09 22:00:00+00:00,2024-06-16 22:00:00+00:00,5,1.596711380354802,368.99999999999477,1.2156381635956073,rsi
2024-06-26 20:59:00+00:00,2024-06-26 22:00:00+00:00,2024-07-01 22:00:00+00:00,3,1.3683207759591114,315.9999999999972,1.1608041131308426,rsi
2024-07-19 20:59:00+00:00,2024-07-21 22:00:00+00:00,2024-07-28 22:00:00+00:00,5,-0.7238840121479485,-174.0000000000024,-0.7161851937690872,tiempo
2024-08-06 20:59:00+00:00,2024-08-06 22:00:00+00:00,2024-08-08 22:00:00+00:00,2,1.401792320973447,341.00000000000074,1.102980500838834,rsi
2024-08-22 20:59:00+00:00,2024-08-22 22:00:00+00:00,2024-08-26 22:00:00+00:00,2,1.2732537384475127,321.0000000000024,1.0470184633361228,rsi
2024-09-03 20:59:00+00:00,2024-09-03 22:00:00+00:00,2024-09-05 22:00:00+00:00,2,0.8674641527370845,219.00000000000435,0.9657624194238235,rsi
2024-09-30 20:59:00+00:00,2024-09-30 22:00:00+00:00,2024-10-07 22:00:00+00:00,5,0.22966002786041165,61.00000000000394,0.308941384507859,tiempo
2024-10-08 20:59:00+00:00,2024-10-08 22:00:00+00:00,2024-10-13 22:00:00+00:00,3,1.204226152156631,318.0000000000016,1.5574023964908597,rsi
2024-11-04 21:59:00+00:00,2024-11-04 23:00:00+00:00,2024-11-11 23:00:00+00:00,5,-4.402767662053883,-1208.9999999999961,-5.582524259242407,tiempo
2024-11-12 21:59:00+00:00,2024-11-12 23:00:00+00:00,2024-11-18 23:00:00+00:00,4,0.42231351019313185,110.00000000000506,0.34228765580271925,rsi
2024-12-13 21:59:00+00:00,2024-12-15 23:00:00+00:00,2024-12-22 23:00:00+00:00,5,-1.105697151424271,-294.9999999999955,-0.8634824965596152,tiempo
2025-02-27 21:59:00+00:00,2025-02-27 23:00:00+00:00,2025-03-04 23:00:00+00:00,3,1.363793700242323,394.00000000000716,1.4384737046383789,rsi
2025-03-10 20:59:00+00:00,2025-03-10 22:00:00+00:00,2025-03-12 22:00:00+00:00,2,1.7109083367897207,495.00000000000193,1.840783116551944,rsi
2025-03-24 20:59:00+00:00,2025-03-24 22:00:00+00:00,2025-03-27 22:00:00+00:00,3,1.7100248550124275,516.0,1.891001632269237,rsi
2025-04-04 20:59:00+00:00,2025-04-06 22:00:00+00:00,2025-04-09 22:00:00+00:00,3,1.4205754312461147,434.0000000000005,1.2826508147997213,rsi
2025-04-30 20:59:00+00:00,2025-04-30 22:00:00+00:00,2025-05-05 22:00:00+00:00,3,1.3973931494392124,460.9999999999962,0.7104106428210425,rsi
2025-05-12 20:59:00+00:00,2025-05-12 22:00:00+00:00,2025-05-19 22:00:00+00:00,5,-0.25611750547723233,-83.00000000000668,-0.1333576461313823,tiempo
2025-06-06 20:59:00+00:00,2025-06-08 22:00:00+00:00,2025-06-11 22:00:00+00:00,3,1.3049739005219712,434.99999999999386,0.8944967934961122,rsi
2025-06-24 20:59:00+00:00,2025-06-24 22:00:00+00:00,2025-07-01 22:00:00+00:00,5,0.3385159222311874,112.99999999999267,0.3287836243896581,rsi
2025-07-08 20:59:00+00:00,2025-07-08 22:00:00+00:00,2025-07-13 22:00:00+00:00,3,1.9724521234821535,653.0000000000017,2.2329223896933588,rsi
2025-07-25 20:59:00+00:00,2025-07-27 22:00:00+00:00,2025-08-03 22:00:00+00:00,5,2.857486977206334,948.9999999999955,3.320045948336835,rsi
2025-08-11 20:59:00+00:00,2025-08-11 22:00:00+00:00,2025-08-18 22:00:00+00:00,5,-0.46852899575672924,-159.00000000000364,-0.39081902635697935,tiempo
2025-08-19 20:59:00+00:00,2025-08-19 22:00:00+00:00,2025-08-20 22:00:00+00:00,1,0.9705269425424166,325.9999999999977,0.8759075362443538,rsi
2025-09-18 20:59:00+00:00,2025-09-18 22:00:00+00:00,2025-09-21 22:00:00+00:00,1,1.1692090165049063,430.0000000000093,1.7456939019199065,rsi
2025-10-27 20:59:00+00:00,2025-10-27 22:00:00+00:00,2025-10-30 22:00:00+00:00,3,0.9425235630890727,376.9999999999982,0.47225590471238227,rsi
2025-11-04 21:59:00+00:00,2025-11-04 23:00:00+00:00,2025-11-09 23:00:00+00:00,3,1.7032618352582747,670.9999999999974,0.8198971824352967,rsi
2025-11-17 21:59:00+00:00,2025-11-17 23:00:00+00:00,2025-11-24 23:00:00+00:00,5,2.157899940676283,872.999999999997,1.1523154070889812,rsi
2025-12-08 21:59:00+00:00,2025-12-08 23:00:00+00:00,2025-12-09 23:00:00+00:00,1,0.4099914683856061,172.99999999999034,0.4424768858939253,rsi
2025-12-29 21:59:00+00:00,2025-12-29 23:00:00+00:00,2026-01-05 23:00:00+00:00,4,2.503275636163034,1089.0000000000048,1.8843304049207268,rsi
2026-01-30 21:59:00+00:00,2026-02-01 23:00:00+00:00,2026-02-08 23:00:00+00:00,5,3.882890365448503,1869.999999999999,1.506909061365926,tiempo
2026-02-17 21:59:00+00:00,2026-02-17 23:00:00+00:00,2026-02-22 23:00:00+00:00,3,4.689190568541444,2297.0000000000264,1.345518510472492,rsi
2026-03-03 21:59:00+00:00,2026-03-03 23:00:00+00:00,2026-03-10 22:00:00+00:00,5,1.6320939334638118,834.000000000008,0.7118864250218366,rsi
2026-03-12 20:59:00+00:00,2026-03-12 22:00:00+00:00,2026-03-19 22:00:00+00:00,5,-8.471675845790715,-4306.999999999999,-4.618020466108718,tiempo
2026-03-20 20:59:00+00:00,2026-03-22 22:00:00+00:00,2026-03-29 22:00:00+00:00,5,0.7235955056179588,321.9999999999917,0.36650344844772587,tiempo
2026-04-21 20:59:00+00:00,2026-04-21 22:00:00+00:00,2026-04-28 22:00:00+00:00,5,-2.6990524827484283,-1278.9999999999977,-1.7069530387307978,tiempo
2026-04-29 20:59:00+00:00,2026-04-29 22:00:00+00:00,2026-05-06 22:00:00+00:00,5,3.173140223831467,1445.9999999999998,2.7263420663021662,rsi
2026-05-14 20:59:00+00:00,2026-05-14 22:00:00+00:00,2026-05-21 22:00:00+00:00,5,-2.3826404554731937,-1108.999999999998,-1.9096038677571032,tiempo
2026-06-03 20:59:00+00:00,2026-06-03 22:00:00+00:00,2026-06-10 22:00:00+00:00,5,-8.26424057724197,-3688.000000000002,-7.246110409188665,tiempo
