variante,periodo,trades,win_rate_%,avg_win,avg_loss,avg_rr,expectancy_usd,expectancy_R,expectancy_R_gross,t_R,profit_factor,gross_profit,gross_loss,gross_pnl,costs,net_pnl,max_dd,max_dd_%,sharpe,sortino,calmar,avg_trade,median_trade,largest_win,largest_loss,max_consec_wins,max_consec_losses,avg_duration_min,trades_per_day,return_per_month_usd,months_positive_%,longs,shorts
modelo A / state,train,4607,27.6,158.6,-68.0,2.33,-5.46,-0.0271,0.0467,-1.64,0.889,201759.0,-226903.0,21439.0,46583.0,-25144.0,-29074.0,-58.0,-0.73,-1.17,-0.16,-5.46,-36.7,1689.0,-269.0,5,33,87.4,2.63,-296.0,45.9,2394,2213
modelo A / state,validation,1679,28.8,279.4,-104.4,2.68,6.28,0.0308,0.0525,1.1,1.084,135243.0,-124707.0,18517.0,7981.0,10536.0,-4164.0,-7.7,0.75,1.32,1.11,6.28,-54.4,3333.0,-309.0,5,16,87.6,2.87,363.0,51.7,860,819
modelo A / breakout,train,3348,25.2,152.8,-62.3,2.45,-7.99,-0.0505,0.0233,-2.97,0.828,129127.0,-155874.0,8221.0,34968.0,-26747.0,-29388.0,-58.16,-1.1,-1.71,-0.18,-7.99,-36.0,1689.0,-265.0,6,20,88.6,1.91,-315.0,31.8,1686,1662
modelo A / breakout,validation,1280,28.0,263.4,-91.3,2.88,8.16,0.0368,0.0578,1.21,1.124,94550.0,-84110.0,16150.0,5711.0,10440.0,-4196.0,-8.03,0.85,1.6,1.06,8.16,-51.3,3333.0,-309.0,7,17,89.1,2.19,360.0,51.7,650,630
modelo A / pullback,train,2870,29.3,149.3,-74.8,2.0,-9.11,-0.0515,0.0234,-2.52,0.828,125580.0,-151729.0,3154.0,29303.0,-26149.0,-28614.0,-57.23,-1.03,-1.6,-0.18,-9.11,-41.2,1329.0,-273.0,6,19,105.6,1.64,-308.0,40.0,1484,1386
modelo A / pullback,validation,1048,31.3,255.0,-110.8,2.3,3.72,0.018,0.039,0.53,1.049,83653.0,-79753.0,8536.0,4636.0,3900.0,-6493.0,-11.05,0.4,0.71,0.3,3.72,-63.55,2363.0,-282.0,6,17,107.7,1.79,134.0,48.3,539,509
modelo B / state,train,3286,29.3,200.0,-88.4,2.26,-3.94,-0.0161,0.0532,-0.88,0.937,192380.0,-205336.0,27763.0,40719.0,-12956.0,-17760.0,-35.17,-0.38,-0.61,-0.12,-3.94,-46.2,1264.0,-276.0,7,17,97.2,1.87,-152.0,45.9,2179,1107
modelo B / state,validation,1110,32.4,264.2,-113.6,2.33,8.96,0.0488,0.0703,1.51,1.117,95120.0,-85173.0,15349.0,5403.0,9946.0,-4036.0,-6.4,0.9,1.57,1.27,8.96,-49.45,1873.0,-318.0,5,16,95.3,1.9,343.0,58.6,614,496
modelo B / breakout,train,2201,26.5,176.4,-75.6,2.33,-8.74,-0.043,0.0268,-2.26,0.843,103034.0,-122276.0,8344.0,27586.0,-19242.0,-19880.0,-39.45,-0.98,-1.53,-0.17,-8.74,-42.8,1052.0,-288.0,5,16,90.7,1.25,-226.0,40.0,1510,691
modelo B / breakout,validation,751,31.4,227.3,-93.7,2.43,7.2,0.0347,0.0559,1.02,1.112,53642.0,-48235.0,8817.0,3410.0,5407.0,-3746.0,-6.38,0.71,1.23,0.71,7.2,-44.2,899.0,-299.0,4,13,90.9,1.28,186.0,58.6,419,332
modelo B / pullback,train,1706,31.4,188.0,-97.2,1.93,-7.75,-0.0314,0.0391,-1.25,0.884,100557.0,-113781.0,7757.0,20982.0,-13224.0,-17789.0,-35.58,-0.57,-0.94,-0.12,-7.75,-56.05,970.0,-275.0,6,28,112.2,0.97,-156.0,38.8,1143,563
modelo B / pullback,validation,566,34.1,246.3,-112.8,2.18,9.66,0.0478,0.0694,1.06,1.13,47534.0,-42064.0,8043.0,2573.0,5470.0,-3154.0,-5.53,0.71,1.3,0.83,9.66,-56.25,1873.0,-281.0,5,16,111.3,0.97,189.0,65.5,313,253
modelo C / state,train,2841,29.4,167.9,-79.5,2.11,-6.81,-0.0321,0.0397,-1.72,0.879,140170.0,-159506.0,15035.0,34371.0,-19336.0,-21362.0,-42.72,-0.75,-1.21,-0.16,-6.81,-40.7,1118.0,-273.0,8,18,94.3,1.62,-227.0,38.8,2013,828
modelo C / state,validation,961,31.6,244.6,-106.0,2.31,4.94,0.0343,0.0561,1.05,1.068,74373.0,-69627.0,9328.0,4582.0,4746.0,-5426.0,-9.07,0.52,0.9,0.44,4.94,-47.1,1194.0,-303.0,5,13,91.0,1.64,164.0,51.7,551,410
modelo C / breakout,train,1939,26.3,154.1,-70.2,2.19,-11.24,-0.0594,0.0135,-3.04,0.783,78576.0,-100362.0,1791.0,23576.0,-21786.0,-22651.0,-44.98,-1.28,-1.94,-0.18,-11.24,-38.8,966.0,-288.0,5,17,89.2,1.11,-256.0,32.9,1394,545
modelo C / breakout,validation,664,31.2,234.0,-92.9,2.52,9.03,0.0474,0.0689,1.29,1.141,48446.0,-42450.0,9050.0,3054.0,5996.0,-3589.0,-6.06,0.81,1.43,0.82,9.03,-43.2,899.0,-299.0,4,12,90.6,1.14,207.0,65.5,381,283
modelo C / pullback,train,1452,31.0,172.8,-94.5,1.83,-11.63,-0.0507,0.022,-1.91,0.822,77764.0,-94650.0,1187.0,18074.0,-16886.0,-18599.0,-37.2,-0.9,-1.45,-0.15,-11.63,-53.55,954.0,-275.0,6,36,108.9,0.83,-199.0,40.0,1029,423
modelo C / pullback,validation,477,33.3,227.6,-109.3,2.08,2.95,0.0063,0.0282,0.14,1.041,36181.0,-34772.0,3553.0,2144.0,1409.0,-3460.0,-6.32,0.24,0.42,0.19,2.95,-58.7,920.0,-272.0,5,13,106.8,0.82,49.0,58.6,276,201
modelo D / state,train,2516,30.5,169.0,-84.9,1.99,-7.39,-0.0344,0.0373,-1.72,0.875,129803.0,-148385.0,12079.0,30661.0,-18582.0,-19983.0,-39.97,-0.75,-1.2,-0.16,-7.39,-42.4,998.0,-273.0,6,19,99.3,1.43,-219.0,38.8,1797,719
modelo D / state,validation,854,31.7,248.5,-112.3,2.21,2.23,0.0135,0.0353,0.38,1.029,67346.0,-65445.0,5903.0,4001.0,1901.0,-7337.0,-12.53,0.24,0.41,0.13,2.23,-52.2,1194.0,-289.0,5,15,94.3,1.46,66.0,41.4,480,374
modelo D / breakout,train,1494,25.9,149.8,-71.8,2.08,-14.43,-0.0785,-0.0058,-3.67,0.729,57955.0,-79520.0,-3321.0,18244.0,-21565.0,-22702.0,-44.84,-1.51,-2.19,-0.17,-14.43,-40.2,764.0,-288.0,4,18,88.1,0.85,-254.0,36.5,1087,407
modelo D / breakout,validation,520,30.2,223.8,-92.5,2.42,3.02,0.0138,0.0352,0.34,1.047,35143.0,-33574.0,3821.0,2252.0,1570.0,-3229.0,-5.97,0.27,0.46,0.22,3.02,-44.3,899.0,-265.0,4,22,87.2,0.89,54.0,51.7,287,233
modelo D / pullback,train,1309,32.6,173.1,-100.4,1.72,-11.18,-0.047,0.0267,-1.66,0.835,73915.0,-88551.0,2153.0,16789.0,-14636.0,-17476.0,-34.95,-0.78,-1.25,-0.14,-11.18,-57.4,954.0,-275.0,5,26,112.8,0.75,-172.0,41.2,939,370
modelo D / pullback,validation,433,33.7,229.7,-116.4,1.97,0.34,-0.0053,0.0166,-0.11,1.004,33542.0,-33396.0,2101.0,1955.0,147.0,-4346.0,-7.99,0.05,0.08,0.02,0.34,-60.7,920.0,-272.0,4,13,109.4,0.74,5.0,51.7,251,182
